{"type": "FeatureCollection", "features": [{"type": "Feature", "properties": {"entity_id": "cf-pays-centrafrique-v1", "name_fr": "République centrafricaine"}, "geometry": {"type": "Polygon", "coordinates": [[[16.58811986300003, 3.441395021], [16.589853211000047, 3.449830019], [16.591586590000077, 3.458265012000084], [16.59332000000012, 3.4667], [16.594929991000186, 3.471990002000041], [16.596540000000118, 3.47728], [16.5992624700001, 3.481516818000159], [16.600674972000093, 3.48371501000014], [16.604801495, 3.490136764000169], [16.6048100000001, 3.49015], [16.607679989000133, 3.493710005000139], [16.610546044000046, 3.497265093000124], [16.61055, 3.49727], [16.64749, 3.52919], [16.655169965000027, 3.533435032000114], [16.662850000000162, 3.53768], [16.66743499000006, 3.539745011000036], [16.67202, 3.541810000000112], [16.679924997000114, 3.542135034000182], [16.68783, 3.54246], [16.696233300000074, 3.5442867430001], [16.70463663400011, 3.546113410000032], [16.71304000000015, 3.547940000000153], [16.719569996000075, 3.548505023000075], [16.726100000000145, 3.54907], [16.73244330099999, 3.55143337700008], [16.738786634, 3.553796711000075], [16.74513000000013, 3.55616], [16.75174, 3.556800000000123], [16.75453, 3.55707], [16.758990005000044, 3.556025011000031], [16.76345, 3.554980000000171], [16.76894501600009, 3.552325016000054], [16.77444, 3.549670000000106], [16.781310017000067, 3.548503385000117], [16.78818001700006, 3.547336718000167], [16.795050000000174, 3.54617], [16.80261, 3.543390000000102], [16.807122579000122, 3.537917534000087], [16.811635105999983, 3.532445044999974], [16.816147579000074, 3.526972534000095], [16.820660000000146, 3.5215], [16.827075004000108, 3.520910022000123], [16.833490000000154, 3.52032000000014], [16.839593375, 3.517086707000033], [16.84569670899998, 3.513853374000121], [16.8518, 3.510620000000131], [16.86073000000016, 3.511520000000132], [16.86197, 3.51305], [16.873360000000105, 3.52714], [16.8743, 3.536340000000109], [16.871910016000072, 3.542675004000102], [16.86952, 3.54901], [16.86975, 3.553380000000118], [16.87365000000011, 3.55751], [16.878470000000164, 3.559570000000178], [16.883740003000185, 3.558985015000189], [16.88901, 3.558400000000177], [16.89255501200006, 3.555170007000186], [16.896100000000104, 3.551940000000172], [16.910070000000132, 3.550070000000176], [16.932750000000112, 3.55209], [16.944520000000182, 3.55736], [16.946050000000128, 3.55805], [16.951664994, 3.558960017000061], [16.95728, 3.559870000000103], [16.96071, 3.55825], [16.965813398000023, 3.552330029000018], [16.970916732000035, 3.546410029000128], [16.97602, 3.540490000000148], [16.98175, 3.5391], [16.98771, 3.540930000000117], [16.99069, 3.543910000000153], [16.9978, 3.546890000000133], [17.00444, 3.54664], [17.009240000000148, 3.53904], [17.010030004000157, 3.534090001000038], [17.010820000000137, 3.52914], [17.02957, 3.51368], [17.0353, 3.51343], [17.03896, 3.51504], [17.04036000000019, 3.51662], [17.052520000000186, 3.53042], [17.054366643000094, 3.536323338000159], [17.056213310000032, 3.542226671000037], [17.05806, 3.54813], [17.065163309000127, 3.549723388000075], [17.07226664200016, 3.551316722000138], [17.07937, 3.552910000000168], [17.08563996500004, 3.555503376000161], [17.091909965000127, 3.558096710000143], [17.098180000000127, 3.560690000000136], [17.105735006000145, 3.55998503100011], [17.113290000000177, 3.559280000000172], [17.13209000000012, 3.56544], [17.137499985000034, 3.568060016000061], [17.14291, 3.570680000000152], [17.14723000000015, 3.57277], [17.15365, 3.57368], [17.15709, 3.575100000000134], [17.1634600000001, 3.572550000000149], [17.16782501700004, 3.568950011000084], [17.172190000000114, 3.56535], [17.17677, 3.56557], [17.184259964000148, 3.567773395000074], [17.19174996400011, 3.569976728000029], [17.19924, 3.572180000000117], [17.207336650000116, 3.57315673800008], [17.215433315999974, 3.574133405000168], [17.22353, 3.57511], [17.23934, 3.57921], [17.24829, 3.58333], [17.24945, 3.58862], [17.248555008000096, 3.597025001000077], [17.24766000000011, 3.605430000000183], [17.252480000000162, 3.61071], [17.25799, 3.614610000000141], [17.26615588900006, 3.617718148000108], [17.274321833000158, 3.620826222000062], [17.28248783300012, 3.623934222000173], [17.290653889000055, 3.6270421480001], [17.29882, 3.63015], [17.30454, 3.62898], [17.310140030000184, 3.624135018000061], [17.31574, 3.619290000000149], [17.34870000000012, 3.60493], [17.35465, 3.604460000000188], [17.36267000000015, 3.606960000000129], [17.36589, 3.61018], [17.36707153100008, 3.612459189000106], [17.367190283000127, 3.612688263000052], [17.369130000000155, 3.61643], [17.372903879000035, 3.62372803400018], [17.376677818000076, 3.631026051000106], [17.38045181800004, 3.638324050999984], [17.384225879000155, 3.645622034000155], [17.388, 3.65292], [17.39110498499997, 3.657285006000052], [17.394210000000157, 3.66165], [17.39971997600003, 3.665550017000101], [17.40523000000013, 3.66945], [17.41238593000014, 3.671638115000064], [17.419541895000066, 3.673826173000066], [17.42669789500013, 3.676014173000112], [17.433853930000055, 3.678202115000147], [17.44101000000012, 3.68039], [17.446064962000037, 3.687050015000182], [17.451120000000117, 3.693710000000124], [17.45719, 3.696800000000167], [17.461910000000103, 3.699200000000133], [17.467984987000136, 3.701140021000185], [17.474060000000122, 3.70308000000017], [17.482880005000084, 3.70259504400002], [17.4917, 3.70211], [17.49913504200009, 3.697025032000113], [17.506570000000124, 3.69194], [17.51550335200011, 3.690993423000123], [17.524436686000115, 3.690046757000118], [17.533370000000104, 3.6891], [17.538520008999967, 3.687475015000189], [17.54367, 3.68585], [17.54939, 3.681], [17.553495027, 3.675120010000114], [17.5576, 3.669240000000116], [17.563755011000183, 3.667575021000118], [17.569910000000107, 3.66591000000011], [17.57821, 3.663660000000107], [17.582895014000144, 3.661000012000102], [17.587580000000173, 3.658340000000123], [17.59261000000015, 3.65349], [17.5951150140001, 3.648535004000109], [17.59762, 3.6435800000001], [17.606320000000153, 3.64125], [17.65328, 3.63904], [17.661397485000123, 3.639612610000142], [17.6695149790001, 3.640185147000182], [17.677632485000117, 3.640757610000037], [17.68575, 3.64133], [17.687660000000164, 3.64146], [17.69475, 3.639140000000111], [17.70092, 3.63428000000016], [17.70505, 3.6345], [17.710253292000118, 3.638090030000114], [17.715456625000115, 3.641680030000146], [17.72066000000018, 3.645270000000153], [17.7268549800001, 3.648245022000083], [17.733050000000162, 3.65122], [17.7383200000001, 3.65028], [17.74449, 3.646120000000167], [17.74517, 3.64312], [17.7589, 3.638940000000105], [17.766000024000107, 3.637937584000099], [17.77310003100007, 3.636935112000117], [17.780200024000123, 3.635932584000102], [17.787300000000187, 3.634930000000111], [17.78959, 3.6317], [17.79576, 3.62915], [17.79823000000016, 3.62914000000012], [17.803870000000188, 3.629125018000138], [17.80951, 3.629110000000139], [17.816600000000108, 3.62678000000011], [17.822785, 3.626760021000109], [17.82897, 3.626740000000154], [17.83332, 3.62328], [17.835590030000162, 3.617286673000024], [17.83786003, 3.611293339999975], [17.8401300000001, 3.6053], [17.84018666700007, 3.59924333400005], [17.840243334000036, 3.593186667000111], [17.840300000000127, 3.587130000000172], [17.842465010000183, 3.582980003000102], [17.84463000000011, 3.57883], [17.845060004000118, 3.571005001000117], [17.84549, 3.563180000000102], [17.84799, 3.55695], [17.850840012, 3.552915005000102], [17.85369, 3.548880000000111], [17.855340009000088, 3.544065001999968], [17.85699000000011, 3.53925], [17.85914, 3.532980000000123], [17.8667, 3.533190000000104], [17.87160660800015, 3.53877336000005], [17.87651327500015, 3.544356693000054], [17.881420000000162, 3.54994], [17.885899983000172, 3.553490011000065], [17.89038, 3.55704], [17.89633999300014, 3.558170019000045], [17.9023, 3.5593], [17.919300000000135, 3.573520000000144], [17.92989, 3.58982], [17.93127999300009, 3.594415001000129], [17.93267, 3.59901], [17.937720000000127, 3.602450000000147], [17.94388000000015, 3.59978], [17.945935011000074, 3.594770003], [17.94799, 3.589760000000183], [17.949340000000177, 3.583080000000109], [17.95755, 3.57131], [17.969430000000102, 3.560450000000174], [17.98498000000012, 3.5535], [17.99574, 3.55116], [17.99873, 3.55391], [17.999153326000055, 3.562230001999978], [17.999576659000184, 3.570550002000061], [18.000000000000114, 3.578870000000109], [18.004550004, 3.578130011000098], [18.015050000000144, 3.577430000000163], [18.01953500800016, 3.57574001100005], [18.024020000000178, 3.574050000000113], [18.03757, 3.570470000000171], [18.048810000000174, 3.56825], [18.053604987000142, 3.570710013000053], [18.05840000000012, 3.573170000000118], [18.064574993000065, 3.574250021000012], [18.07075, 3.575330000000122], [18.078900016999967, 3.573435036000035], [18.08705, 3.57154], [18.09308333400014, 3.571510040000078], [18.09911666700009, 3.571480040000097], [18.10515, 3.57145], [18.111273357000186, 3.569656708000025], [18.117396690000135, 3.567863374000183], [18.123520000000156, 3.56607], [18.128465012, 3.563805013000035], [18.13341, 3.56154], [18.13905502500006, 3.557440018000136], [18.1447, 3.55334], [18.148625018000075, 3.54911000900006], [18.15255, 3.54488], [18.156183379000083, 3.539076682000086], [18.159816712000065, 3.53327334800008], [18.163450000000125, 3.52747], [18.16625000000016, 3.52013], [18.1674433500001, 3.513693336000017], [18.16863668299999, 3.507256669000128], [18.16983, 3.50082], [18.176110000000108, 3.48820000000012], [18.1805, 3.48409], [18.188983578000148, 3.481172209000135], [18.18899000000016, 3.48117], [18.214860000000158, 3.48504000000014], [18.219764988000065, 3.487265013000126], [18.22467, 3.489490000000103], [18.23154, 3.4907], [18.24155000000013, 3.50044], [18.24289000000016, 3.504590000000178], [18.24630000000019, 3.5083], [18.24992, 3.514090000000181], [18.259750000000167, 3.54938], [18.26261, 3.56437000000011], [18.263316655000153, 3.572276669000189], [18.264023320999968, 3.580183335000129], [18.2647300000001, 3.58809], [18.26768, 3.59157], [18.27455, 3.59323], [18.280855004000045, 3.592585022000151], [18.28716, 3.59194], [18.29370001400008, 3.590035024000031], [18.30024, 3.588130000000149], [18.30873, 3.58704], [18.310566883000035, 3.587726549000081], [18.31376, 3.588920000000144], [18.32562, 3.596840000000157], [18.32948998600017, 3.600205008000046], [18.33336, 3.603570000000104], [18.3393, 3.60638], [18.34594, 3.60758], [18.352725030999977, 3.60337002600005], [18.35951000000017, 3.59916], [18.366395011000066, 3.59771502600006], [18.373280000000136, 3.59627], [18.379256699, 3.593780039000023], [18.38523336600008, 3.591290039000057], [18.39121, 3.588800000000163], [18.396967656000186, 3.584011948000125], [18.39696765700012, 3.584011948000125], [18.40595000000019, 3.57786], [18.41053, 3.57790000000017], [18.41345, 3.58689], [18.41293, 3.59472], [18.413474997000094, 3.599330000000123], [18.414020000000164, 3.60394], [18.41971, 3.60904], [18.42591, 3.60724], [18.431550023000113, 3.603485018000185], [18.43719, 3.59973], [18.44361, 3.598630000000128], [18.44863000000015, 3.601200000000119], [18.453860000000134, 3.607680000000187], [18.45448999500013, 3.615625001000012], [18.455120000000136, 3.62357], [18.461290000000133, 3.62615], [18.4679000000001, 3.63172], [18.471624969000175, 3.639230008000084], [18.475350000000105, 3.64674], [18.47853498900008, 3.649985006000179], [18.48172000000011, 3.653230000000121], [18.48676, 3.65327], [18.490900000000124, 3.65169], [18.49551502600002, 3.646655012000167], [18.500130000000127, 3.64162000000016], [18.504753391000122, 3.63597669100011], [18.509376724000163, 3.630333358000087], [18.514, 3.62469], [18.52121341000003, 3.619830058000048], [18.528426743000068, 3.614970058000097], [18.53564000000017, 3.610110000000134], [18.539930033000132, 3.603120011000101], [18.54422, 3.596130000000187], [18.54588501600017, 3.58728000200017], [18.54755, 3.578430000000139], [18.55132, 3.563490000000172], [18.5583, 3.54904], [18.563025022999966, 3.544585012000027], [18.56775, 3.54013], [18.57156501900016, 3.535435008000036], [18.57538, 3.53074], [18.57852758000007, 3.522765018000143], [18.581675106999967, 3.514790023999979], [18.584822580000093, 3.506815018000054], [18.58797, 3.498840000000143], [18.58950000900012, 3.493095002000132], [18.59103000000016, 3.487350000000163], [18.59011, 3.48734], [18.595, 3.47702], [18.599600000000123, 3.47383], [18.60373, 3.47271000000012], [18.610530005000044, 3.472373382000171], [18.6173300050001, 3.472036716], [18.62413, 3.4717], [18.62508316600008, 3.471646950000093], [18.625386469000034, 3.481957736000027], [18.624309759000084, 3.48716186200005], [18.62323303800008, 3.492365987000142], [18.619105659000127, 3.499364648000039], [18.61497821800009, 3.506363289999967], [18.608519525000133, 3.522466046999966], [18.60580883700004, 3.534470522000163], [18.60580883700004, 3.541828103000114], [18.60580883700004, 3.547636720000128], [18.60580883700004, 3.553445337000142], [18.606776934000095, 3.559253955000031], [18.607745042999966, 3.565062571000169], [18.607357805000106, 3.572226533000105], [18.606970561000026, 3.579390493000119], [18.60600246300004, 3.584424629000068], [18.605034355000043, 3.589458763000039], [18.603872632000105, 3.598752550000142], [18.603485391000163, 3.604561167000156], [18.605034355000043, 3.613467713000034], [18.6046471140001, 3.621599777000029], [18.60251729900017, 3.626633914000081], [18.60038746099997, 3.631668046000073], [18.600000220000027, 3.636314940000148], [18.59806376800003, 3.644643345000077], [18.596127281000122, 3.652971745000116], [18.594190758000025, 3.661300139], [18.59225419900008, 3.669628527000043], [18.590942720000044, 3.691923672000087], [18.591411103000155, 3.696701203000089], [18.591879490999986, 3.701478734000034], [18.590962080000054, 3.708558408000158], [18.590044654000167, 3.715638078999973], [18.59002530200013, 3.720923781000181], [18.590005949000044, 3.726209482000058], [18.58894511000011, 3.734886914000072], [18.587884250000116, 3.743564342000184], [18.58863824800011, 3.751295868000057], [18.58939225900008, 3.759027391000188], [18.590146284000014, 3.766758913000047], [18.592996107000033, 3.773796011], [18.59584597600019, 3.780833099000176], [18.598695890999977, 3.787870176000013], [18.601545852000186, 3.794907243000068], [18.60608679100011, 3.802570239000147], [18.610627811000143, 3.810233210000092], [18.615168911000183, 3.817896155000085], [18.61432399100005, 3.825176259000045], [18.613479056000074, 3.83245636200013], [18.612634108000123, 3.839736462000133], [18.611789144, 3.847016560000156], [18.610944167000184, 3.854296656000145], [18.611802079000142, 3.861503302000074], [18.612426710000022, 3.866750238000066], [18.612660006000112, 3.868709945000148], [18.61351794600006, 3.87591658700012], [18.614375902000177, 3.883123226000123], [18.614604681, 3.889300349000109], [18.61483346300014, 3.895477472000039], [18.61506224900006, 3.90165459300016], [18.61574859100017, 3.908174889000179], [18.616434943000115, 3.914695184000095], [18.61780762899997, 3.919156440000108], [18.619180330000177, 3.923617694000086], [18.62089618600004, 3.929108472], [18.62261206500017, 3.934599245000015], [18.62612772200015, 3.938402913000175], [18.62964341100019, 3.942206565999982], [18.634326314000134, 3.946463785000105], [18.63900926400015, 3.95072097700006], [18.64667223400005, 3.963492595000048], [18.650630401000058, 3.978742201000045], [18.650752288000092, 3.979211794000094], [18.652124982000032, 3.992938732000084], [18.65143864100014, 3.999802202000069], [18.650752288000092, 4.006665671000121], [18.649379609000164, 4.015245009000182], [18.648006901000088, 4.023824343000172], [18.647778122000034, 4.030230249000169], [18.647549340000126, 4.036636153000131], [18.647320554000032, 4.043042057000093], [18.646138439000026, 4.051562956000168], [18.644956299000057, 4.060083851000059], [18.644778019000057, 4.067215235000162], [18.644599736000146, 4.074346619000096], [18.644421450000152, 4.081478000000175], [18.644243161000077, 4.088609381000026], [18.643896270000027, 4.094925811000053], [18.643549374000088, 4.101242239000044], [18.643202471999984, 4.107558667000092], [18.63927060000009, 4.113841034000188], [18.6353386670001, 4.120123381000155], [18.63140667200014, 4.126405708000107], [18.623298412000167, 4.154916604000107], [18.621239411999966, 4.162695209000049], [18.619180371000084, 4.170473808000168], [18.617121290000114, 4.178252399000087], [18.6140328030001, 4.184601128000054], [18.610944267000036, 4.190949843000169], [18.607855681000103, 4.19729854600007], [18.60476704500013, 4.203647235], [18.603165595000178, 4.210053144000085], [18.60156411900016, 4.216459048000047], [18.599962617000187, 4.222864948], [18.594290522999984, 4.226337871000055], [18.588618378000092, 4.229810753000152], [18.574146753000036, 4.247062540000172], [18.562794875000122, 4.265982337000025], [18.559431425000184, 4.27397071200005], [18.556067905000077, 4.281959071000131], [18.552704316000018, 4.289947414000039], [18.549925757999972, 4.295726826000021], [18.54714715900002, 4.301506228], [18.54436851700018, 4.307285618000037], [18.54230947600007, 4.316894475000026], [18.543682170000125, 4.32307159700008], [18.544346037000082, 4.324069306000126], [18.54765903700013, 4.329048329000045], [18.55013183799997, 4.335325651000062], [18.552604680000115, 4.341602964000117], [18.556705313000066, 4.345253913000136], [18.56080598600016, 4.348904840000159], [18.56615451300013, 4.350331136000023], [18.571503060000055, 4.351757393000184], [18.575650185000086, 4.352586835000068], [18.576851589000057, 4.352827120000143], [18.58220013300007, 4.353896808000172], [18.59035376000014, 4.358075290000045], [18.59515818800014, 4.364252412000099], [18.599962617000187, 4.370429534000095], [18.608202388999985, 4.36941056400002], [18.61089031600011, 4.365575951000096], [18.613578216000064, 4.361741328000164], [18.61999645999998, 4.356749361000027], [18.628554119000114, 4.357462499000064], [18.632832938000035, 4.359245357000134], [18.63711177800019, 4.361028190000127], [18.642650351000043, 4.361582047000013], [18.644243161000077, 4.361741328000164], [18.64923512600018, 4.362097914000174], [18.654227096000056, 4.362454467000077], [18.659575632999974, 4.362454486], [18.66492417000012, 4.362454467000077], [18.673838385000067, 4.363524227000141], [18.682752626000024, 4.364593881000189], [18.689623703000166, 4.364479614000061], [18.696494778000158, 4.364365285000076], [18.709851878999984, 4.366733296000177], [18.720548953000105, 4.37172526400002], [18.734558264000043, 4.38086177100007], [18.736951132000172, 4.382422337000037], [18.75549272700016, 4.396685102000049], [18.772173969000164, 4.413556759000073], [18.783305117999987, 4.425923770000054], [18.78532020400013, 4.43215082800009], [18.787335324000026, 4.438377879000086], [18.78959903600014, 4.443204471000115], [18.79186277700012, 4.448031056000104], [18.79611930300001, 4.45555872500006], [18.80037591500013, 4.463086367000074], [18.805180344000064, 4.478872346000173], [18.805652940000073, 4.483776141000078], [18.806125542000075, 4.48867993600004], [18.807841953000093, 4.496433198000091], [18.80955840000007, 4.504186455000081], [18.81127488400017, 4.511939706000021], [18.812979026000107, 4.519207987000016], [18.81468320099998, 4.52647626300012], [18.816091195000126, 4.535088002000066], [18.817499222000038, 4.543699736000121], [18.818907282, 4.552311466000162], [18.821309475000078, 4.558488593000106], [18.82371171000017, 4.564665711000146], [18.825616528000012, 4.568203254000025], [18.826113910000117, 4.56912697000007], [18.828516139000044, 4.573588220000033], [18.83400683000002, 4.579079038000145], [18.83949760500002, 4.584569814000076], [18.84498846400004, 4.590060546000188], [18.85047916900004, 4.59463623500011], [18.85596994500014, 4.599211882000077], [18.861460789999967, 4.603787485000055], [18.86832422300006, 4.607562426000186], [18.87518772900006, 4.611337301000162], [18.882051198000113, 4.625064239000096], [18.88342388300009, 4.629525496000042], [18.884796585000174, 4.633986749000144], [18.886855610999987, 4.639134353999964], [18.888914667, 4.644281952000085], [18.896464461000107, 4.646341033], [18.90401429900004, 4.648400034000133], [18.927350094000076, 4.668304094000121], [18.936958951000065, 4.677912951000167], [18.93992950800009, 4.688524484000027], [18.93878741100019, 4.693513922000022], [18.93764529800012, 4.698503358000039], [18.942106536000097, 4.701248760000169], [18.94656780800011, 4.703994134000141], [18.95506534600014, 4.709966921000046], [18.95909624600006, 4.714839485000141], [18.963127202000123, 4.719712025000092], [18.967158215000154, 4.724584541000183], [18.972992129000033, 4.728702647000034], [18.98500319500016, 4.737281987000017], [18.99118035700019, 4.74174321400011], [18.996457244999988, 4.74477488600013], [19.001734180000085, 4.747806517000072], [19.007652683000117, 4.756842846000154], [19.007309512000063, 4.762333622000085], [19.006986049000034, 4.7675090030001], [19.006966336000062, 4.767824397000084], [19.009426641000175, 4.773764979000077], [19.01188698800007, 4.779705550000187], [19.016147619000094, 4.790805369000111], [19.017947886000115, 4.795964620000063], [19.022752300000093, 4.79802367800005], [19.027556743000105, 4.800082702000111], [19.031903520000185, 4.806946200000084], [19.036250384000084, 4.813809669000136], [19.040597335000143, 4.820673109000154], [19.044257795000135, 4.825935123000136], [19.047918312000093, 4.831197116000055], [19.05157888499997, 4.836459088000026], [19.059815048000132, 4.856363148000014], [19.061187718000042, 4.862311492000174], [19.062560412000096, 4.868259832000092], [19.06393313000018, 4.874208168000052], [19.068051172000025, 4.880728477000105], [19.072169293000115, 4.887248759000158], [19.075143410000067, 4.893197113000099], [19.07811758000014, 4.899145453000187], [19.081091802, 4.90509377900014], [19.085331296000163, 4.911526312999968], [19.089570871000035, 4.917958818000102], [19.093810528000063, 4.924391295000078], [19.099637299000165, 4.92871161000005], [19.105464144999985, 4.933031873000175], [19.111291067000025, 4.937352084000111], [19.118497789000173, 4.94059981900017], [19.12570458100015, 4.943847475000155], [19.132911443000125, 4.947095052000179], [19.140804268000068, 4.947736789000032], [19.141815706000102, 4.947819013000128], [19.148697108000135, 4.948378433000016], [19.1565899630001, 4.949019982000095], [19.163453436, 4.948676844000147], [19.170316901000092, 4.94833363500004], [19.178553098000066, 4.945588298000189], [19.18678922700019, 4.942842859000166], [19.201888859000064, 4.947647288000041], [19.21218406300011, 4.957942490999983], [19.213785508, 4.964348401000166], [19.21538698400019, 4.970754305000128], [19.219047506000038, 4.985396372000025], [19.2211065730001, 4.993632531000173], [19.225682162000055, 4.997750645], [19.230257808000147, 5.001868726000112], [19.23483351100009, 5.005986775000054], [19.24009544900008, 5.009418552000056], [19.24535744200017, 5.012850287000049], [19.25061949000019, 5.016281979000155], [19.256796565000116, 5.018798643000025], [19.26297368700017, 5.021315248000121], [19.269150856000124, 5.023831795000092], [19.274984787000108, 5.025890861999983], [19.28081875400005, 5.02794987599998], [19.287310860000048, 5.032464687000072], [19.29380305600006, 5.036979433000056], [19.30029534100015, 5.041494114000159], [19.306787716000088, 5.046008729], [19.313280180999982, 5.050523279000174], [19.320091192000177, 5.053298326000174], [19.326902261000157, 5.056073302000073], [19.33371338799998, 5.058848205000118], [19.340524572999982, 5.061623037000174], [19.347335816, 5.064397797000083], [19.36112134300015, 5.081484935999981], [19.364514471000064, 5.086720680000099], [19.367907655000124, 5.091956406000065], [19.37130089300007, 5.097192113000119], [19.377607335000107, 5.102552817000117], [19.383913882000115, 5.107913457000109], [19.390220534000036, 5.113274035000074], [19.396527290000165, 5.118634550000138], [19.405005948, 5.121529973000179], [19.41348468300015, 5.124425283000107], [19.421963494000124, 5.127320481000027], [19.43044238100009, 5.130215566000174], [19.438907332000156, 5.129986896000105], [19.44737227800016, 5.129758113999969], [19.45583721700001, 5.129529220000052], [19.461328010000045, 5.127470203000144], [19.466818767000063, 5.125411138000061], [19.47851308000014, 5.121157190000133], [19.492213603000152, 5.126097485000059], [19.513830036000172, 5.136293028000125], [19.520122633000085, 5.140444392000063], [19.526415311000108, 5.144595694000031], [19.532708071000116, 5.148746933000041], [19.538656390000142, 5.149890900000116], [19.54460473000006, 5.151034812000091], [19.550553091000097, 5.152178668000033], [19.557416580000165, 5.151263613000083], [19.564280049000047, 5.150348483000016], [19.57114349800014, 5.149433280000096], [19.577265443000158, 5.147575895000159], [19.58338735200016, 5.14571845], [19.589509226000075, 5.143860947000064], [19.59688555600019, 5.140227702000118], [19.604261803000043, 5.136594371000115], [19.611637966000103, 5.132960954000168], [19.61953092599998, 5.13536321700002], [19.627423944999975, 5.137765382000111], [19.636215598000092, 5.139551905000076], [19.645007299000042, 5.141338307000069], [19.65287310300016, 5.141977688000111], [19.66073892300011, 5.142616971000166], [19.66860475900006, 5.143256158000042], [19.67503390200011, 5.143037379000134], [19.68146304000004, 5.14281853600005], [19.687892174000126, 5.142599627000152], [19.695460279000088, 5.139446553000028], [19.703028309000103, 5.136293388000183], [19.710596265000106, 5.133140133000154], [19.718164147000095, 5.129986788999986], [19.72573195500013, 5.126833354000098], [19.73329968799999, 5.123679830000128], [19.741498401000058, 5.121577893000051], [19.74969706000013, 5.119475851], [19.75789566600008, 5.117373703000169], [19.766094218000035, 5.115271451000126], [19.774292717000094, 5.113169093000067], [19.782491162000156, 5.111066631000028], [19.78902331200004, 5.109162082000125], [19.795555423000053, 5.107257467000181], [19.80208749600007, 5.10535278500015], [19.808619529999987, 5.103448037000078], [19.815886867000074, 5.100101491000146], [19.823154129000102, 5.096754863000172], [19.830421316000184, 5.093408153000041], [19.836097396000127, 5.088047620000111], [19.8417733820001, 5.082687036000152], [19.8474492740001, 5.077326401000107], [19.853125073000115, 5.071965716000022], [19.85523763900011, 5.065057433000106], [19.856918483000072, 5.059560797000074], [19.856918483000072, 5.059560795999971], [19.85735016000001, 5.058149141000172], [19.872449792000054, 5.032067958000027], [19.884804037000038, 5.012850244000163], [19.898532587000147, 4.997547845000099], [19.91431695400007, 4.98745540900012], [19.93559370800017, 4.983337327000129], [19.94177080000003, 4.984938861000103], [19.94794792300013, 4.986540338000168], [19.954125075000036, 4.988141756000175], [19.96206721599998, 4.986377151999989], [19.97000931500014, 4.984612452000022], [19.97795137200012, 4.982847655000114], [19.985893386000157, 4.981082763000074], [19.993835358000013, 4.979317775000084], [20.001777288000085, 4.977552691000028], [20.009719175000043, 4.975787511000021], [20.015896393000048, 4.972355864000178], [20.022073547000105, 4.968924158000107], [20.02825063800003, 4.965492395000126], [20.034427664000077, 4.962060573000031], [20.039460958000177, 4.956569837000131], [20.044494168000085, 4.951079062000133], [20.04952729600012, 4.945588247000103], [20.051929526000094, 4.941126997000083], [20.05433172400012, 4.936665737000112], [20.06016570600019, 4.932890855000039], [20.06599962200005, 4.929115921000175], [20.071037376000163, 4.924867563000021], [20.076075066000044, 4.920619167000041], [20.087962722999976, 4.911957248000022], [20.106494090000183, 4.900975698000025], [20.131876757999976, 4.891596979000042], [20.139086521000138, 4.889137347000087], [20.146296232000054, 4.886677637000162], [20.153505890000076, 4.884217848999981], [20.160715496000137, 4.88175798400016], [20.16666391600006, 4.87718239100019], [20.172612256000036, 4.872606745000155], [20.178560515000015, 4.868031046000169], [20.182449898000073, 4.860710036000171], [20.186339198000155, 4.853389003000075], [20.19022841300017, 4.846067945000073], [20.208817268000132, 4.824747027000058], [20.221800371000143, 4.813123293000046], [20.24033173800018, 4.800769048], [20.25954945100011, 4.78978749800001], [20.266183403000127, 4.787566220000087], [20.27281731200003, 4.78534487800016], [20.279451179000148, 4.783123472], [20.287001676000045, 4.780156762000047], [20.294552107000072, 4.777189968000073], [20.30210247400015, 4.774223091000181], [20.30965277600012, 4.771256130999973], [20.317031066000084, 4.769368796000037], [20.32440931500014, 4.767481382000028], [20.331787524000163, 4.765593888000183], [20.339165692999984, 4.763706315000036], [20.34568603000008, 4.759245091000082], [20.35220628400009, 4.754783805000045], [20.355866854000112, 4.749750614000106], [20.359527371000013, 4.744717404000028], [20.36318783500002, 4.739684173], [20.367306101000054, 4.731859871000097], [20.371424275000095, 4.724035542000138], [20.37554235600004, 4.716211187000113], [20.37966034500016, 4.708386806000135], [20.383778242000062, 4.700562399000148], [20.389612225000064, 4.696444342], [20.395446140000047, 4.692326236000156], [20.399564250000083, 4.687521820000029], [20.403682302999982, 4.68271737900011], [20.40579997900005, 4.678217359000143], [20.40642771300014, 4.676883435999969], [20.40917307799998, 4.671049482000114], [20.419457682000086, 4.659514128000069], [20.42907713900007, 4.651831768000022], [20.434357997000063, 4.648105049000151], [20.439638799000022, 4.644378290000077], [20.446025919000192, 4.638496202000113], [20.452412934000108, 4.632614055000033], [20.454471992000094, 4.626436936000118], [20.456531015000053, 4.62025981000005], [20.457217377000177, 4.612481214000013], [20.457903724, 4.604702616000168], [20.458590056000162, 4.59692401500007], [20.45378562700006, 4.582510730000081], [20.451126812000098, 4.576866240000015], [20.448468037999987, 4.571221739000123], [20.447837372000038, 4.564915140000096], [20.447206718000075, 4.558608540000023], [20.452412934000108, 4.536525487000063], [20.45833288000017, 4.520738960000131], [20.45833288000017, 4.520738959000084], [20.460649096000168, 4.514562385999966], [20.477807769000094, 4.496717366000155], [20.485686417000068, 4.492962326000168], [20.493564985000035, 4.489207201000056], [20.501443472000062, 4.485451990000115], [20.506834344000083, 4.480970992999971], [20.512225150000063, 4.476489955000147], [20.51761589000006, 4.472008877000064], [20.52001812200001, 4.46651810600008], [20.522420319000105, 4.461027327000068], [20.532715522000103, 4.448673082000084], [20.538663928, 4.444555049000144], [20.54461226800015, 4.440436968000029], [20.550560542000085, 4.436318838000034], [20.555365021000114, 4.432429570000068], [20.560169449000114, 4.428540271000088], [20.564973827000074, 4.424650940000049], [20.584877888000165, 4.414355737000051], [20.590711826000074, 4.415728453000156], [20.596545785000046, 4.417101124000112], [20.600663880000184, 4.414698922000127], [20.60478194799998, 4.412296696000169], [20.617822539000144, 4.412983043], [20.623358982000184, 4.41375199200013], [20.642531028000178, 4.416414777000114], [20.649222864000023, 4.418130735000148], [20.65591473100011, 4.41984663300002], [20.662606629000095, 4.42156247000014], [20.66929855799998, 4.423278247000098], [20.67616204300009, 4.421562411000025], [20.68302549600014, 4.419846512000106], [20.690232105, 4.423278282000183], [20.69743878100013, 4.426709981000158], [20.7049885830001, 4.427396405000081], [20.71253839900004, 4.428082752000137], [20.720088229000112, 4.428769022000097], [20.727180516000146, 4.426938832000189], [20.734272767000107, 4.425108573000159], [20.741364984000086, 4.423278247000098], [20.767446166000184, 4.419846512000106], [20.78460483900011, 4.420532859000105], [20.804160234000165, 4.423647317000075], [20.810466688000076, 4.427935913000169], [20.816773214000136, 4.432224455000096], [20.823079813000163, 4.436512942999968], [20.829386485000043, 4.440801375999968], [20.83569323000006, 4.44508975499997], [20.84316835000004, 4.445642527000075], [20.85064348000003, 4.446195223000132], [20.858118622000177, 4.446747844000129], [20.865593775000036, 4.447300388000031], [20.872285690000126, 4.446099372000106], [20.87897758300005, 4.444898296000019], [20.88566945400015, 4.443697158000134], [20.892361304000133, 4.442495960000031], [20.900597508000033, 4.440665794000154], [20.90883367100014, 4.438835535000123], [20.917069793, 4.437005185000032], [20.924840793000158, 4.436757044000046], [20.932611788000145, 4.436508821000189], [20.940382777000025, 4.436260516000175], [20.948491403000162, 4.434098521000067], [20.956599982000057, 4.431936436000115], [20.96470851300012, 4.429774263000013], [20.972816998000155, 4.427612], [20.980925435000017, 4.42544964800004], [20.98903382600008, 4.423287208000033], [20.997142169000142, 4.421124678000126], [20.998165133000043, 4.420783706000179], [21.003764157000035, 4.41891745700002], [21.010386106, 4.416710177000027], [21.017008014999988, 4.414502838000089], [21.02362988600015, 4.412295439000161], [21.030434598000056, 4.411380791000113], [21.037239293000084, 4.410466081000095], [21.04404397200011, 4.409551308], [21.051136267000118, 4.407263553000178], [21.058228518000078, 4.40497573000016], [21.06532072599998, 4.402687839000123], [21.072870577, 4.399256143000059], [21.080420358000026, 4.395824370000071], [21.08591117100002, 4.390676789], [21.091401909000126, 4.385529165999969], [21.09757903100018, 4.379352044000143], [21.099752341000055, 4.375560686000142], [21.10183171600005, 4.371933204000186], [21.104354398000055, 4.365626614000121], [21.106877037000174, 4.359320015000094], [21.10939963500016, 4.353013406000059], [21.125719255000035, 4.341602964000117], [21.131210067000154, 4.339086399000166], [21.136700842000153, 4.336569793000137], [21.142191581000134, 4.33405314800018], [21.148025564000136, 4.329591916000027], [21.153859478000015, 4.325130638000189], [21.158892740000113, 4.321241373000021], [21.163925951000067, 4.317352074000155], [21.16895911000006, 4.313462741000137], [21.176508926000167, 4.307971965000036], [21.18337239500005, 4.308658312000091], [21.190922210999986, 4.312090047000083], [21.196069850000015, 4.306599289000133], [21.201217415000087, 4.301108496000154], [21.21357166000007, 4.293558680000046], [21.224553210000067, 4.293558680000046], [21.233475720000058, 4.300422149000099], [21.24171188300005, 4.309344659000089], [21.240339198000072, 4.314492263000034], [21.238966495000057, 4.31963986300002], [21.241025521999973, 4.324787468000011], [21.243084577000104, 4.329935066000132], [21.246859466000046, 4.333709984000052], [21.25063439300004, 4.337484882000069], [21.25506554000009, 4.338311898000143], [21.2594966960001, 4.33913888800015], [21.267793065999967, 4.340230270000063], [21.272597483000027, 4.341946152999981], [21.27740192200008, 4.343662005000056], [21.28220635499997, 4.342975673000069], [21.287010779000127, 4.342289311000172], [21.29318790100018, 4.336112189000119], [21.29776361100005, 4.330850224000017], [21.302339257000085, 4.325588231000097], [21.306914840000047, 4.320326210000019], [21.32201447200009, 4.30591292500003], [21.340545838000025, 4.291499639000108], [21.356331817000125, 4.283949823], [21.36856111300017, 4.280892499000174], [21.37554953100016, 4.279145395000057], [21.39476724400015, 4.276400007000063], [21.419475733000013, 4.275713660000065], [21.427025519000154, 4.278802259000088], [21.434575365000057, 4.281890783000165], [21.440981292000117, 4.280518143000108], [21.447387197000182, 4.279145449000055], [21.45379307900015, 4.277772701000174], [21.46065656900015, 4.275370518000102], [21.467520017000083, 4.272968273000174], [21.471981294000045, 4.269193378000011], [21.47644252700013, 4.265418457000067], [21.48811042500006, 4.261300375000019], [21.495573401000115, 4.261179342000048], [21.503036374000033, 4.261058236000167], [21.51049934500014, 4.260937058000081], [21.518697944, 4.259045122000032], [21.526896503000046, 4.257153098000174], [21.533203137000157, 4.255050950000168], [21.539509736000184, 4.252948750000144], [21.545816301000173, 4.250846498999977], [21.56599741800011, 4.253369138999972], [21.580767258000037, 4.266104804000122], [21.585995494000088, 4.272350188000132], [21.591223815000035, 4.278595536000125], [21.596889545000067, 4.281524252000111], [21.602555318000157, 4.284452925999972], [21.608221134000132, 4.287381558], [21.62675250100017, 4.2997358020001], [21.632243244, 4.304197076999969], [21.637734051, 4.308658312000091], [21.642538470999966, 4.310031021000043], [21.64734290800004, 4.311403700000028], [21.652490523999973, 4.309344676000023], [21.657638112000086, 4.307285618000037], [21.665423902000043, 4.303031176000047], [21.67320960500001, 4.298776653000061], [21.685822803, 4.301299293000056], [21.692641804000175, 4.306599271000152], [21.69778942900018, 4.30316755399997], [21.70293700800005, 4.2997358020001], [21.709114108000108, 4.302481215000114], [21.715291253000032, 4.305226577999974], [21.723260753000034, 4.308308256999965], [21.731230317000097, 4.311389852000161], [21.736301403000084, 4.307278712000141], [21.741372435000073, 4.303167537000093], [21.755785720000063, 4.295617721000156], [21.763106857000025, 4.293444465000107], [21.770427953000024, 4.291271138000127], [21.777749008000114, 4.289097742000081], [21.785070021000024, 4.286924274000171], [21.792390993000026, 4.284750737000024], [21.799711923000018, 4.282577129000117], [21.806556692000186, 4.279059183000186], [21.8134013990001, 4.275541176000161], [21.82024604300011, 4.272023107000109], [21.827090625000153, 4.268504977000021], [21.834343365, 4.263144472000135], [21.841596004000166, 4.257783897000081], [21.848848543000088, 4.252423253000075], [21.856100981999987, 4.247062540000172], [21.864969175000056, 4.248004387000037], [21.873837389000187, 4.248946131000139], [21.881387225000083, 4.24688712700015], [21.888937021, 4.244828049000091], [21.902663960000098, 4.242769009000085], [21.911243296000123, 4.242769057000089], [21.919822632000148, 4.242769009000085], [21.926228548000097, 4.242082715000151], [21.932634453000162, 4.241396368000153], [21.939040346000183, 4.240709967999976], [21.942128921000062, 4.23727824000008], [21.945217468000067, 4.233846499000094], [21.954826325000113, 4.232473805000041], [21.965630762000103, 4.237876023000069], [21.965807875999985, 4.237964580000039], [21.97267131500007, 4.241396345000055], [21.979534814000147, 4.244828049000091], [21.987770962000013, 4.246200787000021], [21.996007140000074, 4.247573437000085], [22.00126917299997, 4.24459930300003], [22.00653116600006, 4.241625133000127], [22.011793119000174, 4.238650927000094], [22.016597609000144, 4.233617746999983], [22.02140203800019, 4.228584536000028], [22.026206404000163, 4.22355129500005], [22.032612320000112, 4.222865001000116], [22.037116535000052, 4.222382406000065], [22.039018224000074, 4.222178654000061], [22.045424117000152, 4.221492254000111], [22.052745172000073, 4.220348411999964], [22.060066206000045, 4.219204499999989], [22.06738721900018, 4.218060520000051], [22.075795024000115, 4.216344789000118], [22.084202792000156, 4.21462896800017], [22.092610523000076, 4.212913055], [22.10101821700016, 4.211197051000113], [22.108512500000188, 4.206334689000187], [22.116006691000052, 4.201472254000123], [22.123500788000058, 4.196609746000149], [22.128230828000085, 4.191564510000148], [22.13296080800012, 4.186519246000103], [22.137690727000063, 4.181473951000044], [22.142420586000185, 4.17642862800011], [22.194134699000017, 4.147418271999982], [22.250894092000067, 4.124714515000051], [22.26947296000003, 4.12029097500016], [22.277381809000133, 4.118407916000081], [22.2938817000001, 4.117853870000033], [22.29983002300014, 4.118997826], [22.30577836300006, 4.120141737999973], [22.31172672000008, 4.121285605000025], [22.318132624000043, 4.121285657000044], [22.324538529000108, 4.121285657000044], [22.33094443300007, 4.121285605000025], [22.337579124000058, 4.121056878000047], [22.34421381100003, 4.120828096000082], [22.35084849400016, 4.120599258000027], [22.357711990000155, 4.118997841000123], [22.364575459000037, 4.117396365000104], [22.371438901000033, 4.115794830000027], [22.388597574000187, 4.118540217000088], [22.395918557000073, 4.121285672000113], [22.4032395910001, 4.124031060000107], [22.410560675000113, 4.126776380000024], [22.41881722400018, 4.12719378700001], [22.427073782000093, 4.127611108], [22.435330348000093, 4.128028343000153], [22.43760862400012, 4.128842013000167], [22.457512608000116, 4.135950578000063], [22.464579031000085, 4.141315541000154], [22.47164555000012, 4.146680441000115], [22.47576361600011, 4.149769013000082], [22.479881713000054, 4.152857563000168], [22.486745182000163, 4.156289298000161], [22.48811786600004, 4.162123248000057], [22.4894905700001, 4.167957195000042], [22.49395181700004, 4.169329902000186], [22.49841308000009, 4.170702582999979], [22.505276548999973, 4.17550701100015], [22.50675131700018, 4.182493808000117], [22.509788819000107, 4.188266099000145], [22.51282636500008, 4.194038378000187], [22.517630781000094, 4.196097433000091], [22.522435222000126, 4.198156459000131], [22.534789466000063, 4.204333581000128], [22.547143711000047, 4.220119560000057], [22.54988909800005, 4.227669376000165], [22.550232269000162, 4.232473805000041], [22.550575445000106, 4.237278232999984], [22.55126179200016, 4.242769009000085], [22.54783005700017, 4.249632478000024], [22.54096658800006, 4.254436906000137], [22.538221201000056, 4.263359416000128], [22.53890754200006, 4.269536539000114], [22.539593894000177, 4.275713660000065], [22.543153946000075, 4.282848934000128], [22.54671406400007, 4.289984191000144], [22.550274248000164, 4.297119429000077], [22.553834498000015, 4.304254650000075], [22.557394814000077, 4.311389852000161], [22.560337848000074, 4.317276022999977], [22.563280927000108, 4.323162182000033], [22.568351764, 4.334296129000109], [22.570479506000027, 4.339543923000178], [22.573911227, 4.342632492], [22.57734297500008, 4.345721045000062], [22.584549598000137, 4.347780121000085], [22.591756260000125, 4.349839127000052], [22.60406364800002, 4.355536046000111], [22.608548307000092, 4.35955106900019], [22.613033014, 4.363566065000043], [22.61715107700013, 4.366997811000147], [22.62126917700016, 4.370429534000095], [22.621955523999986, 4.375233963000028], [22.617151096000043, 4.380038391000141], [22.609944492000068, 4.384156508000103], [22.60273781000012, 4.388274554000134], [22.594501666000042, 4.389990467000075], [22.586265485000126, 4.391706289000126], [22.58214740300008, 4.406119574000115], [22.58214740300008, 4.414355737000051], [22.586608631000047, 4.418817006000154], [22.59106991300007, 4.423278247000098], [22.596560688000068, 4.432200756000157], [22.595188005000125, 4.438034707000156], [22.593815301, 4.443868654000141], [22.59452484800005, 4.451416465000136], [22.595234409000057, 4.458964273000106], [22.5971263670001, 4.467162855000026], [22.59901836800003, 4.475361431000181], [22.603623451000146, 4.479519118000042], [22.608228586000052, 4.483676775000049], [22.61097395800016, 4.487794862000158], [22.61371936100005, 4.491912937999984], [22.619553307000103, 4.492256135000048], [22.62538725899998, 4.49259928500004], [22.632937075000086, 4.489167550000047], [22.639457371000105, 4.489167579000139], [22.64597766600002, 4.489167550000047], [22.651811628000132, 4.487451706], [22.657645563000074, 4.485735816000158], [22.664966665000122, 4.482304155000179], [22.672287699000094, 4.478872420000187], [22.679608665000103, 4.475440612000057], [22.694021950000092, 4.477499653], [22.702944460000083, 4.487108509000109], [22.70370791500011, 4.498065188000112], [22.70161034300014, 4.50597061700006], [22.69951272500009, 4.513876039000138], [22.702601251000033, 4.522112210000103], [22.705689847000144, 4.530348365000066], [22.710374794000074, 4.534387909000145], [22.715059794000126, 4.538427423000087], [22.723534867000126, 4.547507038], [22.730195632000175, 4.557347220999986], [22.730195631000072, 4.563461606000089], [22.730195631000072, 4.563461607000022], [22.730195632000175, 4.564095028000111], [22.730195632000175, 4.570842833000029], [22.728924304000145, 4.578735823999978], [22.72765294800007, 4.586628812000072], [22.72868245799998, 4.593835456000022], [22.72971198900018, 4.601042097000061], [22.731427839000048, 4.608248742000114], [22.733143724000172, 4.615455382000107], [22.73348689400018, 4.622662025000125], [22.733830071000057, 4.629868667000096], [22.738977625000132, 4.636388982000028], [22.744125274, 4.642909259000135], [22.753734131000044, 4.656636197000068], [22.766774723000083, 4.679971992000105], [22.767804234000096, 4.685805942000172], [22.76883376300009, 4.691639889000157], [22.772218419000183, 4.698911434000024], [22.775603146000037, 4.706182962000014], [22.77908190000005, 4.710922506000145], [22.78256070100008, 4.715662030999965], [22.786678750000192, 4.72115281900011], [22.790796864000185, 4.726643582000065], [22.79560128800017, 4.727329946000054], [22.80040572100006, 4.728016276000176], [22.806239673000107, 4.727673127000116], [22.81207361899999, 4.727329929000121], [22.81780347900019, 4.724955048000027], [22.823533300000065, 4.722580120000146], [22.827102692000153, 4.716739355000129], [22.83067202400008, 4.71089857100003], [22.83678210800008, 4.70262144000003], [22.845018271000015, 4.701248745999976], [22.855313474000184, 4.70742586800003], [22.86286329000012, 4.71360299100013], [22.865608678000058, 4.724584541000183], [22.86664407800015, 4.730519591000075], [22.867679495000118, 4.736454638000055], [22.870886134000102, 4.739661300000023], [22.87409280300011, 4.742867946000104], [22.87843005899998, 4.745737328000189], [22.88276735100004, 4.748606683000048], [22.89031716700015, 4.7506657240001], [22.89718063600003, 4.7554701520001], [22.899212491000014, 4.761681034999981], [22.89306255400004, 4.765765355999974], [22.885512738000102, 4.772628825000083], [22.883453698000096, 4.780864988000189], [22.884826391000047, 4.788414804000126], [22.8851695620001, 4.793219233], [22.885512738000102, 4.798023661000173], [22.889121932000137, 4.803304590000039], [22.89168986100003, 4.811064252000108], [22.89546475200018, 4.814152824000018], [22.89923967700014, 4.817241374000162], [22.906789493000076, 4.820673109000154], [22.915609649000146, 4.819701748000114], [22.919778919000123, 4.817785227000115], [22.923948165000127, 4.815868681000154], [22.932870675000117, 4.816555027000106], [22.940420491000054, 4.81792772100016], [22.947970307000162, 4.820673109000154], [22.953232360000072, 4.827755369000101], [22.958494523000184, 4.834837586000162], [22.963756286000034, 4.839204475999964], [22.96993340900019, 4.839204475999964], [22.974737837000134, 4.834400047000088], [22.980914959000188, 4.828909272000089], [22.983317199, 4.821702635000065], [22.985719388000064, 4.8144959870001], [22.987435270000105, 4.808318867000025], [22.98915112200018, 4.802141742000117], [22.99258287400005, 4.79871001600003], [22.996014591000062, 4.795278273], [22.998416834000125, 4.787042115000133], [23.000819020000108, 4.77880594700008], [23.007685997000124, 4.757897075000074], [23.013859611000044, 4.754783805000045], [23.024841162000143, 4.754097458000047], [23.03239097800008, 4.754097458000047], [23.039254447000133, 4.749979377000102], [23.043715728000052, 4.74586131000018], [23.04817695700018, 4.74174321400011], [23.053324569000097, 4.740370539000139], [23.05847216000012, 4.738997826000173], [23.06382685300008, 4.732684420000055], [23.069181449999974, 4.726370971], [23.074535949000108, 4.72005748000015], [23.0896717870001, 4.715012201000036], [23.101023665000014, 4.713750881000124], [23.11237554400003, 4.712489561000041], [23.117841211000098, 4.715853124000091], [23.123306930000183, 4.719216644000028], [23.128772702000163, 4.722580120000146], [23.134394493000173, 4.725536129000034], [23.140016332000187, 4.72849209300017], [23.1456382180001, 4.731448010000065], [23.151472130000172, 4.735909290000052], [23.15730611600003, 4.740370520000056], [23.164855931999966, 4.743115908], [23.17014874000006, 4.742307933000063], [23.175441536000108, 4.741499918000045], [23.17907126300014, 4.737846668000145], [23.182700951000072, 4.734193398], [23.189221282000176, 4.730418521000047], [23.19574154300011, 4.726643582000065], [23.198549875000083, 4.719636466000111], [23.201358150000033, 4.71262933800017], [23.20416636900012, 4.705622197000082], [23.20697453200006, 4.698615043000132], [23.213681944000086, 4.694731858000068], [23.220389281, 4.690848609000057], [23.22419458600018, 4.686783005000109], [23.22799984800008, 4.68271737900011], [23.231361734000075, 4.677422361000083], [23.234723569000153, 4.672127326000123], [23.24060970700009, 4.673388695000085], [23.246495866000146, 4.674650015], [23.252382046000093, 4.67591128600003], [23.25837916900008, 4.672450889000118], [23.264376234000054, 4.668990441000176], [23.266684810000072, 4.662888599000155], [23.26899334700005, 4.656786748], [23.271301844, 4.650684889000104], [23.270927598000128, 4.646110727000178], [23.27055335600005, 4.641536565000024], [23.273298744000044, 4.633300402000089], [23.282221254000035, 4.633300402000089], [23.288960322000037, 4.634287731000143], [23.294005615000117, 4.632395769000084], [23.29905088100014, 4.630503771000065], [23.302990333000082, 4.626754496000103], [23.30692974300007, 4.623005198000044], [23.310558250000042, 4.619186575000185], [23.314186719000134, 4.615367933000073], [23.331845196000074, 4.605277375000014], [23.33850170100004, 4.610650954000107], [23.34698103500017, 4.612845294000124], [23.353287641000065, 4.612424910000186], [23.359594240000092, 4.612004470000045], [23.365900832000023, 4.611583974000041], [23.370389484000157, 4.607685744000094], [23.374878087000184, 4.603787485000055], [23.377280315000178, 4.599669408000125], [23.379682515000127, 4.595551322000063], [23.390664066000056, 4.594864975000064], [23.397202245000074, 4.595025925000016], [23.403740427000116, 4.595186816000137], [23.410242846000187, 4.594339578000188], [23.41674524900003, 4.593492281000181], [23.42566775900019, 4.595551322000063], [23.429785840000136, 4.601042097000061], [23.43115853400002, 4.612709994000113], [23.432531228000073, 4.629182320000041], [23.431844886000135, 4.634673096000142], [23.43115853400002, 4.64016387099997], [23.432585308000114, 4.645424382000101], [23.434012104000033, 4.650684889000104], [23.437046558000134, 4.654346897000039], [23.44008104400001, 4.658008891000179], [23.444542277000096, 4.661440640000137], [23.449003554, 4.664872360000061], [23.45307257899998, 4.671005219000051], [23.456528825000134, 4.674459094000099], [23.459985104000054, 4.677912951000167], [23.466391005000105, 4.67814179200019], [23.472796909000067, 4.678370574000098], [23.47920281800009, 4.678599298], [23.48537994900005, 4.677569805000189], [23.491557062000027, 4.676540257000113], [23.502123375000053, 4.678433925000093], [23.508429884, 4.683479262000048], [23.514736483000036, 4.688524542000039], [23.521043173000123, 4.693569764000017], [23.529241730000024, 4.69546179200006], [23.537440331000084, 4.697353723000049], [23.53886400199997, 4.702389796999967], [23.540287693000096, 4.70742586800003], [23.543376237000018, 4.711200782999981], [23.54646481500015, 4.714975684000137], [23.551698083000076, 4.716787225000189], [23.556931379, 4.718598726000039], [23.56019175300014, 4.723211847000073], [23.562250794000022, 4.730075316000182], [23.564996182000186, 4.738311479000117], [23.573918692000177, 4.738311479000117], [23.58078216100006, 4.747233989000108], [23.58421386700013, 4.753067947000034], [23.587645630000168, 4.758901887000093], [23.59450909900005, 4.763019968000037], [23.59473016900006, 4.762941944000147], [23.600343065000118, 4.760960952], [23.6061769960001, 4.758901887000093], [23.613726813000085, 4.756842846000154], [23.619217561000028, 4.760274602999971], [23.62470836300014, 4.763706315000036], [23.63225817900002, 4.765079009000146], [23.63980799900014, 4.764735876999964], [23.647357811000063, 4.764392662000091], [23.65216223500005, 4.765079026000024], [23.65696666800011, 4.765765355999974], [23.6658966170001, 4.765648752000118], [23.670697328000017, 4.7653638970001], [23.675498035000146, 4.765079009000146], [23.679272924000088, 4.768510754000147], [23.683047851000083, 4.771942478000028], [23.68819544000013, 4.773658365000131], [23.693343054000024, 4.775374213000021], [23.699900078999974, 4.779879534000031], [23.706457189000048, 4.784384792000083], [23.712597528000117, 4.78571347899998], [23.71873789000017, 4.787042110000073], [23.72584139899999, 4.786974808000025], [23.732944906000057, 4.786907432000135], [23.73991152000002, 4.785945286000072], [23.746878114000026, 4.784983069000134], [23.753055245000155, 4.783953577000034], [23.759232358000133, 4.782924029000128], [23.78119545900006, 4.786355763000017], [23.78359765700003, 4.791160196000078], [23.785999888000106, 4.795964620000063], [23.790461109000034, 4.801112237000098], [23.794922397, 4.806259824000108], [23.800511888000187, 4.811088829000084], [23.80610145700001, 4.815917788000036], [23.811755133000077, 4.818646854000065], [23.817408855000167, 4.82137587200009], [23.823062621000076, 4.824104843000043], [23.830269260000136, 4.824448055000175], [23.837475906000066, 4.824791190000042], [23.84299452199997, 4.821833434000098], [23.848513090000097, 4.818875634000165], [23.854031611000096, 4.815917788000036], [23.864243436000095, 4.817241374000162], [23.87247959900003, 4.818614068000045], [23.879258008000193, 4.824747027000058], [23.88307541500012, 4.83025989500004], [23.88689288400002, 4.835772740999971], [23.89204049799997, 4.834056893000138], [23.902678874, 4.830968335000023], [23.908169638000118, 4.829595619000145], [23.911944573000085, 4.824791201000153], [23.915719454000055, 4.819986762000099], [23.922582930000033, 4.819300450000128], [23.929446392000045, 4.818614068000045], [23.936449823000146, 4.81636345700008], [23.94345320700012, 4.814112772999977], [23.950456546000055, 4.811862017000124], [23.95745983800009, 4.809611189000066], [23.961018350000188, 4.819986762000099], [23.959988843000133, 4.828566100000103], [23.958959310000125, 4.837145435000082], [23.95484126600013, 4.84332257], [23.95072314700019, 4.849499679000132], [23.95415488100008, 4.855676801000186], [23.95415488100008, 4.860481230000062], [23.95415488100008, 4.865285658], [23.957068658000026, 4.870242746000031], [23.959982478000086, 4.875199821000081], [23.96461848900003, 4.876076705000173], [23.969254513000124, 4.87695355600016], [23.974402125000097, 4.875580882000122], [23.979549717, 4.874208168000052], [23.986413224000103, 4.870433295000055], [23.99327665500016, 4.866658352000115], [24.01661244999997, 4.863912964000122], [24.04475267400005, 4.86597200500006], [24.049557102, 4.872835474000112], [24.050586613, 4.879012597999974], [24.051616143000103, 4.885189719000152], [24.05642054900011, 4.888278297000056], [24.061224999000046, 4.891366840999979], [24.067173282000113, 4.894569847000128], [24.07312162200003, 4.897772799000109], [24.079070019000085, 4.900975698000025], [24.08456077500017, 4.903377935000094], [24.090051570000185, 4.905780125999968], [24.094512804000146, 4.90886870200012], [24.098974080000175, 4.911957248000022], [24.106523896000112, 4.916761677000068], [24.114760059000048, 4.917448024000123], [24.119221337000056, 4.914016304000029], [24.12368256900004, 4.910584554000138], [24.12760230200007, 4.905505398000173], [24.131521976000045, 4.900426218], [24.13946854800014, 4.894798575000095], [24.14976375100008, 4.892739535000032], [24.15662722000019, 4.896857615999977], [24.16110240800009, 4.898011272000076], [24.165577612000163, 4.899164898000095], [24.168415490000143, 4.906417507000072], [24.171253428000114, 4.913670103000072], [24.17409142800011, 4.920922685000107], [24.176929490000077, 4.928175254000053], [24.18343135900011, 4.932378173000075], [24.189933309000025, 4.936581028000091], [24.196435341000097, 4.940783819000103], [24.205357851000088, 4.940783819000103], [24.210162279000087, 4.94833363500004], [24.214966708000134, 4.953824410000038], [24.22045746900011, 4.955540300000109], [24.22594825800013, 4.957256144000155], [24.23075269100019, 4.956569815000137], [24.240361548000067, 4.955197121000026], [24.245165972000052, 4.954510757000094], [24.243450089000078, 4.948333637000076], [24.24173423700006, 4.942156512000111], [24.24585231900005, 4.936665737000112], [24.252608681000083, 4.93195921400013], [24.27026715900007, 4.937004493000074], [24.27783507800018, 4.952140331000066], [24.27447162200008, 4.958446949000177], [24.271108103000017, 4.964753547999976], [24.267744519000075, 4.971060129000023], [24.270687543000065, 4.977366742000186], [24.2736306220001, 4.983673341000042], [24.276573758000097, 4.989979926000046], [24.283300728000142, 4.993343515000049], [24.29002776700014, 4.996707034999986], [24.296754875000033, 5.000070485000094], [24.303061458, 5.00091142600013], [24.309368058000132, 5.001752306000071], [24.315674673000103, 5.002593125000146], [24.321981208000125, 5.005956706000177], [24.32828780700015, 5.009320225000181], [24.33459447100006, 5.012683684000024], [24.340480660000082, 5.011001977000092], [24.34636681900014, 5.009320217000038], [24.35225294800017, 5.007638404000033], [24.368650106000075, 5.010161044000029], [24.371424624000156, 5.015966905000028], [24.37419919200005, 5.021772754000153], [24.379003607000072, 5.023488639000107], [24.383808048000162, 5.025204489000146], [24.398921783, 5.031603481000047], [24.40096672100009, 5.04030412100019], [24.396399143, 5.045477999000184], [24.390092586000037, 5.049892649000014], [24.383785944000067, 5.054307237999978], [24.37761986600009, 5.053482831000053], [24.371453804000055, 5.05265836500007], [24.3648661470001, 5.046739319000096], [24.34846898900014, 5.046739319000096], [24.34090107000003, 5.058091198000056], [24.34279365900005, 5.062581427000055], [24.344686274000082, 5.067071650000059], [24.35036157500008, 5.068888048000076], [24.35603690800008, 5.07070439600011], [24.362531294000064, 5.071876079000162], [24.363903988000118, 5.081484935999981], [24.36375440900008, 5.089969186000133], [24.363604827000188, 5.098453433000032], [24.36738872800015, 5.103498735000016], [24.371172687000183, 5.108544015000064], [24.374956705999978, 5.113589271000023], [24.380881343, 5.112496737000072], [24.386805961000107, 5.111404149000066], [24.392730558000153, 5.110311506000187], [24.39856452900011, 5.1079093190001], [24.40439845600008, 5.105507078000016], [24.410918810000112, 5.099673163000034], [24.417439047000016, 5.093839180000089], [24.418901647999974, 5.087317070000097], [24.42036422000001, 5.080794954999988], [24.429193459000032, 5.069443076000027], [24.44180665700003, 5.055568558000061], [24.453158536000046, 5.060613837000176], [24.45441985600013, 5.07701099500008], [24.448743961000105, 5.082056300000033], [24.44306797700017, 5.087101554000185], [24.44306797700017, 5.092777494000131], [24.44306797700017, 5.098453433000032], [24.450500725000154, 5.100264431000141], [24.45793351499998, 5.102075343000024], [24.466169678000142, 5.104820731000189], [24.474600973000065, 5.102237392], [24.48153830300015, 5.100030195000102], [24.483957767000106, 5.099260381000022], [24.488475586000106, 5.097822921999978], [24.495412822000162, 5.095615575000068], [24.502350010000043, 5.093408153000041], [24.506909322000126, 5.089162428000179], [24.511468574000048, 5.084916670000098], [24.517740497000034, 5.083682547000024], [24.528567399000053, 5.081552072000022], [24.533122388000095, 5.08065574800014], [24.538081483000155, 5.077638627000169], [24.54304053200002, 5.0746214670001], [24.546029720000092, 5.06761766000011], [24.54901884400016, 5.060613837000176], [24.54990400100013, 5.05265836500007], [24.55784808300018, 5.042955360000065], [24.565003633000174, 5.036872386000027], [24.57461249, 5.031381610999972], [24.581813160000024, 5.031603481000047], [24.588960639000106, 5.031603559000075], [24.596108118000075, 5.031603559000075], [24.603255597000043, 5.031603481000047], [24.609982721999984, 5.0273991520001], [24.616709761000152, 5.023194752000052], [24.62343671400015, 5.018990283000051], [24.62469804600005, 5.012683685000127], [24.625959354000145, 5.006377084000121], [24.62680025300017, 4.998809168000093], [24.62764113300011, 4.991241249000041], [24.62848199400014, 4.98367332700019], [24.631579284000054, 4.97647385800002], [24.636726883000108, 4.976817052000172], [24.641874487000052, 4.977160205000075], [24.648280396000075, 4.976931485000136], [24.65468630100014, 4.976702703000058], [24.661092201000088, 4.97647385800002], [24.666926204000106, 4.970296761999975], [24.672760099000072, 4.96411961400014], [24.67262818800009, 4.949617691000071], [24.670978265000088, 4.94520075700018], [24.66932836400008, 4.940783819000103], [24.66962603600018, 4.936135455000112], [24.66726932300014, 4.932547656000168], [24.662252272000103, 4.93072802800009], [24.658811182000136, 4.926303770000118], [24.658565390000035, 4.92163371900017], [24.663151242000026, 4.916075330000069], [24.672073752000017, 4.910584554000138], [24.67724559200002, 4.908360944000037], [24.68166109100008, 4.908921527000132], [24.685848317000136, 4.910818865000067], [24.68978099200018, 4.912293618000149], [24.695680003, 4.911556240999971], [24.69659624100018, 4.911681183000042], [24.701087430000086, 4.912293618000149], [24.709213497000178, 4.911803936000126], [24.714360206000094, 4.912539410000079], [24.718538671999966, 4.910081489000163], [24.722185032000084, 4.905786111000054], [24.719767633000174, 4.903445101000159], [24.719767633000174, 4.899020842000084], [24.722471346000134, 4.894842376000042], [24.729845111000145, 4.894350791000136], [24.734269356000027, 4.89644003899997], [24.738693628000135, 4.89852925800011], [24.74347594500017, 4.89837980100009], [24.748258259000067, 4.898230310000088], [24.75098323500015, 4.896808713000098], [24.753195364000078, 4.897791881000103], [24.75368694800011, 4.901478764000103], [24.75480179800013, 4.904090324000151], [24.756882246000146, 4.908115151], [24.760569128000043, 4.910573072999966], [24.76376442600008, 4.910818865000067], [24.766959724000174, 4.911064657000168], [24.76892606100006, 4.908115151], [24.767988133000074, 4.904480015000161], [24.766222347000166, 4.901478764000103], [24.76425601000011, 4.897791881000103], [24.767697100000078, 4.894596584000169], [24.77138398200009, 4.893613415000061], [24.775316657000133, 4.894104999000035], [24.781461460000116, 4.896071336000148], [24.783427797000172, 4.897791881000103], [24.784656758000153, 4.902707724000152], [24.785762815000112, 4.907131984000102], [24.78686888700014, 4.911556240999971], [24.78909496300014, 4.914389447000076], [24.792276314000162, 4.91622629200009], [24.794980028000055, 4.919913174000158], [24.796208989000036, 4.924583225000106], [24.798912702, 4.926303770000118], [24.804811714000152, 4.926795354000092], [24.81243127000016, 4.929007483000078], [24.82005082600017, 4.927778523000029], [24.828407759000186, 4.927778523000029], [24.83406097800014, 4.926795354000092], [24.839714197999967, 4.926549562], [24.846842170000173, 4.923354264000125], [24.85028326000014, 4.925566393000111], [24.863087484000175, 4.938265813000157], [24.861343906000116, 4.943263428000023], [24.858885985000086, 4.946950310000091], [24.85913177700013, 4.950637192000158], [24.862327075000053, 4.953832490000025], [24.86584204000019, 4.955061534000095], [24.86945504700003, 4.954569866000099], [24.87240455200009, 4.949162439000077], [24.87879514800005, 4.950637192000158], [24.884202575000074, 4.951374568000062], [24.889610002000154, 4.951620360000106], [24.894771637000076, 4.950145607000081], [24.90282701000018, 4.951788553000085], [24.907061244000033, 4.951866152000036], [24.910502334, 4.951374568000062], [24.91443500800017, 4.954324074], [24.917384514000105, 4.96194363], [24.919105059000117, 4.967596849000131], [24.919105059000117, 4.971283732000131], [24.920088228, 4.974970613999972], [24.92475827800007, 4.976936951000084], [24.92942832900019, 4.978657496000039], [24.937193551000178, 4.98096131900013], [24.942701105000083, 4.984064923000062], [24.946387987000094, 4.985785468000074], [24.955728088000114, 4.987506013000029], [24.959906499000056, 4.987490717000014], [24.964576605000104, 4.986768636000079], [24.97103779000014, 4.983465630000126], [24.9780951730001, 4.980869625000025], [24.989155819000075, 4.973741653], [24.99087636400003, 4.971283732000131], [24.991367949000107, 4.968580018000068], [24.995054831000175, 4.959731501000078], [24.99751275200009, 4.957519372000093], [25.002674387000013, 4.957273580000162], [25.00660706100018, 4.959239917000048], [25.010293943000022, 4.960714670000129], [25.015947163000078, 4.960468877000153], [25.020863005000024, 4.958994125000174], [25.025778848000073, 4.956044619000181], [25.032586294000055, 4.951901416000112], [25.03413578100009, 4.947933478000095], [25.037331079000126, 4.946950310000091], [25.042492714000105, 4.943509220000124], [25.044694746, 4.941531640000107], [25.04568801200014, 4.938347584999974], [25.046179596000115, 4.934906495], [25.046671180000146, 4.93146540500004], [25.049620686000083, 4.929990652000185], [25.052815984000176, 4.929990652000185], [25.057240242000148, 4.929007483000078], [25.060681332000115, 4.927286938000123], [25.062376019000055, 4.925652614000057], [25.065105591000133, 4.928761690999977], [25.065351383000063, 4.932448573000045], [25.06714517500012, 4.937183985000161], [25.070021434000182, 4.940068130000157], [25.071987771000067, 4.943755012000054], [25.073061707000136, 4.946468816000049], [25.07346252400015, 4.949899815000151], [25.07247935500004, 4.955061450000073], [25.07346252400015, 4.958010956000066], [25.07739519800009, 4.962189422000108], [25.080098911000107, 4.962681007000015], [25.08231104100014, 4.965630512000075], [25.084883106000063, 4.972561546000179], [25.085506339, 4.976936951000084], [25.085997923000036, 4.980132249000121], [25.0889767270001, 4.980229935000011], [25.093371687000115, 4.979394872000114], [25.09582960800003, 4.978411704000166], [25.10307088000019, 4.981851081000059], [25.107136046999983, 4.984556507000093], [25.116230356000074, 4.988980766000111], [25.118934069999966, 4.987014429000055], [25.122375160000104, 4.987260221000156], [25.12507887300012, 4.990209726000046], [25.12434149699999, 4.999058244000139], [25.12434149699999, 5.003236710000181], [25.12489267700016, 5.00573569900007], [25.12335832800011, 5.008889929000134], [25.120408823000048, 5.010364681999988], [25.121146199000123, 5.012576810999974], [25.123376784000016, 5.013747388000127], [25.12606204200017, 5.014051564000056], [25.128028379000057, 5.012822603000075], [25.13122367700015, 5.013805772000183], [25.13386557600012, 5.016338737000012], [25.138105857000085, 5.017492654000023], [25.14130115500012, 5.017001070000049], [25.144496452000112, 5.01823003100003], [25.146216997000067, 5.021916913000098], [25.147418330999983, 5.025211898000123], [25.146708582000144, 5.028799093000032], [25.149903879000135, 5.030273845000181], [25.153099177000172, 5.030519637999987], [25.159735565, 5.024374834000128], [25.161947694, 5.021179536000091], [25.161210318000087, 5.01823003100003], [25.160718734000113, 5.015526317000138], [25.162193486000092, 5.010610474000089], [25.16415982400008, 5.007169384000122], [25.167846706000148, 5.002499333000173], [25.170796211000038, 5.001516165], [25.174237301000176, 5.002007749000029], [25.178907352000124, 5.002499333000173], [25.184068987000046, 5.000778789000094], [25.188739038, 4.999549828000113], [25.19144275100018, 4.999058244000139], [25.19119695900008, 5.001761957000099], [25.190705375000107, 5.005203047000066], [25.19144275100018, 5.007660968000152], [25.199553892000097, 5.015034733000164], [25.20545290300015, 5.015772109000068], [25.20987716200017, 5.014788941000063], [25.21651357100012, 5.012699741000063], [25.22314993700013, 5.010610474000089], [25.225607859000093, 5.012331019000101], [25.22954053300009, 5.013314188000152], [25.23445637600014, 5.013314188000152], [25.23863484200018, 5.015526317000138], [25.240846972000043, 5.018721615], [25.245394095000165, 5.023268786000131], [25.249941281000133, 5.027815924000095], [25.253628086000106, 5.027816499000096], [25.257315045000098, 5.025358003000065], [25.261985096000046, 5.024866418000158], [25.26714673099997, 5.025112210000032], [25.272799950000092, 5.026832755000044], [25.277898486000083, 5.027536010000063], [25.284443523999983, 5.027798896000149], [25.290988568000103, 5.028061716000025], [25.2965188820001, 5.029167804000053], [25.30204921500018, 5.030273845000181], [25.30942297900009, 5.031502806000162], [25.31360144500013, 5.031257014000062], [25.31753412, 5.034943896000129], [25.320483625000065, 5.03887657000007], [25.32269575400005, 5.041580284000133], [25.326628429000095, 5.043055037000045], [25.32613684400002, 5.046250335000138], [25.324170507000133, 5.049445632000072], [25.322204170000077, 5.053624099000046], [25.321221002000073, 5.058294149000062], [25.321466794000173, 5.064684745000022], [25.320483625000065, 5.069846380000172], [25.319689582000024, 5.075526040000057], [25.322204170000077, 5.080907026000148], [25.32466209200004, 5.083856532000084], [25.334739569000135, 5.097129308000149], [25.337689075000128, 5.10130777400002], [25.33910502000009, 5.105108144000042], [25.34309650200015, 5.108927331000132], [25.343588086000125, 5.111876836000022], [25.343606095000098, 5.124412210000173], [25.34186754100017, 5.129082286000028], [25.342085675000078, 5.132279471000174], [25.345062839000036, 5.14358402199997], [25.346783384, 5.149237242000027], [25.348258137000073, 5.151940955000157], [25.3477665530001, 5.154153084000143], [25.34186754100017, 5.153415708000068], [25.335476946000142, 5.150711994000176], [25.33228164800005, 5.149974618000101], [25.327365805, 5.149237242000027], [25.32515367600007, 5.151449371000183], [25.32466209200004, 5.154644669000049], [25.322204170000077, 5.15759417400011], [25.31605936700015, 5.162510017000159], [25.313349260000166, 5.171848263000072], [25.31384723700006, 5.175537001000123], [25.310856028000103, 5.180439222000075], [25.309177187000046, 5.183893933000036], [25.30819401800011, 5.18782660800008], [25.307948226, 5.192005074000122], [25.312864069000057, 5.194462996000141], [25.315321990000143, 5.198149877999981], [25.31753412, 5.201099383000042], [25.320714168000052, 5.202626235000082], [25.32515367600007, 5.205523642000117], [25.32884055800008, 5.207981562999976], [25.328594766000037, 5.213143198000125], [25.329577933999985, 5.2173216650001], [25.331544271999974, 5.22100854700011], [25.330797147000055, 5.228381323000178], [25.331544271999974, 5.235756075000154], [25.332292460000076, 5.238822872000185], [25.330561103000093, 5.241163502], [25.33282934900018, 5.248435198000038], [25.33509764700011, 5.255706884000062], [25.334739569000135, 5.259843705000094], [25.335476946000142, 5.263039003000188], [25.33867224400018, 5.266725885000028], [25.341743889000043, 5.269158682000182], [25.344571255000062, 5.273362273000089], [25.345062839000036, 5.27729494700003], [25.349487098000054, 5.282702374000053], [25.353419772000052, 5.284422919000065], [25.357352446, 5.284668711000165], [25.35931878300005, 5.281719206000105], [25.36079353600013, 5.279998661000093], [25.363743042000124, 5.279261284000086], [25.36546358700008, 5.282702374000053], [25.369425788000115, 5.287076729000091], [25.3748036880001, 5.289584553999987], [25.376770024999985, 5.291796682999973], [25.3748036880001, 5.299170447999984], [25.374066312000025, 5.301874161000171], [25.37160839100011, 5.304086290000157], [25.367921508000165, 5.305069459000038], [25.364234626000098, 5.305069459000038], [25.362022497000112, 5.300890993000166], [25.35931878300005, 5.298187279000103], [25.35710665400012, 5.300153616000159], [25.356130896000025, 5.303842459000123], [25.355877694000185, 5.308756341000105], [25.359564576000082, 5.314163768000128], [25.362646991000133, 5.315048593000085], [25.366200962999983, 5.315146937], [25.370133638000084, 5.313917976000027], [25.375049481000076, 5.314409560000058], [25.379473739000048, 5.316375897000114], [25.38414379, 5.316375897000114], [25.38779653800009, 5.317923085000018], [25.38813447200016, 5.32400588600018], [25.3910259700001, 5.326699167000186], [25.392254930000036, 5.332106594000038], [25.392009138000105, 5.334564516], [25.39028859300015, 5.336530853000113], [25.388076464000164, 5.335547684000176], [25.386847503000183, 5.338497190000169], [25.39028859300015, 5.339234567000176], [25.394046098000103, 5.337685306000139], [25.39889131800004, 5.334318724000127], [25.39912328400004, 5.331813996000164], [25.397170773000084, 5.327682336000066], [25.39618760500008, 5.324241246000099], [25.39938290200007, 5.31932540300005], [25.40134924, 5.313672184000154], [25.404544537000163, 5.310231094000187], [25.40773983500003, 5.309739510000156], [25.421258403000024, 5.310968470000091], [25.423716324000054, 5.312197431000072], [25.42347053200018, 5.315884313000083], [25.421012611000094, 5.31932540300005], [25.418306349000034, 5.322819965], [25.423962117000087, 5.32547020700008], [25.428632167000103, 5.328665504000071], [25.43231904900017, 5.331369218000134], [25.431581673000096, 5.334318724000127], [25.430352712000115, 5.337022437000087], [25.43453117900009, 5.341692488000035], [25.4371538420001, 5.342153538000161], [25.4382180610001, 5.338988774000143], [25.439938606000112, 5.336776644999986], [25.44239652699997, 5.337759814000094], [25.444608656000128, 5.33972615100015], [25.445591825000065, 5.343904617000021], [25.447066578000147, 5.345133578000173], [25.452965589000144, 5.344150409000122], [25.457881432000192, 5.343167241000117], [25.459601976999977, 5.340463527000054], [25.461747261000028, 5.342263731000116], [25.4652551960001, 5.344396201], [25.4691878700001, 5.344150409000122], [25.472628960000065, 5.350049421000051], [25.47140000000013, 5.353490511000189], [25.47066262300018, 5.355948432000105], [25.474103713000147, 5.361355859000128], [25.478611567000087, 5.36459191900002], [25.481723270000032, 5.363567988000113], [25.487868073000186, 5.358160561000034], [25.491309163000153, 5.355948432000105], [25.49425866900009, 5.352261550000037], [25.496470798000075, 5.345379370000103], [25.499174511999968, 5.343167241000117], [25.50567463200008, 5.348019824000062], [25.510726742000145, 5.352015758000107], [25.516134169000168, 5.354473679000023], [25.524736894000114, 5.356685809000055], [25.529284051, 5.356440033000183], [25.53383120400008, 5.356194223999978], [25.540467591000038, 5.358652146000168], [25.543662889000075, 5.361601651], [25.54293887900002, 5.36459191900002], [25.539484423000033, 5.368238039000062], [25.53407699600018, 5.373153882000111], [25.529652737000106, 5.377086556000052], [25.52817798400008, 5.383722944000056], [25.52817798400008, 5.387655618000053], [25.52906436100011, 5.391079636000029], [25.531619074000048, 5.392325669000172], [25.53530595600006, 5.391588293000098], [25.538923260000047, 5.389425028000062], [25.54169655200019, 5.384460320000187], [25.54587501800006, 5.380773438000119], [25.549807693000105, 5.379052893000107], [25.554723536000154, 5.378807101000064], [25.559393586, 5.380036062000045], [25.570454233000078, 5.381510815000127], [25.575861660000157, 5.380036062000045], [25.5797943340001, 5.377332348000152], [25.58126908700018, 5.374628634999965], [25.58126908700018, 5.369467], [25.579302750000124, 5.367254871000057], [25.576844828000105, 5.361847444000034], [25.579302750000124, 5.358160561000034], [25.581463753000094, 5.356438511000022], [25.585693345000152, 5.355456848000074], [25.58888864300019, 5.352998926000112], [25.590854980000074, 5.349066252000171], [25.59503344700005, 5.347591499000089], [25.598474537000186, 5.350541005000025], [25.601669834000177, 5.352753134000011], [25.61445102600004, 5.353736303000119], [25.618137908000108, 5.352753134000011], [25.62231637400015, 5.351032589000056], [25.622562166000023, 5.348328876000039], [25.616171571, 5.341938280000136], [25.611747312000148, 5.340709319000155], [25.607323054000176, 5.33972615100015], [25.603390379000132, 5.338742982000042], [25.602898795000158, 5.335301892000075], [25.598474537000186, 5.331860802000108], [25.59527923900015, 5.32841971199997], [25.59429607000004, 5.325224415000037], [25.597491368000078, 5.322766493000017], [25.60560250900005, 5.322274909000043], [25.609535183000162, 5.322766493000017], [25.613467857000103, 5.323503870000025], [25.61633042000011, 5.324140559000057], [25.619612661000133, 5.322766493000017], [25.622175897000147, 5.316433438000161], [25.6230537510001, 5.312443223000116], [25.62354533500013, 5.308756341000105], [25.63141068300007, 5.304086290000157], [25.634851773000037, 5.304332083000133], [25.6375554870001, 5.308756341000105], [25.636906639000017, 5.310751469000138], [25.635343358000114, 5.312689015000046], [25.631902268000147, 5.316867482000021], [25.63141068300007, 5.31932540300005], [25.63280389200014, 5.321587749000059], [25.634360189, 5.323995454000055], [25.634360189, 5.327190752000092], [25.635589149999987, 5.329894465000052], [25.638292863000174, 5.33087763400016], [25.64175140800006, 5.33062509500013], [25.64517504300011, 5.331369218000134], [25.64787875700017, 5.332106594000038], [25.650481615000047, 5.331510427000183], [25.652303015000086, 5.328911297000047], [25.65500672899998, 5.327682336000066], [25.658447819000116, 5.326699167000186], [25.658980304000067, 5.324229684000045], [25.657956235000142, 5.317850650000025], [25.65697306600009, 5.314655352000102], [25.65525252100008, 5.310968470000091], [25.655989898000087, 5.309002132999979], [25.658693611000047, 5.307527380000124], [25.66164311700004, 5.309002132999979], [25.6645926220001, 5.310722678000161], [25.66582158300008, 5.313426392000054], [25.667296336000163, 5.315638521000039], [25.66950846500015, 5.316130105000184], [25.671229010000104, 5.315146937], [25.671229010000104, 5.312443223000116], [25.671474802000034, 5.30949371700018], [25.67223575500003, 5.309195953000028], [25.673147310000047, 5.308839257000045], [25.677128022000034, 5.307281588000023], [25.67983173500005, 5.307035796000093], [25.683027033000087, 5.307773173000101], [25.686468123000054, 5.306544212000119], [25.690155005000122, 5.303594706000126], [25.69359609500009, 5.302119953000044], [25.698524197000154, 5.302366942000162], [25.70244461200008, 5.303103122000152], [25.705639910000116, 5.302365745000145], [25.7078520390001, 5.299662032000185], [25.709572584000114, 5.293763020000029], [25.710309961000064, 5.291059307000069], [25.709081, 5.289092970000183], [25.709572584000114, 5.28614346400002], [25.71102324800006, 5.282113638000055], [25.71276788200015, 5.279507076000186], [25.714734219000036, 5.27729494700003], [25.715717388000144, 5.274591233000137], [25.714478377000034, 5.272515570999985], [25.714980011000137, 5.270412767000096], [25.721633432000033, 5.268478842000036], [25.72554907300014, 5.267463261000103], [25.728990163000105, 5.26820063800011], [25.732677045000116, 5.273116481000159], [25.735134967000135, 5.272133312000108], [25.73646264300004, 5.269588041000077], [25.736118135000083, 5.265988509000124], [25.736118135000083, 5.26230162600018], [25.738330265000172, 5.260335289000125], [25.74054239400016, 5.256648407000057], [25.74078818600009, 5.252715733000116], [25.738821848999976, 5.249520435000022], [25.73808447300007, 5.246570929000086], [25.738821848999976, 5.243375632000095], [25.739805018000084, 5.240426126000102], [25.74324610800005, 5.242146671000114], [25.74594982100018, 5.24411300800017], [25.75061987200013, 5.243867216000069], [25.760697350000157, 5.247308306000036], [25.764065121000158, 5.249720220000142], [25.76757953000009, 5.252469941000186], [25.771020619000126, 5.253698902000167], [25.773478541000088, 5.253944694000097], [25.776182254000105, 5.257139991000031], [25.779623344000072, 5.257631576000108], [25.781835474000104, 5.260581081], [25.78257285, 5.263776379000092], [25.7751990860001, 5.266971677000129], [25.77165233500017, 5.266410426000164], [25.76905428200007, 5.263776379000092], [25.76610477700018, 5.265742716000148], [25.76610477700018, 5.268938014000014], [25.76880849000014, 5.271641728000077], [25.772741164000138, 5.274591233000137], [25.776372118000154, 5.275542162000022], [25.778148592000036, 5.278032323000104], [25.77986913700005, 5.279998661000093], [25.783893621000118, 5.279474155000059], [25.789946614000144, 5.274591233000137], [25.792158744, 5.269183806000115], [25.791421367, 5.265251132000174], [25.790929783000024, 5.26230162600018], [25.792158744, 5.258860536000043], [25.793633495999984, 5.257631576000108], [25.792158744, 5.252961524999989], [25.790683991000094, 5.250749396], [25.78822606900013, 5.248291474000041], [25.782327058000135, 5.246079345000055], [25.780606513000123, 5.24411300800017], [25.781098097000097, 5.240917710000133], [25.784784979000165, 5.239442957000051], [25.78798027700003, 5.239442957000051], [25.790683991000094, 5.240180334000058], [25.79707458600012, 5.244850384000074], [25.803956766000056, 5.250257812000029], [25.80715206400015, 5.251978356999984], [25.81033868500009, 5.252334453000174], [25.814280036000184, 5.251732564000179], [25.81575478900004, 5.250257812000029], [25.814034244000084, 5.247799890000067], [25.810838946, 5.24509617700005], [25.809118401000035, 5.241900879000184], [25.80862681700006, 5.238213997000116], [25.808872609000105, 5.234772906999979], [25.806414688000075, 5.230594440000061], [25.80444835100019, 5.227399141999967], [25.801990429, 5.224203845000034], [25.800024092000115, 5.221745923000014], [25.800024092000115, 5.220025378000059], [25.801744637000127, 5.218550625000148], [25.804694143000063, 5.218304833000047], [25.80813523300003, 5.220025378000059], [25.810593154000117, 5.222974884], [25.812805283000102, 5.223958052], [25.81477162100009, 5.221745923000014], [25.814280036000184, 5.219042210000055], [25.81305107600008, 5.216092704000062], [25.814034244000084, 5.212897406000025], [25.816645285, 5.209449579000136], [25.818683971000098, 5.207225557000129], [25.817966918000025, 5.203557305], [25.818704295000032, 5.200853591000168], [25.821408008, 5.200853591000168], [25.82362013800008, 5.202574136000123], [25.82607805900011, 5.201836760000049], [25.82656964300014, 5.198395670000082], [25.826815435000015, 5.194708788000014], [25.82730702000015, 5.192496658000152], [25.828290188000096, 5.19077611300014], [25.83025652499998, 5.192250866000052], [25.83051980300013, 5.194313741000087], [25.831731278000063, 5.19692091700017], [25.833697615000176, 5.197904086000108], [25.836647121000112, 5.197412500999974], [25.838367666000124, 5.200853591000168], [25.83930881900011, 5.203501193000022], [25.83984241899998, 5.207244187000072], [25.839596627000105, 5.211668445000043], [25.841071380000187, 5.215846912000188], [25.844758262000028, 5.218796418000125], [25.853115195000044, 5.223712260000127], [25.861717919000057, 5.226661766000063], [25.86417584100002, 5.225432805000082], [25.867371139000113, 5.224449637000077], [25.871355418000178, 5.224147912000092], [25.875728071000026, 5.224203845000034], [25.878923369000063, 5.225678597000183], [25.88223391600019, 5.223324097000045], [25.882856044000107, 5.219288002000155], [25.881872875000056, 5.215355327999987], [25.87744861599998, 5.213634783000032], [25.875236487, 5.211668445000043], [25.876465448000033, 5.207981562999976], [25.88457658900012, 5.203803097000105], [25.891063154999983, 5.201881660000026], [25.892441937000058, 5.203311513000131], [25.894162482000183, 5.204540473], [25.894051762000117, 5.201366184], [25.89367089800004, 5.198149877999981], [25.89342510600011, 5.196183541000096], [25.894654065999987, 5.194217203000107], [25.89612881900007, 5.190038737000066], [25.89809515600018, 5.181190220000076], [25.898586741000088, 5.176765961], [25.898340948000055, 5.173816456000111], [25.897369755000113, 5.170348664000073], [25.899569909000036, 5.168900613000119], [25.903010999, 5.170375365999973], [25.908664218000126, 5.174308040000142], [25.913825853000105, 5.180207050999968], [25.913580061000175, 5.183893933000036], [25.912105308000093, 5.186843439000029], [25.907189466000148, 5.191021906000174], [25.904731544000185, 5.192988243000059], [25.903502583000034, 5.195446164000089], [25.90251941500003, 5.198149877999981], [25.90276520700013, 5.204540473], [25.90669788100007, 5.206998394999971], [25.91038476300014, 5.206752603000098], [25.913334269000075, 5.20601522600009], [25.91628955200008, 5.204404299000146], [25.918741696000154, 5.201836760000049], [25.922428578, 5.200853591000168], [25.925869668000132, 5.202574136000123], [25.925869668000132, 5.20601522600009], [25.930164070000046, 5.210710899000048], [25.934226600999978, 5.210439485000165], [25.938159275000146, 5.208964732000084], [25.941813582000066, 5.207168626000112], [25.945299908000038, 5.205665619000058], [25.94872833700009, 5.205032058000086], [25.950694674000033, 5.201836760000049], [25.951923635000185, 5.198641462000182], [25.95511893300005, 5.196183541000096], [25.95811104500018, 5.195906769000089], [25.961509529000182, 5.198149877999981], [25.962984282000093, 5.200853591000168], [25.961509529000182, 5.203065720000097], [25.959051607, 5.204048889000035], [25.95487314100012, 5.206261018000021], [25.95364417999997, 5.207981562999976], [25.955364725000152, 5.208964732000084], [25.957085270000107, 5.210439485000165], [25.95786786500014, 5.212959690000048], [25.956839478000063, 5.216830079999966], [25.95856002300019, 5.221254339000041], [25.961017944000105, 5.223220676000096], [25.96273848900006, 5.22641597400019], [25.963475866000067, 5.232806570000093], [25.967838237000137, 5.237717501000077], [25.971400795000022, 5.24061207900013], [25.973620414000095, 5.242848014000117], [25.973627393000072, 5.246401235000064], [25.975853991000065, 5.247737194000024], [25.980084528000077, 5.247959854000158], [25.982311127, 5.238608141000043], [25.98297910600013, 5.235045582999987], [25.983201766000093, 5.231260366000072], [25.984760385000186, 5.227475149000156], [25.986319004000052, 5.2256938700001], [25.988768262000065, 5.225471209999967], [25.990549541000064, 5.22792046800015], [25.99166284000006, 5.231037706000109], [25.992776139000114, 5.234600263000118], [25.993221458999983, 5.23794016100004], [25.995002737000107, 5.23927612000017], [25.998565295, 5.239053460000036], [26.002350512000135, 5.238608141000043], [26.00479977000009, 5.23660420200008], [26.007917008000106, 5.229701747000149], [26.008139668000013, 5.22658450900019], [26.007249028000047, 5.223244612000144], [26.00479977000009, 5.221685993000051], [26.00435445, 5.218123436000042], [26.003909131, 5.214115559], [26.00613572900005, 5.211888960000067], [26.008624471000076, 5.21062304700007], [26.01348350400002, 5.20988502199998], [26.016600741000104, 5.210998321000034], [26.018604680000124, 5.211666300000104], [26.02328053600013, 5.212334280000164], [26.026118932000145, 5.212733613000069], [26.02929235200014, 5.211220981000167], [26.032409590000157, 5.20988502199998], [26.034858848000113, 5.208994382000014], [26.036640126000066, 5.209439702000111], [26.037976085000025, 5.211888960000067], [26.03863757700003, 5.214494858000023], [26.04153864300008, 5.217010137000045], [26.04287460200004, 5.220350034000091], [26.043987901000037, 5.224135251], [26.045991839000123, 5.225916530000063], [26.048441098000183, 5.225916530000063], [26.049777057000142, 5.223021952000181], [26.049554397, 5.219236735000095], [26.048886417000176, 5.21478353800012], [26.047327798000083, 5.211220981000167], [26.046214499000087, 5.20988502199998], [26.0504450360001, 5.206322464000095], [26.054254366000123, 5.203050188000077], [26.056679512000073, 5.200087989000053], [26.057570151000107, 5.196302772000081], [26.06046472899999, 5.194744153000045], [26.062023348000082, 5.198306710000168], [26.06255152900019, 5.201922218], [26.063038558000073, 5.205256023000061], [26.06536324500013, 5.207213104000061], [26.066699204000088, 5.209439702000111], [26.066428215000144, 5.211178754000116], [26.065140585000165, 5.213670239000123], [26.063804626000035, 5.215674178000086], [26.065140585000165, 5.218791415000169], [26.0709297410001, 5.220127374000128], [26.074269639000192, 5.220795354000188], [26.07716421599997, 5.221240673000125], [26.08184007300008, 5.219459395], [26.084066671000073, 5.217455456000039], [26.086738589, 5.214560877999986], [26.088297208000085, 5.211443641000074], [26.08985582700018, 5.209439702000111], [26.09275040500006, 5.211888960000067], [26.093641044000094, 5.214560877999986], [26.093641044000094, 5.218123436000042], [26.093641044000094, 5.223467272000107], [26.094531683000184, 5.226807169000097], [26.096312962000013, 5.231928345000028], [26.096312962000013, 5.234600263000118], [26.094347326000104, 5.236641093], [26.0914144460001, 5.236826862000044], [26.089187847000176, 5.238385481000137], [26.08718390900009, 5.2399441], [26.087406569000052, 5.243729317000145], [26.090523806000135, 5.245510595000098], [26.100442249000025, 5.247289174000059], [26.10366073700004, 5.246623895000027], [26.10432871600011, 5.243951977000108], [26.10499669600017, 5.240834739000093], [26.106777974000124, 5.23794016100004], [26.108781913000087, 5.235936223000124], [26.11434840900006, 5.237717501000077], [26.11568436800019, 5.239498780000133], [26.115016388000186, 5.242170698000052], [26.114793728000052, 5.246178575000101], [26.117020327000148, 5.246401235000064], [26.120582884000157, 5.246401235000064], [26.123477461999983, 5.247514534000061], [26.125870325, 5.250455005000106], [26.126149380000072, 5.25374900900016], [26.128375978000122, 5.255530287999989], [26.13104789600004, 5.256420927000079], [26.132829175000097, 5.257534226000075], [26.130602577000047, 5.261319444000094], [26.129043958000125, 5.263991362000183], [26.12815331900009, 5.267331259000059], [26.132829175000097, 5.268444558000056], [26.135278433000053, 5.267553918999965], [26.139299947000097, 5.266031316000067], [26.141290249000065, 5.262878063000187], [26.14329418700015, 5.260651464000091], [26.146634085000073, 5.259983485000134], [26.15215636300013, 5.261163691999968], [26.157544417000054, 5.261987423000051], [26.159993675000067, 5.260206145000097], [26.160902819000114, 5.258387856000184], [26.161329634000026, 5.257534226000075], [26.160216334999973, 5.254862308000156], [26.15912197700004, 5.254716394000184], [26.15687643700005, 5.254416989000163], [26.1562256200001, 5.252464538000027], [26.155985798000188, 5.251745071000073], [26.155763138000054, 5.24885049300002], [26.15554047800009, 5.241948038000089], [26.156208458000094, 5.239498780000133], [26.158462962000158, 5.237198615000125], [26.165114851000112, 5.236158881999984], [26.174911884000096, 5.241948038000089], [26.177361142000052, 5.243506657000182], [26.17855757400008, 5.246261996000158], [26.180701039999974, 5.247959854000158], [26.182927638000024, 5.24885049300002], [26.18537689599998, 5.247959854000158], [26.18524684300013, 5.245061121], [26.18493157600011, 5.241280059000189], [26.18493157600011, 5.235490903000084], [26.186935515000073, 5.233709624000028], [26.18626753500007, 5.231037706000109], [26.182482318000098, 5.22836578800019], [26.183150298000157, 5.224803231000067], [26.18604487600004, 5.223689932000013], [26.191388712000048, 5.22702982900006], [26.193837970000175, 5.228811108000116], [26.19584190800009, 5.233041645000128], [26.196732548000057, 5.236826862000044], [26.19561924900006, 5.2399441], [26.19762318700009, 5.243283997000049], [26.19984978500014, 5.244397296000045], [26.204080322000152, 5.245065276000105], [26.207642880000037, 5.24061207900013], [26.20853351900007, 5.237494841000171], [26.208915755000078, 5.229630696000072], [26.208310859000164, 5.2256938700001], [26.208310859000164, 5.223689932000013], [26.21343203500004, 5.221463333000088], [26.216326613000092, 5.221463333000088], [26.216771933000132, 5.218791415000169], [26.21343203500004, 5.218123436000042], [26.20942415800016, 5.217678116000172], [26.206306921000078, 5.216342157000042], [26.20675224000007, 5.214115559], [26.210092138000164, 5.213224919000027], [26.212764056000083, 5.210775661000071], [26.21343203500004, 5.207213104000061], [26.21454533500014, 5.203650546], [26.218330552000054, 5.203427887000146], [26.222338429000104, 5.211220981000167], [26.225010347000023, 5.210998321000034], [26.227236945000072, 5.209439702000111], [26.230131523000125, 5.210775661000071], [26.231912802000124, 5.213670239000123], [26.23436206000008, 5.213892899000086], [26.23525269900017, 5.210775661000071], [26.233471420000114, 5.207881083000188], [26.230131523000125, 5.206545124000058], [26.229240884000035, 5.203650546], [26.229810444000066, 5.201005380000026], [26.23102216200016, 5.198306710000168], [26.233248761000084, 5.195857452000041], [26.233694080000078, 5.191626915000029], [26.234807380000177, 5.188509678000116], [26.236365998000167, 5.187841698000113], [26.240060038000138, 5.192693224000038], [26.240373875000046, 5.196080112000175], [26.242155154000102, 5.199197349999963], [26.244381752000095, 5.202091928000186], [26.248016671000016, 5.203142980000109], [26.250616228000126, 5.200533309000093], [26.250586879000082, 5.197197588000051], [26.250616228000126, 5.194521493000082], [26.251061547000063, 5.192294895000032], [26.253288146000045, 5.192294895000032], [26.255960064000135, 5.192740215000129], [26.258186662000128, 5.190290956000069], [26.25640538300013, 5.187841698000113], [26.252210990000094, 5.182248495000124], [26.248016671000016, 5.1766552630001], [26.253288146000045, 5.17515008800018], [26.257296023000094, 5.17581806700008], [26.261971879000043, 5.176486047000139], [26.265534437000156, 5.176486047000139], [26.26931965400007, 5.17581806700008], [26.273995510000077, 5.17581806700008], [26.277112748000036, 5.176263387000176], [26.284683183000027, 5.171810190000031], [26.283347224000067, 5.169360932000075], [26.277027027000145, 5.166564704000166], [26.27822604700009, 5.163794436000103], [26.281788605000145, 5.16290379700007], [26.286687121000057, 5.164017096000066], [26.291362978000166, 5.164017096000066], [26.29381223600012, 5.163349116000063], [26.29314425600012, 5.159563899000091], [26.29514819500008, 5.156001342000138], [26.297597453000037, 5.152661443999989], [26.297459818000107, 5.148658298999976], [26.29603883400017, 5.141973772000142], [26.298933412, 5.143309731000102], [26.300937350000083, 5.14664962900008], [26.304722568000102, 5.14798558800004], [26.30828512500011, 5.15065750600013], [26.308953105000114, 5.153997403000119], [26.307839805000185, 5.15889592000002], [26.310289064000074, 5.159118579000051], [26.315632900000082, 5.153106764000086], [26.31763683800017, 5.150434846000167], [26.318304818000172, 5.147094948000017], [26.320086096000125, 5.141751112], [26.32186737500018, 5.140415153000049], [26.324316633000137, 5.142641751999975], [26.324316633000137, 5.146204309000154], [26.324761953, 5.15065750600013], [26.325652592000097, 5.153997403000119], [26.328101850000053, 5.153329424000049], [26.335672284999987, 5.151102825000123], [26.339234842000167, 5.148876227000073], [26.34212942000005, 5.150880166000036], [26.346025941000107, 5.155110715000092], [26.349922514000014, 5.159341239000184], [26.352258948999975, 5.156574060000082], [26.353707731000156, 5.152438784000083], [26.364058096000065, 5.142599627000152], [26.37248155900005, 5.146530576999965], [26.380426912000132, 5.15065750600013], [26.38443478900018, 5.151993465000089], [26.387997346000134, 5.148876227000073], [26.390223944000184, 5.14664962900008], [26.389333305000093, 5.144200371000068], [26.39111458400015, 5.142419092000068], [26.39267320200014, 5.140415153000049], [26.39245054300011, 5.137965895000093], [26.390891924000016, 5.135293977000174], [26.39000128400005, 5.132399399000121], [26.391401200000075, 5.129987259000018], [26.394454481000025, 5.129504821000069], [26.394329772000106, 5.124941149000165], [26.396458420000158, 5.12482896500012], [26.399130338000077, 5.127278223000076], [26.40146779600002, 5.130044607000173], [26.401579596000033, 5.134180678000178], [26.40491949300008, 5.136629936000134], [26.408704711000098, 5.136407276], [26.413249570000175, 5.135031708000042], [26.412044608000144, 5.130840780000028], [26.410708649000185, 5.125719604000153], [26.414048547000107, 5.12527428500016], [26.418056423999985, 5.126832902999979], [26.420728342000075, 5.12549694400002], [26.41850174299998, 5.1228250260001], [26.41783376400008, 5.119485129000054], [26.417388444000153, 5.116367891000095], [26.42117366100007, 5.116367891000095], [26.42540419800008, 5.115477252], [26.428966755999966, 5.114363953000179], [26.432306653000182, 5.117258530000129], [26.434755910999968, 5.116813210999965], [26.440099746999977, 5.107461498000077], [26.439209108000114, 5.105012240000121], [26.43698251000012, 5.103008301000159], [26.434692007000024, 5.099714753000114], [26.43564655100016, 5.096328505999963], [26.438095809000117, 5.094324567000172], [26.44099038700017, 5.094769887000098], [26.444107624000083, 5.097887125000057], [26.44700220200008, 5.100336383000013], [26.449827845000016, 5.099714753000114], [26.45190071900015, 5.09677382600006], [26.453014018000147, 5.092988608000041], [26.45190071900015, 5.089203391000126], [26.452303366000137, 5.085147074000133], [26.455463276000103, 5.083414236000124], [26.455685936000066, 5.076511781000022], [26.451455399000054, 5.071835924000084], [26.455685936000066, 5.066269428000112], [26.46029097700017, 5.061109021000107], [26.463924350000127, 5.062484211000026], [26.46615094800012, 5.064710809000076], [26.464814989, 5.069386666000128], [26.46704158700004, 5.069831986000054], [26.467264247000173, 5.066269428000112], [26.469045526, 5.062929531000123], [26.47238542300005, 5.061816232000069], [26.476170641000067, 5.063374850000116], [26.479065218000187, 5.065156129000115], [26.482182456000032, 5.062261551000063], [26.48106915699998, 5.059589632999973], [26.478619899000023, 5.058476334000147], [26.48062383700011, 5.049569941000129], [26.486406121000186, 5.049261959000091], [26.488416931000074, 5.054468457000098], [26.48886225100017, 5.05936697300001], [26.492647468000087, 5.059812293000107], [26.496655345000136, 5.058031014000051], [26.500280639000096, 5.055568558000061], [26.500440562999984, 5.048011322000093], [26.50378046000003, 5.048901961000126], [26.509346956000172, 5.050683240000183], [26.51046025500017, 5.055359096000132], [26.513078923000137, 5.056194079000079], [26.515136112000107, 5.049347281000053], [26.518921329000023, 5.047566002000167], [26.523321977000137, 5.048485479000135], [26.523819845000105, 5.050460580000049], [26.52092526700011, 5.053577818], [26.524710485000128, 5.055581756000095], [26.526957585000048, 5.057336785000075], [26.530325645000175, 5.063235717000055], [26.52916368100017, 5.067605387000071], [26.529831661000173, 5.071390604000044], [26.535398157000145, 5.073839863000103], [26.538070075000064, 5.074062523], [26.542077952000113, 5.071835924000084], [26.545195189000026, 5.071167945000184], [26.54875774700008, 5.072058584000047], [26.55232030400009, 5.07361720300014], [26.55291246400003, 5.076571606000073], [26.553487424000025, 5.079440199000032], [26.555660202000183, 5.080074337999974], [26.55810945999997, 5.073394543000177], [26.56033605800019, 5.070277305], [26.563346631000115, 5.068181757], [26.566793193000024, 5.071390604000044], [26.569576413999982, 5.077625086000182], [26.572359689000166, 5.083859555000117], [26.57614490600008, 5.082968916000027], [26.580230738000125, 5.081943602000081], [26.58260204200002, 5.083859555000117], [26.58148874200009, 5.087867432000166], [26.58527396000011, 5.088312752000036], [26.58905917700008, 5.086531473000036], [26.58972715599998, 5.082968916000027], [26.58950449700012, 5.079851678000011], [26.592844394000167, 5.079183699000112], [26.596967918000132, 5.081801521000159], [26.59885621, 5.08586349400008], [26.601528128000155, 5.087422113000173], [26.604576968000174, 5.088505273000067], [26.608207923000123, 5.089426051000032], [26.611547820000112, 5.091652649000082], [26.614442398, 5.093656588000044], [26.61755963600018, 5.09076201], [26.61735635700012, 5.087881778999986], [26.61488771800009, 5.085195514000077], [26.612438460000135, 5.081632957000068], [26.615333037000084, 5.080519658000071], [26.618450275000043, 5.080742318000034], [26.621122193000133, 5.080296998000108], [26.620008894000136, 5.074285182000096], [26.620676873000093, 5.069164006], [26.622680812000056, 5.072726563000174], [26.62513007000001, 5.074507842], [26.627579328000024, 5.07094528500005], [26.630251246000114, 5.07228124400018], [26.63082900500001, 5.075455431000023], [26.628247308000027, 5.079183699000112], [26.627579328000024, 5.084304875000157], [26.62980592700012, 5.086308813000073], [26.63271922200005, 5.085840234000102], [26.63714886000008, 5.085563382000089], [26.638934980000045, 5.089426051000032], [26.63938030000014, 5.092765949000182], [26.642810642000086, 5.090688711000098], [26.64606009500011, 5.086754133000113], [26.652294570000038, 5.083414236000124], [26.65697042700009, 5.081855617000031], [26.662304512000105, 5.08165805800013], [26.662304513000038, 5.08165805800013], [26.662982242000055, 5.081632957000068], [26.67010735700012, 5.081855617000031], [26.673892574000035, 5.088535412000169], [26.677900451000085, 5.088980731000163], [26.678345766000064, 5.095549197000082], [26.678791090000118, 5.102117662000069], [26.686584185000015, 5.099000424000053], [26.685248226000056, 5.093211268000175], [26.688810783000065, 5.092988608000041], [26.697049197000126, 5.094992547], [26.70461445300009, 5.098453433000032], [26.705955590000144, 5.102340322000032], [26.706623570000147, 5.106793518000075], [26.71047481100004, 5.106891741000084], [26.714194003999978, 5.104121600000155], [26.715975283000034, 5.101004363000072], [26.717311242000164, 5.096996486000023], [26.719537840000044, 5.09677382600006], [26.71931518000008, 5.100781703000109], [26.719092520000117, 5.104566920000025], [26.721541779000177, 5.107238838000114], [26.723991037000133, 5.105680219000078], [26.726217635000182, 5.102562981000062], [26.7288895530001, 5.100781703000109], [26.732452111000157, 5.101672341999972], [26.735346688000106, 5.103898940000022], [26.739914604000035, 5.10531343100007], [26.74448253999998, 5.106727889000069], [26.74904158600009, 5.104241136000098], [26.753600633000133, 5.105070054000123], [26.754844009000124, 5.107971266000163], [26.760646432000158, 5.103412219000177], [26.767277773000046, 5.107556807000094], [26.770178985000086, 5.104655595], [26.766863314000148, 5.10051100700008], [26.766863314000148, 5.094294125000147], [26.766863314000148, 5.08766278500002], [26.770231554000077, 5.087502199000028], [26.77189920900014, 5.090281624000056], [26.775512461000176, 5.086668372000076], [26.77801394300019, 5.085834543999965], [26.780793368000047, 5.088891911000076], [26.782738965000135, 5.083888947000048], [26.785518390000163, 5.08416688900013], [26.785796333000178, 5.08110952200019], [26.782461023000053, 5.078608040000177], [26.77940365600017, 5.07610655700006], [26.78329485000006, 5.074160960000086], [26.78690810200004, 5.072771248000038], [26.787741930000095, 5.069713880000052], [26.786600243000066, 5.066920437000078], [26.78968752700007, 5.06137560600007], [26.793447454000045, 5.059774436000112], [26.79691403200019, 5.060263836000104], [26.802084432000015, 5.056467619000102], [26.80136111100012, 5.052203504000033], [26.801916996000045, 5.049979965000148], [26.806642018, 5.048868195000182], [26.81813323900019, 5.049261959000091], [26.820961321000084, 5.050278062000018], [26.82222141000011, 5.051818171000036], [26.822781450000093, 5.05475838000018], [26.821521361, 5.057558579000158], [26.82180138000018, 5.059658728000102], [26.824461569000107, 5.060918817000186], [26.828530746000126, 5.059864287000153], [26.83230212600006, 5.057558579000158], [26.835802375000185, 5.056018470000026], [26.84249659800014, 5.05331527400017], [26.845831908000036, 5.052759389000073], [26.846665735000045, 5.048868195000182], [26.846387793000133, 5.045254942000099], [26.848611332000132, 5.042753460000085], [26.852502527000127, 5.038862265000091], [26.861952571000074, 5.040529920000097], [26.865204462000122, 5.041177416000039], [26.8680046610001, 5.042857535000053], [26.869824790000166, 5.045937754000079], [26.870804860000078, 5.049858032000088], [26.870804860000078, 5.054618370000128], [26.87030784500007, 5.058787646000155], [26.86940476, 5.061898887000098], [26.87325500200012, 5.067219277000106], [26.87710530700008, 5.072539643000141], [26.88004551600011, 5.075199830999964], [26.885085874000026, 5.081360269000072], [26.88634596300011, 5.085280547000082], [26.889006152000036, 5.088220756000055], [26.893486470000028, 5.092001024000012], [26.896846709000158, 5.094521203000113], [26.89992692700008, 5.095641283000077], [26.901327027000093, 5.101381690000096], [26.90398721600002, 5.10684207800017], [26.906227375000185, 5.109502267000096], [26.90872576600009, 5.110314440000082], [26.91126773300016, 5.113982585000088], [26.90993909000008, 5.115699410000104], [26.912527822000072, 5.119582982999987], [26.915468031000046, 5.121543122000105], [26.917428170000164, 5.120283032000088], [26.9219084880001, 5.122943221000014], [26.924288657000147, 5.12714352], [26.925548747000164, 5.130223738000154], [26.927368876000173, 5.135824136000053], [26.927508886000055, 5.140024434000168], [26.92786806500004, 5.142599627000152], [26.93109855300014, 5.14367645599998], [26.93408935300016, 5.142124583000111], [26.936609532000034, 5.142124583000111], [26.94754588700016, 5.148244645000034], [26.952150635000123, 5.151925279000125], [26.958171063000123, 5.154025428000068], [26.961111272000153, 5.153045359000089], [26.962651381000114, 5.153045359000089], [26.963793576000057, 5.154385021000053], [26.964611520000062, 5.156965637000042], [26.96561802399998, 5.15827076100004], [26.966066075000015, 5.158851745000163], [26.968391789000066, 5.159065786000042], [26.97301211700011, 5.160465885000121], [26.976652375000015, 5.16228601500012], [26.97791246500003, 5.164106144000129], [26.97926913200007, 5.165178320000052], [26.982712898000102, 5.167038623000053], [26.999593128000015, 5.174822920000111], [27.006572821000134, 5.178119091000042], [27.01355258600006, 5.181415186000038], [27.02053242300019, 5.184711202000074], [27.027512333000175, 5.188007142000117], [27.034827872, 5.190529952000134], [27.04214346800012, 5.19305267600015], [27.049459123000133, 5.195575316000145], [27.056774837000034, 5.19809787000014], [27.064090608000072, 5.200620340000114], [27.071159085000033, 5.203448937000132], [27.075639403000025, 5.205269067000074], [27.08347996000009, 5.207649236000123], [27.08586012900014, 5.20806926500012], [27.092440596000074, 5.208909325000036], [27.094117447000144, 5.208941213000173], [27.095660825000152, 5.207929255000124], [27.097620964000043, 5.206809176000036], [27.10084119300012, 5.207929255000124], [27.10854173900009, 5.208209275000172], [27.113722107000058, 5.20708919600014], [27.115822256000058, 5.206389146000106], [27.11764238600017, 5.204849037000145], [27.118902475000084, 5.204429007000044], [27.12268274300004, 5.20414898700011], [27.123942833, 5.204569017000097], [27.125762962000067, 5.205549086000076], [27.12786311100001, 5.206109126000058], [27.13220341900012, 5.205689096000128], [27.138365053000143, 5.204505373000131], [27.144384284000182, 5.20330892700008], [27.14693858100003, 5.202590102000045], [27.151283884000122, 5.200663126000109], [27.152504861000182, 5.19938864900007], [27.153764950000095, 5.196868470000027], [27.15814424700011, 5.196373060000042], [27.161325487000113, 5.195608381000113], [27.168746014000078, 5.192528162000087], [27.171266193000122, 5.190288003000092], [27.174382741000045, 5.18882529900003], [27.17994680900017, 5.186787754000136], [27.184427127000163, 5.186087705000034], [27.197028022000154, 5.175446949000104], [27.20101832800009, 5.17187670800007], [27.2050085890001, 5.168306442000073], [27.211449046000155, 5.165226223], [27.21606937399997, 5.160325875000069], [27.222940463000157, 5.159275122000111], [27.226290100000142, 5.157525677000024], [27.22853025900008, 5.153885418000016], [27.23287056700002, 5.151365239000143], [27.23798282900009, 5.152976165000041], [27.240291094000042, 5.151505249000024], [27.247011570999973, 5.150805200000093], [27.25723733899997, 5.15018880700012], [27.260172505000185, 5.150945209000042], [27.263112714000044, 5.149265090000029], [27.26619293300007, 5.144784772000037], [27.269553171000098, 5.144924782000089], [27.272353370000076, 5.143384673000071], [27.275573599000154, 5.141424533000077], [27.280473947000075, 5.138764345000084], [27.29265481200008, 5.13288392700008], [27.295875040000055, 5.133863997000162], [27.298815249000086, 5.132183877000045], [27.30105540800008, 5.130363748000036], [27.303575587000125, 5.129663698000172], [27.31253622300011, 5.129243669000175], [27.320138536000172, 5.129986429000155], [27.32737727700004, 5.124763351000183], [27.333677724000097, 5.119302963000109], [27.33941813200005, 5.116782784000065], [27.343198400000176, 5.114262604999965], [27.346966310000028, 5.112966586000141], [27.350338907000094, 5.112722496000174], [27.355239255000185, 5.109642277000148], [27.35859949400009, 5.1072621080001], [27.362379762000103, 5.104461909000122], [27.367700140000125, 5.104741929000056], [27.372600488000046, 5.102921800000161], [27.377360826000086, 5.09956156100003], [27.381141094000043, 5.100121601000012], [27.38478135300005, 5.100261611000064], [27.38848383300018, 5.098578343000042], [27.392201880000016, 5.094521203000113], [27.40312265500006, 5.089900875000069], [27.407742983000105, 5.08808074600006], [27.41068319200008, 5.087380696000025], [27.422023997000053, 5.0847205070001], [27.425804265000068, 5.082900378000033], [27.42832444400011, 5.07996016900006], [27.43308478200015, 5.077860020000116], [27.438965200000155, 5.073379702000125], [27.44138460100004, 5.07016472600003], [27.447883151000042, 5.059629198000152], [27.447981614000128, 5.058152255000095], [27.4462705200001, 5.051784599000086], [27.44167999000007, 5.043875138000146], [27.442015475000062, 5.040278651], [27.442566156000055, 5.033536537000145], [27.442664618000038, 5.02743183900003], [27.443611000000146, 5.019444], [27.45069044900015, 5.024691644000086], [27.454418119000024, 5.039110299000185], [27.45557683300018, 5.052145833000111], [27.455383718000064, 5.059194678999972], [27.45519059900016, 5.066243523000026], [27.454997476000074, 5.073292365999976], [27.452100710000025, 5.077492711000161], [27.44920390599998, 5.081693043000087], [27.442499394000038, 5.084840829000086], [27.435794816000055, 5.087988544000041], [27.40604180500003, 5.120220288000041], [27.404593458000193, 5.126955320999969], [27.40314508000006, 5.133690349000176], [27.401696672000128, 5.140425372000095], [27.400248234000173, 5.147160391000057], [27.395903056, 5.154112676000182], [27.38846808599999, 5.158940739000059], [27.38103300400013, 5.163768714000128], [27.373597809000046, 5.168596602000093], [27.359982918000185, 5.179025029000059], [27.357955168000103, 5.187425707000045], [27.353320312000108, 5.193508956000073], [27.348106098000187, 5.194957349000049], [27.340381377000085, 5.196598955000184], [27.332656617000055, 5.198240467000119], [27.324931816000117, 5.199881884000149], [27.30088849800012, 5.22913941500002], [27.300116042000127, 5.23715385700018], [27.299343566000175, 5.245168297000021], [27.298571070000037, 5.253182733000187], [27.295819150000057, 5.259121150000112], [27.293067178000115, 5.265059553000185], [27.288866856000027, 5.267521835000025], [27.284666500000128, 5.269984088000058], [27.27981825200004, 5.275320727000121], [27.274238073000106, 5.282440265000162], [27.272210339000026, 5.287219964000087], [27.270182574000046, 5.291999655999973], [27.267092736000166, 5.298662279000155], [27.26400283200013, 5.305324886000108], [27.26091286100018, 5.31198747500008], [27.257050547000176, 5.317298273000063], [27.253188166000086, 5.322609046000082], [27.249325719000126, 5.327919794000024], [27.24786412100019, 5.33858945500009], [27.246428934, 5.34906632700006], [27.250918925000178, 5.352687324999977], [27.255408969000086, 5.356308290000186], [27.256857361000186, 5.363550253000142], [27.252415694000092, 5.368378262000022], [27.247973956000124, 5.37320623700009], [27.243532149000032, 5.3780341800001], [27.23947664900004, 5.38643485700004], [27.234262436, 5.408450426000059], [27.232524365000188, 5.424382745000116], [27.233538232000114, 5.428872763000015], [27.235421141000074, 5.439301190000037], [27.236290186000076, 5.445239599000104], [27.23846275500017, 5.450888335000116], [27.24063536400007, 5.456537062000052], [27.24454098900003, 5.463772441000174], [27.248446707000085, 5.47100779200008], [27.251465243000098, 5.476398092000068], [27.25448383300005, 5.481788375000122], [27.255380909000053, 5.488136663000091], [27.256278004000137, 5.494484949000082], [27.25796824100007, 5.500642142000174], [27.259658513000147, 5.506799329000046], [27.264461942000082, 5.514076802000091], [27.269265487000098, 5.52135423500016], [27.274069150000116, 5.528631627000095], [27.27755170300003, 5.533907423000187], [27.278872930000034, 5.535908979000055], [27.278293580000025, 5.543585461000134], [27.277714215000174, 5.551261941000064], [27.275976180000157, 5.55744175600006], [27.274238109000123, 5.563621565000062], [27.27250000200013, 5.569801367000139], [27.278148671000054, 5.576319162000061], [27.283797465000077, 5.582836901000121], [27.28205939300011, 5.590078864000077], [27.274527813000134, 5.594858609000028], [27.26699610999998, 5.599638256000162], [27.258595432, 5.601086649000024], [27.25367089700012, 5.597320828000079], [27.24961539800006, 5.596162113000048], [27.24584955000006, 5.591961787000173], [27.242083756, 5.587761436000164], [27.23860761400016, 5.589499506999971], [27.237883427000043, 5.597465667999984], [27.237159221000127, 5.605431826000085], [27.231365651000033, 5.610066683000184], [27.232234686000083, 5.614701539000123], [27.234407259000193, 5.618901882000102], [27.236579864000078, 5.62310221700011], [27.23831793500011, 5.633530644000132], [27.23788342100005, 5.638744858000052], [27.23744890000006, 5.643959071000097], [27.23353827600016, 5.649462977000042], [27.229627579000123, 5.654966855000168], [27.225572102000058, 5.65815333300003], [27.221516581000117, 5.661339783000017], [27.214274617000115, 5.672347567000088], [27.215867837000133, 5.676837586999966], [27.217461081000124, 5.681327602000124], [27.218909474000156, 5.686252137], [27.216447223999978, 5.690452481000079], [27.213984939000113, 5.694652814000108], [27.209253623000166, 5.700736103000111], [27.204522206999968, 5.706819352000082], [27.199790691000032, 5.712902561000078], [27.195155834000104, 5.717827096000121], [27.190810656000167, 5.725358738000182], [27.18678177000004, 5.72887934400012], [27.179513194000094, 5.732600701000138], [27.171547185000122, 5.736221850000163], [27.163581076000128, 5.739842887000179], [27.155614866000178, 5.743463813000119], [27.14764855500016, 5.747084628000096], [27.144953107000106, 5.751734181000131], [27.14504144800003, 5.756354341000133], [27.150110820000066, 5.756644042000062], [27.155180197, 5.756933698000012], [27.160104732000093, 5.758961448000093], [27.16387055300015, 5.76301694700004], [27.15894601800011, 5.769389875000115], [27.154745695000145, 5.771562480000171], [27.150545341000054, 5.773735053000109], [27.1435930560001, 5.771127946000092], [27.13490270000011, 5.771127946000092], [27.13026784300007, 5.778369909000048], [27.12577781700014, 5.777211213000101], [27.12128780900008, 5.776052480999965], [27.11926005900017, 5.777500874], [27.11897038400008, 5.785322195000106], [27.11868070200012, 5.793143514], [27.113321619000146, 5.789957076000178], [27.107962597000153, 5.786770587000035], [27.107436678000056, 5.795287737000081], [27.105355490000136, 5.801254513000117], [27.09898256000008, 5.801109710000105], [27.092609633999984, 5.800964835000116], [27.087395409000123, 5.799661306000189], [27.08218120700019, 5.798357728000155], [27.079574101000162, 5.793143514], [27.07262181599998, 5.787349944000084], [27.067552479000028, 5.791550305000101], [27.062483067000187, 5.795750621000025], [27.058137889000193, 5.795171264000146], [27.05524110400006, 5.793722871000114], [27.0526339970001, 5.790246729000046], [27.049447533000034, 5.793433193000112], [27.047419784000056, 5.796619657000122], [27.047419784000056, 5.803282264000131], [27.047419784000056, 5.809944869000105], [27.04206073900008, 5.810813930000165], [27.036701678000156, 5.811682940000082], [27.031197786000064, 5.812841654000067], [27.026562929000136, 5.816607475000183], [27.023376466, 5.822111367000105], [27.02627325100019, 5.830222365999987], [27.025404215000037, 5.838333365000096], [27.021348752000108, 5.843402755000113], [27.0172932160001, 5.848472114000117], [27.008995024000058, 5.849127828000178], [27.004463406000127, 5.851393664000057], [26.999931751000076, 5.853659464000145], [26.99557696500017, 5.855555823000088], [26.991222149000123, 5.85745214800005], [26.98827897000001, 5.861427985000148], [26.98180520300008, 5.865959622000162], [26.974036683000122, 5.866606998000066], [26.969181352000135, 5.86595964300011], [26.964326033000134, 5.865312245000155], [26.955910136000057, 5.864664868000148], [26.948141615000054, 5.868549128000041], [26.943933681000033, 5.87049127400013], [26.939725718000147, 5.87243338900015], [26.93325195100016, 5.878907155000036], [26.92691351500008, 5.885261287000162], [26.921666855000126, 5.887263260000168], [26.91642015700012, 5.889265182999964], [26.911564846000147, 5.89088364600002], [26.90670950700013, 5.89250206600002], [26.901168875000167, 5.892937204000134], [26.895628234000128, 5.893372286000101], [26.88923033600014, 5.895091573000116], [26.882756581000137, 5.896062676000099], [26.876282803000038, 5.897033703000091], [26.86463002200003, 5.903507470000022], [26.855566748000115, 5.916455004], [26.85232986500006, 5.926813031000052], [26.85232986500006, 5.933934175000047], [26.85232986500006, 5.94105531800011], [26.852006179000114, 5.945910644000037], [26.85168248800005, 5.950765968000098], [26.847798228000045, 5.957239735000087], [26.84844560500005, 5.963713502000076], [26.848121921000086, 5.971158335000098], [26.847798228000045, 5.978603166000141], [26.84391396800015, 5.985724310000137], [26.835498071000075, 5.987666440000055], [26.827082174000168, 5.98960857000003], [26.81931365400004, 5.991550700000118], [26.813487264000116, 5.996729713000093], [26.810250380000127, 6.001908727000114], [26.80542285500013, 6.004925930000127], [26.805071366999982, 6.00514561000017], [26.7985976, 6.005792987000177], [26.79678015700017, 6.006398801000046], [26.792771209000136, 6.007735117000095], [26.78435531200006, 6.00967724700007], [26.77658679200016, 6.009029870000063], [26.771084080000094, 6.008058833000064], [26.7655813880001, 6.007087740000088], [26.759754984000153, 6.005793018000077], [26.753928608000138, 6.004498234000096], [26.745832778000192, 6.007222500000069], [26.74069403700014, 6.008194608000053], [26.735555278000163, 6.009166667000102], [26.72784696300016, 6.008443771000145], [26.720921903000033, 6.007577333000029], [26.71611111100009, 6.006944444000169], [26.70925961600011, 6.005792987000177], [26.7037569040001, 6.004821950000064], [26.69825421200011, 6.003850857000089], [26.69436992200002, 5.999642923000067], [26.69048569199998, 5.995434960000182], [26.67948028800015, 5.991550700000118], [26.670417015000112, 5.992198076000022], [26.661353741000028, 5.996082337000189], [26.65487997400004, 6.001908727000114], [26.651329178000083, 6.005676736000055], [26.64777833300019, 6.009444722000069], [26.642913269000132, 6.01085576000014], [26.638048180000055, 6.012266754000166], [26.62963228300015, 6.014856261000091], [26.62121638600007, 6.018093144000147], [26.61636108700003, 6.021006361000047], [26.611505736000026, 6.023919534000129], [26.603737216000127, 6.025214288000143], [26.595968695000124, 6.026509041000054], [26.590142298000046, 6.02586169600005], [26.584315915, 6.025214288000143], [26.574722969000106, 6.026970460000143], [26.561195529000145, 6.034352532000014], [26.55996520500014, 6.035023933000048], [26.554796008000096, 6.037844820000146], [26.554399861000093, 6.045239772000059], [26.554003702999978, 6.052634721000061], [26.55360753399998, 6.060029668000027], [26.549051713999972, 6.059633529000052], [26.54449590000013, 6.059237352000025], [26.536968897000065, 6.066764354000043], [26.540930478, 6.072310566000112], [26.539940091000062, 6.077064463000056], [26.538949687000184, 6.081818358000021], [26.531422685, 6.086176095999974], [26.531422685, 6.094099258000085], [26.531422685, 6.102022417000057], [26.52627271200015, 6.106248152000035], [26.521122657999967, 6.110473838000075], [26.515972523000073, 6.11469947300003], [26.50785113200004, 6.111332315000141], [26.49972984200008, 6.107965033000085], [26.491608654000117, 6.104597628000079], [26.48348756700011, 6.101230101000056], [26.477941230000113, 6.095155736000095], [26.472395018000043, 6.089081313000122], [26.46684892999997, 6.083006832000137], [26.455756506000057, 6.072706724], [26.451398768000104, 6.070725934000052], [26.44822950400004, 6.077460620000068], [26.44347560799997, 6.084195306000026], [26.446880136000118, 6.091009075000102], [26.450284750000094, 6.097822821000079], [26.453689448999967, 6.104636544000073], [26.45709423500017, 6.111450243000149], [26.46058500100014, 6.115847976000111], [26.46407582400002, 6.1202456850001], [26.469938738, 6.125395869000101], [26.475801763999982, 6.130545988000165], [26.481664901999977, 6.13569604200012], [26.487528153000085, 6.140846030999967], [26.493391517000134, 6.145995955000103], [26.499949163, 6.149827218000155], [26.506506904, 6.15365840000004], [26.51306473800014, 6.157489500000111], [26.519622666000032, 6.161320520000061], [26.52959409500005, 6.181263380000075], [26.533403475000114, 6.196704180000097], [26.534195791000116, 6.223642925000092], [26.533556854000096, 6.228806217000113], [26.53291790500009, 6.23396950800003], [26.525083221000045, 6.234681811000087], [26.517248516000052, 6.23539399800012], [26.51206916000018, 6.228835973000116], [26.50688993400007, 6.222277895000161], [26.501710835000097, 6.215719765000017], [26.496820387000128, 6.217834318000087], [26.49192990000006, 6.219948825000188], [26.48636637600015, 6.22008975600005], [26.48080285000009, 6.220230628000138], [26.475721639000028, 6.216320110000026], [26.47239514200004, 6.239885403000017], [26.475554384000134, 6.24708586200012], [26.47871371300016, 6.254286300999979], [26.48187312800019, 6.261486718000072], [26.485032629000045, 6.268687115000091], [26.481685099000174, 6.273103775000152], [26.4783375130001, 6.277520413], [26.472131125000146, 6.281217962000142], [26.465924649000158, 6.284915437000109], [26.459718086000066, 6.288612838000063], [26.453874902000166, 6.292970675000106], [26.44803162, 6.297328446000165], [26.442188241000167, 6.301686151000013], [26.43634476400007, 6.306043790000047], [26.427787730000148, 6.305727144000173], [26.41923070700011, 6.305410359000177], [26.410673694000025, 6.305093432000149], [26.402116691000174, 6.304776365000123], [26.393559699000036, 6.304459158000043], [26.38969729300004, 6.310500613000158], [26.38583479700003, 6.316542037000147], [26.381972212000107, 6.322583432000044], [26.378109537000114, 6.328624796000042], [26.370384509000075, 6.332190276], [26.362659375000078, 6.335755640000116], [26.361470915000154, 6.341896092000184], [26.360282427000016, 6.348036539000077], [26.355726650000122, 6.352592376000189], [26.351170793, 6.357148173000098], [26.35137766800017, 6.364371687000073], [26.345228422000105, 6.370617545000073], [26.340672656000095, 6.376361857], [26.336116788000083, 6.382106127000156], [26.32918400700015, 6.381710109000039], [26.322251237000103, 6.381313998000053], [26.31531847700012, 6.380917793000037], [26.308385728000133, 6.380521495000096], [26.296500988, 6.40785639700016], [26.301518920000092, 6.411421869000094], [26.30653692100003, 6.414987291000045], [26.311554992000026, 6.418552664000117], [26.31512041400015, 6.434002825999983], [26.30937619200006, 6.440143308000017], [26.30363183200012, 6.446283724000068], [26.30264144800003, 6.452028017000089], [26.301651042000174, 6.457772306000095], [26.29313365500019, 6.458366614000056], [26.284616248000077, 6.458960780000041], [26.28646494100019, 6.465035210999986], [26.288313679, 6.471109634000186], [26.290162460000147, 6.47718404900013], [26.29531245600009, 6.482928367000056], [26.300462568000057, 6.488672630999986], [26.30798946400006, 6.492238165000117], [26.31551646600002, 6.495803587000069], [26.323043574000053, 6.499368897000011], [26.321512444, 6.504302587000041], [26.319981285000097, 6.509236272000123], [26.324879738000106, 6.512820006000027], [26.329778260000012, 6.516403691000164], [26.32918403300016, 6.52511916900005], [26.328589786000123, 6.533834643000148], [26.332749417000116, 6.537202004000164], [26.336909104000142, 6.540569330000039], [26.34344569600006, 6.541757847000099], [26.349982319000105, 6.542946278000102], [26.35235926700011, 6.556019492000132], [26.352854444000116, 6.562952261000078], [26.353349634999972, 6.569885027000112], [26.35384483900009, 6.576817791000167], [26.35434005700006, 6.583750552000083], [26.36265940100003, 6.582958375000032], [26.37097871900005, 6.582166058000098], [26.37929801100006, 6.581373604000078], [26.3959366470001, 6.590089079999984], [26.392239249000056, 6.595239163000031], [26.38854177400009, 6.600389217000043], [26.38484422300013, 6.60553924300018], [26.388805764000097, 6.610491234], [26.392767383000034, 6.615443193000033], [26.3975212470001, 6.61881055900011], [26.40227517500017, 6.622177879], [26.41217912600007, 6.63723188299997], [26.41217912600007, 6.645551202000092], [26.41217912600007, 6.653870519000179], [26.405444491000026, 6.657634066000071], [26.398709753, 6.661397521000026], [26.39369182700017, 6.665095048000126], [26.388673826000172, 6.668792523000093], [26.383655749000013, 6.672489946000042], [26.377317267000137, 6.676055409000071], [26.37097869300004, 6.679620790000115], [26.362263217000134, 6.686355476000131], [26.362659375000078, 6.694278636000035], [26.355330458000026, 6.694674849000023], [26.348001529000157, 6.695070952000037], [26.343445700000075, 6.69388249900004], [26.338889894000033, 6.692694003999975], [26.332815569000104, 6.696655660000033], [26.326741147000178, 6.700617240000099], [26.320666626000047, 6.704578744000116], [26.31379991700004, 6.705635261000054], [26.306933178000065, 6.706691683000088], [26.30006641000017, 6.707748008000181], [26.291614953000135, 6.70523915300015], [26.2831635820001, 6.702730152000129], [26.27471229700012, 6.700221006000163], [26.26005445100003, 6.708144166000068], [26.25530055500019, 6.713690378000138], [26.257167554000034, 6.720304585], [26.259034604000135, 6.726918782999974], [26.260901704000048, 6.733532972000035], [26.257031074999986, 6.740064659000041], [26.248836893000032, 6.740148881000039], [26.2406427090001, 6.740232965000075], [26.233511911, 6.741817701000116], [26.22638106700009, 6.74340233300012], [26.21925017700005, 6.744986861000143], [26.213307821000058, 6.746175371000049], [26.207365435999975, 6.747363808999978], [26.20716735900004, 6.75350425900001], [26.206969278000088, 6.759644707000064], [26.199442325000177, 6.762814029000083], [26.191915274000053, 6.765983235000135], [26.18934027500012, 6.771331375000159], [26.186765220000098, 6.77667950100016], [26.182143491999966, 6.782753969000055], [26.177521649000084, 6.788828392000028], [26.172899690000065, 6.794902768999975], [26.177653586000076, 6.801043219], [26.174484361000168, 6.806985600000075], [26.171315058, 6.812927959000149], [26.163920181000037, 6.815305020000096], [26.156525232000035, 6.817681968000159], [26.14913020900002, 6.820058803000052], [26.143004069000142, 6.82005888100008], [26.13687792800016, 6.82005888100008], [26.130751788000055, 6.820058803000052], [26.124099090000072, 6.816107014000011], [26.117446500000142, 6.8121551320001], [26.107945069000152, 6.811362770000073], [26.102247188000035, 6.818010425000068], [26.09654914900011, 6.82465801], [26.087685720000138, 6.826399216000027], [26.078822227000103, 6.82814026], [26.06995867000012, 6.829881140000168], [26.071927314000106, 6.838058339000042], [26.073896024000135, 6.846235528000136], [26.075864802000126, 6.854412705000186], [26.0778336460001, 6.862589872000058], [26.079802558000154, 6.870767027999989], [26.08495261200011, 6.900478878000058], [26.07707587600015, 6.900793223000051], [26.069199129000083, 6.901107439000157], [26.061322372000177, 6.901421524000114], [26.059427278000044, 6.90850226800012], [26.057532127000172, 6.915583002000119], [26.055636920000154, 6.922663726000167], [26.04916637900004, 6.924116394000066], [26.04269579800018, 6.925568973000111], [26.036225178, 6.927021465000053], [26.04031869400012, 6.933756188000132], [26.044412326999975, 6.940490874000091], [26.04850607600008, 6.947225523000156], [26.045601933, 6.95373669300011], [26.04269771000014, 6.960247843000104], [26.039793407000104, 6.966758973000083], [26.03688902400006, 6.973270084000092], [26.041147228000114, 6.975056255000027], [26.0454054650001, 6.976842387000033], [26.048116491000087, 6.984200885000121], [26.04669202000008, 6.99037367700015], [26.045267511000077, 6.996546464000062], [26.041943731, 7.000819945999979], [26.038619891000167, 7.005093404000093], [26.030547803, 7.005726649000167], [26.022475693000047, 7.006359756000052], [26.014403562000155, 7.006992724000042], [26.00728111900014, 7.00746760800007], [26.000158662000104, 7.007942384000103], [25.98828791200009, 7.017913814], [25.984964103000152, 7.028834903000075], [25.98425186600008, 7.034295449000183], [25.98353961300006, 7.039755993000085], [25.977366839000183, 7.040943109000068], [25.97119403300013, 7.042130143000065], [25.96644569700004, 7.038568941999984], [25.961697433000097, 7.035007693000125], [25.95647433300013, 7.037619287000041], [25.95125117400005, 7.040230823000115], [25.94222940399999, 7.040230823000115], [25.936531444000025, 7.045453953000106], [25.934632124000075, 7.05495055300014], [25.933207634000155, 7.063497492000067], [25.926082324000163, 7.065016342000149], [25.9189569670001, 7.066535083000133], [25.91183156400001, 7.06805371500019], [25.906850211000062, 7.068149780000056], [25.901868855000032, 7.068245792000027], [25.900919195000142, 7.074893412000108], [25.903768149000143, 7.079166891000114], [25.906617155000163, 7.083440352000082], [25.901868901, 7.087951261], [25.897120555000072, 7.09246212100004], [25.891105993000167, 7.090562879000117], [25.88509147999997, 7.0886635600001], [25.87907701600011, 7.086764162000122], [25.873616432000176, 7.083440384000085], [25.8681559260001, 7.080116542000042], [25.86150830600002, 7.084864842000172], [25.855941097000084, 7.093181451000078], [25.861336235000124, 7.095908213000087], [25.86673143600018, 7.09863491100009], [25.86207108500014, 7.102307711000037], [25.857410660000085, 7.105980463000151], [25.8511499600001, 7.106106369000088], [25.844889257000148, 7.106232191], [25.837766807000037, 7.108131511000124], [25.82542122800004, 7.119527430000062], [25.822097418, 7.132822670000053], [25.826845651000042, 7.139232899999968], [25.831594016999986, 7.145643080000127], [25.826370939000014, 7.150153995000039], [25.821147758000166, 7.154664849000085], [25.8134044790001, 7.154144412000107], [25.80566121800007, 7.153623844000037], [25.799585735000164, 7.152862989000027], [25.793510272000105, 7.152102054000068], [25.787434829000063, 7.151341039000044], [25.78115342500007, 7.156223481999973], [25.774871888, 7.161105839000129], [25.76859021700011, 7.165988108000022], [25.76230841200004, 7.170870291000142], [25.756026474, 7.175752387000159], [25.74788873700004, 7.177427801000022], [25.73975094000002, 7.179103070000167], [25.731613084000116, 7.18077819500013], [25.72347516800005, 7.182453175000148], [25.71533719300004, 7.184128010999984], [25.708660236000128, 7.188109836000024], [25.701983163000023, 7.192091563000076], [25.695305974000064, 7.196073192000085], [25.687952000000166, 7.194362279000188], [25.68059808200013, 7.192651248000118], [25.6626475380001, 7.200427650000108], [25.65115862300013, 7.209745128000122], [25.64712260600004, 7.214018616000033], [25.643086513000128, 7.21829206700005], [25.635330967000073, 7.218608752000023], [25.627575411000123, 7.218925305000027], [25.619819844000176, 7.21924172700011], [25.599262897000017, 7.232855445000098], [25.593625363000058, 7.238146912000161], [25.587987698000177, 7.24343830700019], [25.580408955000053, 7.239184587000125], [25.572811675000082, 7.242033567000135], [25.57209943900017, 7.247968943000046], [25.571387185, 7.253904316000046], [25.56830645600013, 7.257707536000169], [25.565225676000125, 7.261510734000069], [25.55738530400015, 7.259369498000183], [25.54954500600013, 7.257228126000086], [25.546458651000137, 7.263163512000062], [25.54337221600008, 7.269098876000157], [25.540048447000174, 7.27455943300015], [25.536724597000102, 7.280019965000065], [25.529958398000133, 7.282869097000059], [25.523192113000107, 7.285718128000156], [25.516425743000127, 7.28856705700008], [25.509659287000034, 7.291415885000049], [25.504911060000154, 7.298300946000154], [25.500162688000046, 7.305185955000013], [25.493356810000023, 7.305819164000127], [25.48655091400019, 7.306452271000182], [25.47974499800017, 7.307085275000134], [25.473097369000186, 7.306768820000173], [25.466449749000105, 7.306452266000122], [25.459802139000033, 7.306135615000073], [25.44935587900011, 7.305660785000043], [25.43558581000019, 7.313258064000081], [25.42703887, 7.322754664000172], [25.422448973000087, 7.328927503000102], [25.41785895000004, 7.335100293000153], [25.413268800000026, 7.341273034000096], [25.405245563000108, 7.344803254000169], [25.397222200000158, 7.34833333000006], [25.395700091000037, 7.339848544], [25.395090277000065, 7.33444819500005], [25.390476961000104, 7.328927454000052], [25.384541640000066, 7.332963549000112], [25.378606212000136, 7.336999564], [25.371001366000087, 7.340629007000189], [25.363396397000145, 7.344258321000098], [25.355791305000082, 7.347887505000188], [25.344893283000033, 7.375460792000126], [25.34441846300018, 7.384482564], [25.343943623000143, 7.39350433200002], [25.336810567000043, 7.397777090000091], [25.329677374000084, 7.402049733000183], [25.33301181700017, 7.407511060000047], [25.336346343, 7.412972361000129], [25.334921877000113, 7.420332229000167], [25.33349736300005, 7.427692090999983], [25.326058381000053, 7.428325322000092], [25.318619378000108, 7.428958429000147], [25.3111803540001, 7.429591411000104], [25.288863344000106, 7.453332910000086], [25.28680580400004, 7.459347434], [25.284748208000167, 7.46536194700019], [25.282690554999988, 7.471376449000104], [25.27521212800019, 7.474225620000027], [25.267733604000114, 7.47707466300011], [25.260254983000152, 7.479923580000047], [25.25277626500008, 7.482772369000088], [25.24565383100014, 7.483247314000039], [25.23853138100003, 7.483722144000069], [25.23140891600002, 7.484196859], [25.20244428700005, 7.492743799000039], [25.20037514400019, 7.498763794000126], [25.19830594500013, 7.50478377800016], [25.196236688000056, 7.51080375000015], [25.192608033000113, 7.51712937800005], [25.188979273000086, 7.523454974000117], [25.185350408000147, 7.529780538000182], [25.190854132000027, 7.532167844000185], [25.196357917000057, 7.534555080000132], [25.194415416000027, 7.540952168999979], [25.192472857000155, 7.547349247000113], [25.18701237500005, 7.552334997000173], [25.181551768000077, 7.557320677000064], [25.181515842000124, 7.563696721000042], [25.181479914000136, 7.570072762999985], [25.17368122300013, 7.574380465000104], [25.165882378000163, 7.578688026000066], [25.189301659000137, 7.600150863000181], [25.195269031, 7.605634172000123], [25.202401695000106, 7.610881372000108], [25.209534532000077, 7.616128453000044], [25.216667543000085, 7.621375415000045], [25.22380072800007, 7.626622258999987], [25.230934086, 7.63186898400005], [25.23924348700018, 7.634005959000035], [25.24755297000013, 7.636142774000177], [25.255862536000052, 7.638279429000136], [25.264172185000064, 7.640415924000081], [25.286470738000048, 7.655468526000107], [25.295985794000046, 7.679351983000174], [25.29384908200018, 7.683862874000056], [25.291712324000116, 7.688373753000178], [25.287913789000186, 7.694230025000138], [25.284115149000115, 7.700086261000081], [25.280316405, 7.705942462000166], [25.278417085000058, 7.738705730999982], [25.280673643000114, 7.745450543000118], [25.282930272000044, 7.752195340000128], [25.285186973000123, 7.758940124000105], [25.284877642000026, 7.766194204000044], [25.284568301000093, 7.773448282], [25.284258949000105, 7.780702357000109], [25.283949587000052, 7.787956429000076], [25.283640214000172, 7.795210499000063], [25.275257954999972, 7.795736668000131], [25.26687567600004, 7.796262672000125], [25.253570387000025, 7.811261361999982], [25.250872385000093, 7.819140495999989], [25.24817428100016, 7.827019609999979], [25.245476076000102, 7.834898704000182], [25.24277777000009, 7.84277777799997], [25.23970495700013, 7.849383270000146], [25.23663204600018, 7.855988737000189], [25.230221936000078, 7.862161577000052], [25.223811636000107, 7.868334317000063], [25.221200113000123, 7.874981946000048], [25.218588507, 7.881629557], [25.213158502000056, 7.880228229000068], [25.20772853400001, 7.878826830000037], [25.19938157500013, 7.882626092000123], [25.197114317000114, 7.887350960999981], [25.194847007000135, 7.892075816000045], [25.188199655000062, 7.897655229000122], [25.181552125, 7.903234535000081], [25.174904416, 7.908813734000091], [25.168256528000086, 7.914392826000039], [25.160817457, 7.912493639000047], [25.15337845400012, 7.910594319000097], [25.145939519000024, 7.908694866000019], [25.137748610000074, 7.907151910000096], [25.12955776300015, 7.905608792000123], [25.121366976, 7.90406551500007], [25.11317624999998, 7.902522076000025], [25.106062343000133, 7.900606950000167], [25.098948501000052, 7.898691702000178], [25.091834725000126, 7.896776334000151], [25.08472101500007, 7.894860844000107], [25.080082957000172, 7.900100041000087], [25.075444782000034, 7.905339186000049], [25.07080649000011, 7.910578277000184], [25.066168081000114, 7.91581731600013], [25.060565426000096, 7.922085226000036], [25.05496260200016, 7.928353059000074], [25.049359609000078, 7.93462081500013], [25.0437564450001, 7.940888494000092], [25.038153112000032, 7.947156095000082], [25.030199957000036, 7.951429795000024], [25.022246637000137, 7.955703341000117], [25.014293152000107, 7.959976734000122], [25.00633950300005, 7.96424997400004], [24.999079277000078, 7.963716835000071], [24.991819070000076, 7.96318356800009], [24.985408297000163, 7.960401603000037], [24.97899761000008, 7.957619538000131], [24.96811146500005, 7.982052886000076], [24.966134499000077, 7.990838325000027], [24.964157449000083, 7.999623751000058], [24.962180314000022, 8.008409163000067], [24.957717173000106, 8.014392121000014], [24.95325390200003, 8.02037502900015], [24.94879050000003, 8.026357887000131], [24.94432696800004, 8.03234069400014], [24.939863305000074, 8.0383234520001], [24.932503445000066, 8.038560933000099], [24.925143576000153, 8.03879828200013], [24.90121546800009, 8.051029279000034], [24.89964402800007, 8.059613059000071], [24.898072523000167, 8.068196829000101], [24.896500951000178, 8.07678058900018], [24.894929312000045, 8.085364340000126], [24.893357607000155, 8.093948081000065], [24.891785836000054, 8.102531812000166], [24.890213998000036, 8.111115534000021], [24.888642093000044, 8.119699246000039], [24.884546742000055, 8.126405945000101], [24.880451255000025, 8.133112601000107], [24.876355632000184, 8.13981921400017], [24.872259873000132, 8.146525783000072], [24.868163977000165, 8.1532323080001], [24.864995909000072, 8.160431118000133], [24.861827727000104, 8.167629901000055], [24.85865943200008, 8.174828656000159], [24.850589891000027, 8.172853164000117], [24.84252042999998, 8.170877512000061], [24.834451048000062, 8.168901698000013], [24.80358709899997, 8.172700338000084], [24.797176974000138, 8.177686104000145], [24.79076669000017, 8.182671767000102], [24.783845073000066, 8.183501522000086], [24.776923427000042, 8.18433115800002], [24.77000175300003, 8.185160676000066], [24.762276891, 8.180772447000152], [24.758319880999977, 8.176024187000053], [24.75436296400005, 8.171275887000093], [24.750406141000155, 8.166527548000033], [24.75016873100003, 8.174837074000152], [24.749931311000125, 8.183146597000132], [24.744708436999986, 8.189675614000066], [24.73948539200012, 8.196204561000172], [24.734262177000062, 8.20273343800011], [24.729038792000154, 8.209262246000094], [24.72146553100015, 8.209004372000095], [24.713892281000028, 8.20874635500013], [24.706319039000107, 8.20848819600019], [24.698745808000126, 8.208229895000045], [24.691172587000096, 8.207971451000162], [24.68359937500003, 8.207712865000076], [24.675878492000095, 8.210492154000065], [24.66815750100011, 8.213271295000084], [24.660436403, 8.216050287000144], [24.652715197000134, 8.218829131000064], [24.644993884000144, 8.221607826000024], [24.63631597800014, 8.220942203999982], [24.627638100000127, 8.220276395000042], [24.618800418000035, 8.218828932000122], [24.60996280000012, 8.217381274000047], [24.601125246000038, 8.215933421999978], [24.59228775600019, 8.214485376000084], [24.5840967420001, 8.21128052400013], [24.57590585900016, 8.20807550600017], [24.56771510700014, 8.204870320000168], [24.559524487000147, 8.201664967000056], [24.553826527000126, 8.205463606000023], [24.550502717000086, 8.212111226000104], [24.544567314000062, 8.210211949999973], [24.538631968000118, 8.208312586000034], [24.534121137000056, 8.213060912000174], [24.529610198000114, 8.217809186000125], [24.5247037150001, 8.221607887000118], [24.519797139000048, 8.225406527000132], [24.514890469000136, 8.229205106000109], [24.508401188000107, 8.231104530999971], [24.501911844000176, 8.233003851000092], [24.49542243900015, 8.234903066000129], [24.48592583900006, 8.256745245], [24.484976228000107, 8.263511579000124], [24.48402658400005, 8.270277909000072], [24.483076908000157, 8.277044234000073], [24.482127200000093, 8.283810554000013], [24.47418510300014, 8.283003540000038], [24.466243039000062, 8.282196367000154], [24.458301007000046, 8.281389037000167], [24.450359008000078, 8.280581548000043], [24.442417041000112, 8.279773901999988], [24.43447510600015, 8.278966097000023], [24.426533204000123, 8.278158135000183], [24.418591334000098, 8.277350015000081], [24.411438363, 8.275388463000127], [24.40428546200019, 8.273426783], [24.397132632000023, 8.271464975000072], [24.390722335000135, 8.26576706700007], [24.38431222300005, 8.26006905500003], [24.360095893000107, 8.251047285000027], [24.354081490000112, 8.254687739000133], [24.348066977000087, 8.258328103000053], [24.34205235400009, 8.261968375000151], [24.33386161800007, 8.263274409000019], [24.325670827000124, 8.264580276000174], [24.317479983000112, 8.265885974000014], [24.309289085000046, 8.267191505000142], [24.286972076000154, 8.270990144000109], [24.28002504300008, 8.273809853000103], [24.27466930700018, 8.275983550000092], [24.27307791000004, 8.276629440000079], [24.27219859300004, 8.276986302000125], [24.266130679000128, 8.279448907000187], [24.259183350000058, 8.282268252000165], [24.252235921000135, 8.285087476000172], [24.24450495600007, 8.286877859000072], [24.236773922000054, 8.288668091000034], [24.229042817000106, 8.290458174000094], [24.202909607000038, 8.305398310999976], [24.199119818999975, 8.312885405999964], [24.195329888, 8.320372463000126], [24.190441510000028, 8.325052967000147], [24.18555301700013, 8.32973340899997], [24.18066440700011, 8.334413790000099], [24.177928086000122, 8.340336490000027], [24.175191683000094, 8.346259169000064], [24.172455196999977, 8.352181828000141], [24.168338803000097, 8.357321979000062], [24.1642223020001, 8.362462086], [24.160308100000066, 8.365871037999966], [24.15639383000007, 8.369279951000067], [24.153941957000143, 8.373931129000141], [24.15354485000006, 8.379251381000131], [24.15496934000015, 8.385899001000041], [24.152832634000106, 8.391122137000025], [24.15069587000005, 8.396345260999965], [24.15310672800001, 8.402132473999984], [24.155517658, 8.407919670000126], [24.15913342600004, 8.413241615000175], [24.162749293, 8.418563524999968], [24.16636525900003, 8.423885400000017], [24.166127847000155, 8.42910853], [24.165890429, 8.434331659000065], [24.165028527000118, 8.439804721000144], [24.1641666000001, 8.445277780000083], [24.167640022000114, 8.451675486000113], [24.171113559, 8.45807315899998], [24.16817179800006, 8.465534919999982], [24.165229924000187, 8.472996656000134], [24.16228793700003, 8.480458367000097], [24.166640220000147, 8.483843531000105], [24.170992580000018, 8.48722864600012], [24.176437909000185, 8.487294628000086], [24.181883239000058, 8.487360534], [24.203876790000038, 8.50036747300004], [24.205886912000096, 8.50828988800015], [24.20789711600014, 8.516212290000169], [24.210748036000155, 8.522670809000147], [24.21359905200012, 8.529129304000094], [24.21645016400015, 8.535587777000046], [24.22078514599997, 8.543155801000069], [24.225120298000036, 8.550723774000176], [24.229455622000103, 8.558291695000094], [24.233791117000067, 8.565859565000096], [24.241228828000033, 8.569309670000166], [24.24866667300006, 8.572759631000054], [24.256104652000033, 8.576209448000156], [24.255621071000064, 8.584430503000078], [24.255137469000033, 8.592651553000167], [24.250108436000062, 8.598648220000086], [24.245079245000056, 8.60464482000009], [24.24004989500014, 8.610641353000062], [24.23502038700019, 8.616637817000026], [24.229990721000036, 8.62263421400013], [24.223220442000013, 8.641977867000037], [24.22335924500004, 8.642150832000084], [24.228735666000034, 8.648850650000043], [24.234112276000076, 8.655550390000144], [24.239489077000087, 8.662250052000047], [24.24455383300011, 8.665890483000112], [24.24961868600002, 8.669530847000033], [24.25468363700014, 8.673171142000058], [24.263842113000123, 8.681632355000147], [24.26465506600016, 8.69121468100002], [24.25892914400015, 8.695128205], [24.253203104000136, 8.699041642000054], [24.245466238000176, 8.699281792000022], [24.237729363000142, 8.699521785000115], [24.229992477, 8.69976162100005], [24.221920131, 8.696081946000163], [24.21384794300019, 8.692402099000049], [24.20577591200015, 8.688722081000037], [24.197704037999983, 8.685041891000026], [24.189817474999984, 8.689509258000044], [24.18193072600019, 8.69397646100009], [24.17404379000004, 8.698443499000064], [24.166156667000052, 8.70291037300018], [24.160369813000102, 8.698062238000034], [24.154583107000065, 8.693214013999977], [24.1487965500001, 8.688365701], [24.145710126000154, 8.6848044890001], [24.14262376000005, 8.681243252], [24.13811290600006, 8.683854843], [24.133601990000045, 8.686466381000116], [24.124732625000092, 8.688401793000025], [24.115863170000125, 8.690336999000067], [24.107932337000022, 8.69111107499998], [24.100001472000088, 8.691884986000161], [24.09207057500015, 8.69265873200004], [24.084139645000107, 8.693432313000017], [24.076208682000185, 8.694205729000089], [24.068097337999973, 8.694053593000092], [24.059986001000027, 8.693901284], [24.051874671, 8.693748803000119], [24.045156964000114, 8.689528108000047], [24.0384394080001, 8.685307293000108], [24.03172200200015, 8.681086359000119], [24.02500474599998, 8.676865305999968], [24.01828764000004, 8.672644133000063], [24.011570684000105, 8.668422842000098], [24.006347541000025, 8.667473218000055], [24.001124425000057, 8.666523522000148], [23.997800526000105, 8.661458699000036], [23.994476716000065, 8.656393846000128], [23.991152995000107, 8.651328962999969], [23.98759171000006, 8.644918776000111], [23.984030545000053, 8.638508553000065], [23.969310816000075, 8.637558893000175], [23.964348426000186, 8.654590394000081], [23.964455469000086, 8.661981449000109], [23.964562516000115, 8.669372502000158], [23.964918618000127, 8.676613664000115], [23.965274734000104, 8.683854823], [23.96563086300017, 8.691095978000078], [23.965987006000034, 8.69833713100013], [23.959526937000135, 8.70405278100003], [23.9530666710001, 8.709768320000137], [23.94660620999997, 8.715483747000064], [23.938481959000057, 8.716451277000033], [23.93035766700018, 8.717418634000012], [23.92223333300018, 8.718385816000136], [23.91410895700011, 8.719352825000101], [23.905984539000087, 8.720319660000087], [23.89703806500006, 8.719836385000121], [23.888091614000132, 8.719352899000114], [23.879145187000177, 8.718869202000121], [23.870198782000045, 8.71838529500019], [23.865040581000017, 8.722254096000086], [23.85988227400003, 8.726122826999983], [23.854723860000036, 8.729991486000074], [23.846341150000114, 8.727413074000083], [23.837958556000046, 8.72483447600007], [23.829576076000137, 8.722255693000136], [23.82119371200008, 8.71967672400018], [23.812811463000116, 8.717097570000135], [23.80442932800014, 8.714518231000113], [23.796047308000084, 8.711938707000058], [23.78766540400005, 8.709358998000027], [23.779283614000065, 8.706779102999974], [23.732858848000035, 8.713549382000167], [23.727055902000075, 8.718385384999976], [23.721252806000052, 8.723221298000169], [23.715449561000128, 8.728057121000177], [23.70790549000003, 8.727477111000155], [23.700361442000087, 8.726896952000175], [23.692817417000185, 8.726316642000143], [23.685273416000086, 8.725736183000151], [23.677729438000142, 8.725155573000052], [23.670273439000027, 8.72939691900018], [23.662817272000154, 8.733638117999988], [23.655360936000136, 8.737879170000099], [23.64790443100003, 8.742120074000127], [23.64044775800005, 8.746360830000185], [23.632990917000086, 8.750601438000047], [23.6255339060001, 8.754841899000155], [23.61735449500003, 8.750923684000043], [23.609175256000185, 8.747005291000107], [23.600996188000067, 8.743086721000111], [23.59281729000014, 8.739167974000111], [23.586952883000095, 8.734104107000121], [23.58108863400014, 8.729040147000148], [23.575224543000104, 8.723976096000115], [23.56936061000016, 8.718911953000031], [23.563496835000024, 8.713847718000181], [23.557633218000092, 8.708783391000111], [23.545451465000156, 8.700382914000045], [23.52684894700019, 8.698074460000157], [23.517993016000105, 8.70381522100007], [23.51347403000011, 8.713531691000014], [23.516955978999988, 8.720970729000044], [23.520438065000178, 8.728409732000102], [23.52392028900016, 8.735848700000133], [23.52263979500009, 8.742600946000152], [23.521359255000164, 8.749353185000075], [23.5200786690001, 8.756105418000175], [23.517251207000072, 8.759747139000126], [23.51442369000017, 8.763388839000186], [23.50682641000003, 8.77715890900015], [23.497833468000067, 8.809300462000067], [23.5031454060001, 8.816167546000031], [23.50845754, 8.823034553000014], [23.51376987000009, 8.829901482000025], [23.51908239700009, 8.836768333], [23.524395120000122, 8.843635107000125], [23.528236229000015, 8.851344484000037], [23.532077497000046, 8.859053818000177], [23.535918926000022, 8.86676310900009], [23.539760515000182, 8.874472358000105], [23.543602264000185, 8.88218156400012], [23.547444174000077, 8.889890726999965], [23.551286245000085, 8.897599848000027], [23.555128476000107, 8.9053089250001], [23.558970868000074, 8.913017960000161], [23.562813422000033, 8.92072695200011], [23.566656136, 8.928435901000114], [23.570499012000028, 8.936144807000062], [23.57434205000004, 8.943853671], [23.578185249000114, 8.951562491000118], [23.582028610000066, 8.95927126800018], [23.585872133000066, 8.966980001000024], [23.589715818, 8.97468869200003], [23.58852253900011, 8.983140579000064], [23.58732920400007, 8.99159245900006], [23.5861358140001, 9.000044331000026], [23.584942369000032, 9.008496195000134], [23.5830366350001, 9.022883428000114], [23.582324378000067, 9.028818801000114], [23.577142444000117, 9.034654016000047], [23.569029138000076, 9.031192951000094], [23.56602177900004, 9.025020188000155], [23.563014522000174, 9.018847398000105], [23.560007368000072, 9.01267458100017], [23.555971263000117, 9.008163719000152], [23.551935259000174, 9.003652812000041], [23.55098557700012, 8.99510587500015], [23.550035939000054, 8.986558932000037], [23.539589679000073, 8.956644643000175], [23.509439660000112, 8.949541944000032], [23.502186294000182, 8.95316937900003], [23.49493278400007, 8.95679667100012], [23.487679130000117, 8.960423821000063], [23.48042533199998, 8.964050827000108], [23.473171391000108, 8.967677691000176], [23.465917305000175, 8.971304411000062], [23.45866307600005, 8.974930989000086], [23.451408702000094, 8.978557423000098], [23.454211768, 8.98597291700014], [23.45701494700006, 8.993388387000152], [23.459818241000164, 9.000803832000031], [23.45997651100015, 9.009034221999968], [23.460134788000175, 9.017264608000062], [23.460293072000127, 9.02549499100013], [23.462350571000115, 9.034041946], [23.46440816800009, 9.042588886000033], [23.466465861000074, 9.051135810000062], [23.465266141000086, 9.05904631900006], [23.464066369000136, 9.066956820000087], [23.462866544000065, 9.074867314000187], [23.461666666999974, 9.082777800000144], [23.463483865000057, 9.090995074000034], [23.46530114700016, 9.099212336000107], [23.46711851100008, 9.10742958500009], [23.46893595800009, 9.115646821000041], [23.47075348900006, 9.123864045000118], [23.47257110200013, 9.132081255], [23.47438879900011, 9.14029845300007], [23.474882255000125, 9.142529101000093], [23.474882256, 9.142529102000026], [23.476206580000166, 9.148515638000106], [23.478024443000038, 9.156732810000165], [23.4798423900001, 9.164949970000066], [23.48166042100013, 9.173167116000172], [23.489971380999975, 9.174148762000186], [23.498282386000085, 9.175130217000117], [23.50659343700005, 9.176111481000135], [23.51490453399998, 9.177092554000069], [23.523215676, 9.178073436000034], [23.531526864000057, 9.179054127000086], [23.53607098100008, 9.18542646000003], [23.540615260000095, 9.191798733000098], [23.545159702000092, 9.198170947000165], [23.549704307000127, 9.204543101000127], [23.557301763999988, 9.206777836000072], [23.564899317000084, 9.209012410000184], [23.572496965000028, 9.21124682400017], [23.579072608000104, 9.209538325000096], [23.58564818800005, 9.207829705000108], [23.594373783000037, 9.20922893400018], [23.59478321299997, 9.214224054000113], [23.59519265500012, 9.219219173000113], [23.599450790000105, 9.222167113000182], [23.60796706000002, 9.222658436000017], [23.610690189000024, 9.230107285000031], [23.61157184600006, 9.236694030000137], [23.612453535999975, 9.243280770000126], [23.61333525800012, 9.249867506000157], [23.62189281900004, 9.250178894000157], [23.630450395000025, 9.250490079000087], [23.639007986000138, 9.250801059000025], [23.64196418900002, 9.256869172000052], [23.64492049300003, 9.262937258000079], [23.648732439000128, 9.268927582000117], [23.652544515000045, 9.274917863999974], [23.65972621399999, 9.290397455000118], [23.651922146000175, 9.294522492999988], [23.650210656000127, 9.299812635000023], [23.648499115, 9.305102768000154], [23.645128055000157, 9.310652260000097], [23.641756889000135, 9.316201718000059], [23.63838561700004, 9.321751143000142], [23.637140878000025, 9.336376819000066], [23.63838561700004, 9.342600510000125], [23.63791884700015, 9.347657261000109], [23.63745206300007, 9.35271400900018], [23.63885239300015, 9.378697920999969], [23.64678760000004, 9.383054505000189], [23.648343523000108, 9.38927819700018], [23.64772115400001, 9.393012412000132], [23.648187931, 9.400947619000078], [23.65316684400011, 9.403771118], [23.658145837000063, 9.406594546000065], [23.66994536599998, 9.435161827000172], [23.67180845000013, 9.450066495000101], [23.667150825000135, 9.456276805000186], [23.662493032000157, 9.462487052000029], [23.655040493000172, 9.457725998000114], [23.647588159000122, 9.452964784000187], [23.64013603, 9.448203411000122], [23.631441640000048, 9.481738915], [23.63189155300006, 9.48820950600009], [23.632341483000175, 9.494680094000046], [23.634684278000123, 9.499612373000048], [23.637027139999987, 9.504544635000116], [23.640479730000038, 9.516135471999974], [23.640972948000183, 9.522177505000116], [23.641466184000137, 9.528219535], [23.64565861400007, 9.533398419000036], [23.64738490900004, 9.537837463000187], [23.645104253000113, 9.54135758800004], [23.637651918000188, 9.544462727000166], [23.631848256000126, 9.541290053000012], [23.625231362000136, 9.544548386000088], [23.627754627000115, 9.551857704000156], [23.630278, 9.559167000000116], [23.634702574000073, 9.566648885000177], [23.63912734200005, 9.57413071100018], [23.64355230300015, 9.581612477000135], [23.647977458000128, 9.5890941830001], [23.652402807000044, 9.596575830000177], [23.656828350000012, 9.604057417000092], [23.66125408700003, 9.61153894400013], [23.66568001900015, 9.619020411000179], [23.670106145000034, 9.626501818], [23.674532467000176, 9.633983165000075], [23.678958983000143, 9.641464453000026], [23.683385694000037, 9.648945680000054], [23.68781260000003, 9.656426847000091], [23.69223970200005, 9.663907952999978], [23.696667000000105, 9.671389], [23.6989619740001, 9.67792703400005], [23.697895222000113, 9.68679669900007], [23.69682841300005, 9.695666356], [23.695761549000053, 9.704536005000023], [23.69469462800015, 9.713405646000126], [23.693627651000043, 9.722275279000144], [23.69256061800013, 9.731144905000178], [23.69149352900007, 9.740014521999967], [23.690426384000148, 9.748884132000057], [23.68935918200009, 9.757753733000186], [23.68829192300018, 9.766623327000104], [23.687224608000065, 9.775492912000061], [23.686157237000145, 9.784362490000092], [23.685089807999987, 9.79323205999998], [23.684022324000125, 9.802101622000066], [23.68295478200008, 9.81097117500019], [23.68188718400006, 9.819840721000048], [23.680819527999972, 9.828710259000104], [23.679751816000135, 9.837579789000188], [23.67868404700016, 9.84644931000014], [23.67761622100005, 9.85531882400005], [23.67654833800009, 9.864188330000104], [23.675480398, 9.873057827000025], [23.67441240100004, 9.881927317000077], [23.673344346000192, 9.890796799000157], [23.673045307000052, 9.893279985000106], [23.672276234000094, 9.899666272000104], [23.667664095000134, 9.907136987000172], [23.66305174700011, 9.914607636000028], [23.65843919000008, 9.922078218000138], [23.65382642500009, 9.92954873300016], [23.649213450000047, 9.937019181000096], [23.64460026500018, 9.944489563000047], [23.63998687100002, 9.95195987700015], [23.635373268000137, 9.95943012500004], [23.6307594540001, 9.966900305000138], [23.626145431000168, 9.974370419000081], [23.621531197000138, 9.981840465000118], [23.616916753000055, 9.989310444000125], [23.608657086000107, 10.002901633000135], [23.60501193700003, 10.00902286700017], [23.601366651999967, 10.015144060000125], [23.59772123000016, 10.021265210000138], [23.592920947000096, 10.02887211500007], [23.588120440000182, 10.036478948000024], [23.58331970900008, 10.044085708000068], [23.57851875400013, 10.051692394000042], [23.573717574000057, 10.059299008000096], [23.568916169999966, 10.06690554800008], [23.56411454100015, 10.074512014999982], [23.559312686000112, 10.082118408999975], [23.554510607000054, 10.089724730000057], [23.549708302, 10.097330977000126], [23.544905771000117, 10.104937151000115], [23.540103015000113, 10.11254325100009], [23.535300033000055, 10.120149278000099], [23.530496824000124, 10.12775523099998], [23.52569339000007, 10.135361111000122], [23.520889728000157, 10.14296691700008], [23.516085840000017, 10.150572649000026], [23.511281726000107, 10.158178307000128], [23.506477384000107, 10.165783891000046], [23.501672815000063, 10.173389401000122], [23.496868018000157, 10.180994837000071], [23.492062994000094, 10.188600200000053], [23.487257742000054, 10.196205488000146], [23.482452263000084, 10.203810701000123], [23.477646555000035, 10.21141584100019], [23.47284061800019, 10.21902090600014], [23.468034454000076, 10.226625897000133], [23.46322806000012, 10.234230813000181], [23.45842143800013, 10.241835655000045], [23.453614586000185, 10.249440422000134], [23.44880750600015, 10.257045115000096], [23.444000196000104, 10.264649733000113], [23.44057356400009, 10.27006996200015], [23.439192656000046, 10.272254276000012], [23.43438488700008, 10.279858745000126], [23.429576887000167, 10.287463138000078], [23.424768658000175, 10.29506745700013], [23.419960198000012, 10.302671700000019], [23.415151507000132, 10.310275869000122], [23.41034258600007, 10.31787996300011], [23.405533434000063, 10.325483981000048], [23.40072405100011, 10.333087924000154], [23.3959144370001, 10.340691792000086], [23.391104590999987, 10.348295584000027], [23.386294514000042, 10.355899301000079], [23.376926599, 10.370774169000185], [23.372368782000137, 10.378045327000166], [23.367810755, 10.385316417000126], [23.363252516999978, 10.392587439000067], [23.358694069000137, 10.399858392999988], [23.354135409000037, 10.407129279000117], [23.349576538000065, 10.414400097000055], [23.34501745700004, 10.421670846999973], [23.340458163000108, 10.428941528], [23.335898658000076, 10.436212141], [23.331338941000183, 10.443482686000038], [23.32677901300019, 10.450753162000126], [23.322218872000064, 10.458023570000023], [23.317658519000133, 10.465293909000025], [23.312156370000082, 10.46900795099998], [23.30665409000011, 10.472721898000088], [23.30018905100013, 10.475748182000189], [23.29372388600018, 10.478774334000093], [23.279693240000086, 10.485927213000139], [23.26923903200003, 10.493355202000032], [23.261535932000015, 10.501333413000111], [23.25586914500002, 10.508101345000057], [23.25020211100008, 10.51486917300008], [23.244534831000124, 10.521636896000075], [23.238867303000177, 10.528404516000137], [23.233199528000057, 10.535172031000059], [23.227628751000054, 10.539161285000091], [23.22205783100003, 10.543150440000034], [23.21648676700005, 10.547139496], [23.21091556000016, 10.551128453000103], [23.203350100000023, 10.554567427999984], [23.19578447100008, 10.558006221000028], [23.191107589000183, 10.565434210000092], [23.186843438999972, 10.570248677000109], [23.18257915600003, 10.575063085000181], [23.176251705000084, 10.579740032000188], [23.169924063, 10.584416850000082], [23.16350494300019, 10.587534903000062], [23.157085693, 10.590652824000188], [23.150666312999988, 10.59377061400005], [23.145439209000074, 10.60339948900014], [23.142413059000148, 10.610277273000065], [23.139386774000116, 10.617155025000159], [23.137594676000163, 10.620118946], [23.13581040300005, 10.623069927000188], [23.13223389500007, 10.628984786000103], [23.127282096999977, 10.635037302000114], [23.122330104000184, 10.641089738000176], [23.117377916000066, 10.64714209300007], [23.11283863799997, 10.650443455000072], [23.108299262000116, 10.653744750999977], [23.101146384000174, 10.65704607900011], [23.09454377100019, 10.659109479000165], [23.087941069000067, 10.66117274000004], [23.08365490099999, 10.664304449000099], [23.07749001200017, 10.669771585000035], [23.071324903000175, 10.675238598000021], [23.066362008000112, 10.679038489000106], [23.061398989999986, 10.682838300000128], [23.056435848000035, 10.68663803100003], [23.050464850000026, 10.690050221000092], [23.045431837000024, 10.692926228000147], [23.04449371900006, 10.693462296000064], [23.038522454000088, 10.696874256000115], [23.03145656300012, 10.700757325000154], [23.024390493000055, 10.70464023400018], [23.016687393000097, 10.707666451000023], [23.008434072000114, 10.707941562000087], [23.004582522000135, 10.712893555000107], [23.002931881000052, 10.717295331000173], [23.001281193000068, 10.721697098000163], [22.99857336600013, 10.728234352000129], [22.99586542300017, 10.73477157900004], [22.990753509000115, 10.748055405000116], [22.988349546999984, 10.754802008000127], [22.985945478000133, 10.761548589000085], [22.981748332000166, 10.76709036700015], [22.973495011000182, 10.77094191700013], [22.96909323900013, 10.77616902], [22.964966670000024, 10.782909261000043], [22.9608399170001, 10.789649445000123], [22.95657579000016, 10.795977022000045], [22.952311485000166, 10.8023045380001], [22.94749715500012, 10.80904479000003], [22.942682610000077, 10.815784964000102], [22.935804842000152, 10.825688949000039], [22.926451078000184, 10.842195593000156], [22.922049306000133, 10.850999135999984], [22.920948885000143, 10.8569140190001], [22.919848420000108, 10.862828896], [22.91668473400017, 10.871082236000063], [22.913520874000085, 10.879335540000113], [22.909119102000034, 10.886763529000177], [22.905680258000075, 10.890202433000127], [22.902241334999985, 10.893641297000102], [22.89508858400012, 10.899006040000188], [22.88793557700012, 10.904370615000062], [22.883344268000087, 10.907447338000168], [22.87875286500008, 10.91052399200015], [22.873629820000133, 10.92280303300015], [22.875510141000177, 10.931368940000027], [22.870655077000094, 10.93175950900013], [22.8658, 10.93215], [22.85951999000008, 10.931660065000074], [22.85324, 10.93117], [22.84741000000014, 10.93413], [22.83990500599998, 10.934210276000101], [22.832400008000036, 10.934290369000053], [22.83207786400004, 10.934293798999988], [22.824895006000077, 10.934370276000038], [22.81739000000016, 10.93445], [22.80904624200008, 10.936616456000081], [22.800702363000084, 10.938782685000149], [22.792358363000176, 10.940948685000137], [22.784014242000126, 10.94311445599999], [22.77567, 10.945280000000139], [22.768700000000138, 10.94409], [22.76122, 10.949570000000165], [22.75981000000013, 10.952940000000126], [22.757920029, 10.957450007000148], [22.75603, 10.96196], [22.75030508800012, 10.966530054000145], [22.744580000000155, 10.9711], [22.73945002900018, 10.972795043000076], [22.73432, 10.97449], [22.72648994900004, 10.97353020100013], [22.718659949000028, 10.97257020100011], [22.7108300000001, 10.971610000000169], [22.703140000000133, 10.97226000000012], [22.697400000000187, 10.975390000000118], [22.694750000000113, 10.975240000000156], [22.68883004900016, 10.977720058000159], [22.682910000000163, 10.9802], [22.673129987000152, 10.979940247000116], [22.65577, 10.979480000000137], [22.647863527000027, 10.983116873000029], [22.639956860000154, 10.986753540000109], [22.632050000000163, 10.99039], [22.62545676500008, 10.992606809999984], [22.618863432000126, 10.994823477000182], [22.612270000000137, 10.99704], [22.60444, 10.996720000000153], [22.59754656600012, 10.994556823000153], [22.59065323300007, 10.992393490000097], [22.58376, 10.990230000000167], [22.57706, 10.9877], [22.57303, 10.984350000000177], [22.568690000000117, 10.98419], [22.56096, 10.98788], [22.55681004100012, 10.990805029000057], [22.55266, 10.99373], [22.54466528000006, 10.997190317000047], [22.536670373000163, 11.000650422000092], [22.528675280000073, 11.00411031700014], [22.52068, 11.0075700000001], [22.514859997000144, 11.007420056000115], [22.50904, 11.007270000000176], [22.503119958000184, 11.005165058000102], [22.4972, 11.003060000000175], [22.493980000000136, 10.99729], [22.4866, 10.99875], [22.481780015000083, 10.999695038000084], [22.47696000000019, 11.000640000000146], [22.46859, 10.999210000000119], [22.4680495880001, 10.998599395000156], [22.46500995100007, 10.995165022000094], [22.46143, 10.99112], [22.45656, 10.9878700000001], [22.449695007000173, 10.98817507700005], [22.44283000000013, 10.988480000000152], [22.438079943000105, 10.98488503700014], [22.433330000000126, 10.981290000000115], [22.43081000000018, 10.97438], [22.42432, 10.97066], [22.418965010000136, 10.971200047000082], [22.41361, 10.97174], [22.408024991000104, 10.971245051000096], [22.402440000000126, 10.97075], [22.396409880000135, 10.96780012000005], [22.390379880000012, 10.964850120000051], [22.38435, 10.9619], [22.377150000000142, 10.96891], [22.376620000000173, 10.96944], [22.373399940000184, 10.963900018000118], [22.37018, 10.95836], [22.355990000000133, 10.95643], [22.348717488000034, 10.956267760000117], [22.341444984000134, 10.956105347000118], [22.334172488000092, 10.955942760000084], [22.3269, 10.955780000000118], [22.32366000000013, 10.95438], [22.318339909000088, 10.94928504700016], [22.313020000000165, 10.94419], [22.29819, 10.93582], [22.28984, 10.93139], [22.28217, 10.93065], [22.273889894000092, 10.926835113000152], [22.26561, 10.92302], [22.258460038000123, 10.92462008400014], [22.25131, 10.926220000000171], [22.245270000000176, 10.92547], [22.240774941000097, 10.921520034000139], [22.23628, 10.917570000000126], [22.22237, 10.91282], [22.21365497400018, 10.91193012400015], [22.204940000000136, 10.91104], [22.20023998099998, 10.909800036000092], [22.19554, 10.90856], [22.189144909, 10.904320067000128], [22.18275000000017, 10.90008], [22.180059903000085, 10.894656692000183], [22.177369903000056, 10.889233359000059], [22.17468, 10.883810000000153], [22.16670495900013, 10.882250104000036], [22.158730000000105, 10.88069000000013], [22.156070000000113, 10.878900000000158], [22.15180000000015, 10.87602], [22.14436, 10.87833], [22.136433388000057, 10.879373538000095], [22.128506722, 10.880416870999966], [22.120580000000132, 10.88146], [22.11684000000014, 10.88305000000014], [22.111980000000187, 10.880480000000148], [22.10500000000019, 10.88066], [22.0987, 10.88291], [22.09354507200004, 10.887125044000186], [22.08839, 10.89134], [22.081620000000157, 10.894970000000171], [22.074160000000177, 10.895830000000103], [22.067094915000155, 10.89221508200012], [22.06003, 10.888600000000167], [22.054325006000056, 10.888900053000043], [22.04862000000014, 10.8892], [22.04168, 10.88432], [22.0361, 10.88313], [22.029340000000104, 10.88561], [22.02601, 10.885850000000175], [22.02072, 10.886230000000182], [22.01654, 10.88505], [22.01160987300011, 10.88118008000015], [22.006679873000053, 10.87731008000003], [22.00175, 10.87344000000013], [21.99558000400009, 10.8736200620001], [21.989410000000134, 10.8738], [21.98596494200018, 10.868715020000138], [21.98252, 10.86363], [21.978330000000142, 10.86314], [21.974585033000153, 10.865755023000077], [21.97084000000018, 10.86837], [21.96221, 10.87129], [21.96284001200013, 10.865775002000078], [21.96347, 10.86026], [21.96023, 10.85817], [21.952790000000107, 10.857190000000116], [21.94904000000014, 10.86015], [21.946795033000114, 10.86461500900009], [21.94455, 10.869080000000167], [21.94152, 10.86929], [21.942160012000045, 10.863565001999973], [21.9428, 10.85784], [21.94303, 10.85574], [21.940040000000124, 10.85226], [21.93398000000019, 10.853360000000123], [21.9274, 10.86021], [21.924210062000043, 10.866045018000023], [21.92102, 10.87188], [21.91264, 10.872500000000116], [21.90851, 10.86603], [21.904350000000136, 10.863240000000133], [21.89923000000016, 10.862740000000144], [21.893265074000112, 10.866485058000023], [21.8873, 10.870230000000106], [21.88079000000016, 10.869950000000188], [21.87825000000015, 10.867850000000146], [21.874934926000094, 10.861160019000067], [21.87162000000012, 10.854470000000106], [21.86517, 10.8466], [21.85658, 10.84469], [21.84916, 10.846430000000112], [21.84443000000016, 10.84753], [21.843069978000074, 10.842640004000089], [21.84171000000015, 10.837750000000142], [21.83716501300006, 10.8386150340001], [21.832620000000134, 10.83948], [21.82817985200012, 10.834450066000102], [21.82373985200013, 10.829420066000125], [21.819300000000112, 10.824390000000164], [21.818150000000173, 10.821240000000103], [21.814120000000173, 10.81031], [21.80995, 10.80911], [21.806269957000154, 10.805620021999971], [21.80259, 10.80213], [21.796914962000187, 10.800110052000093], [21.79124000000013, 10.798090000000116], [21.788490000000138, 10.79461], [21.78811000000013, 10.78748000000013], [21.789455024000063, 10.782095004000041], [21.790800000000104, 10.77671], [21.788324943000077, 10.769785011000181], [21.78585, 10.76286000000016], [21.785099987000024, 10.757450001999985], [21.78435, 10.75204], [21.78639503900007, 10.746200008000187], [21.78844, 10.740360000000123], [21.789710000000184, 10.73187], [21.788019973000075, 10.727025004999973], [21.786330000000135, 10.72218000000015], [21.78712501200016, 10.717725002000122], [21.78792, 10.71327], [21.78684, 10.708230000000185], [21.78338, 10.70614], [21.783170000000155, 10.703380000000152], [21.786000039999976, 10.699035013000127], [21.78883000000019, 10.69469], [21.78912, 10.68779], [21.788119983000172, 10.68272500200004], [21.78712000000013, 10.677660000000174], [21.78859, 10.66940000000011], [21.78236, 10.66451000000012], [21.780780000000107, 10.659220000000118], [21.775574954000035, 10.656530043000032], [21.770370000000128, 10.653840000000173], [21.767494966000072, 10.650250014000108], [21.76462, 10.64666000000011], [21.75861, 10.642240000000129], [21.75303, 10.642650000000117], [21.74882, 10.64561], [21.744705069000133, 10.650745028000017], [21.74059000000011, 10.65588], [21.73617000000013, 10.656070000000113], [21.73363000000012, 10.65398], [21.732, 10.629140000000177], [21.732660019000036, 10.620410003000188], [21.73332, 10.61168], [21.730134925000016, 10.60441001800018], [21.72695, 10.597140000000138], [21.729, 10.57647], [21.73104505000009, 10.568900008000185], [21.73309, 10.561330000000169], [21.73292, 10.55421], [21.729800000000125, 10.53924000000012], [21.725549929000124, 10.534030029000064], [21.7213, 10.52882], [21.721030000000155, 10.52732], [21.71986661800014, 10.520836674000122], [21.71870328500006, 10.514353340000127], [21.71754, 10.50787], [21.719690000000128, 10.501220000000103], [21.73269000000016, 10.477890000000116], [21.738365073000125, 10.473850051000056], [21.74404, 10.46981], [21.75085, 10.463860000000125], [21.75255, 10.458360000000141], [21.75145, 10.452610000000107], [21.75499004900007, 10.44828002000014], [21.75853000000012, 10.443950000000143], [21.75836, 10.438890000000185], [21.75622495900012, 10.432890008000015], [21.754090000000133, 10.42689], [21.75811, 10.420270000000187], [21.764280023000083, 10.419080060000113], [21.770450000000153, 10.41789], [21.77099, 10.41169], [21.766630000000134, 10.404020000000173], [21.760707185000058, 10.398440167000103], [21.754784580000035, 10.39286022300007], [21.748862185, 10.387280167000029], [21.74294, 10.3817], [21.742134988000032, 10.37709500200009], [21.74133, 10.372490000000141], [21.74041000000011, 10.367200000000139], [21.740605004000088, 10.360765001000175], [21.7408, 10.354330000000175], [21.73440002400008, 10.355520064000075], [21.728, 10.35671], [21.72556996300017, 10.351885010000046], [21.723140000000114, 10.347060000000113], [21.72347, 10.342650000000106], [21.729620000000125, 10.33006], [21.73350006000004, 10.32515502400014], [21.73738, 10.32025], [21.736455512000134, 10.317861999000058], [21.73443, 10.312630000000127], [21.73029, 10.30846], [21.72826, 10.30177], [21.72459, 10.297840000000122], [21.71949, 10.29572], [21.71621655100006, 10.290096701999971], [21.71294321700009, 10.284473368000135], [21.70967, 10.27885], [21.705510000000118, 10.276290000000188], [21.69391000000013, 10.27596], [21.68809002600011, 10.27740005200019], [21.68227000000013, 10.278840000000116], [21.67647, 10.2781], [21.67465, 10.27441], [21.67561000000012, 10.2712], [21.682000000000187, 10.264990000000125], [21.68264, 10.264370000000156], [21.68034000000017, 10.261590000000183], [21.67526, 10.25901], [21.66946498200008, 10.25804005200007], [21.66367, 10.257070000000112], [21.66069, 10.25314], [21.663040000000137, 10.24948], [21.66863, 10.248150000000123], [21.673790000000167, 10.2419900000001], [21.67569, 10.23764], [21.672710000000166, 10.233710000000144], [21.66832, 10.23183], [21.66204336100003, 10.232540121000056], [21.655766695000068, 10.233250121000026], [21.64949, 10.23396], [21.645229955000104, 10.230585028000064], [21.640970000000152, 10.22721], [21.636800000000108, 10.22672000000017], [21.632850000000133, 10.227370000000121], [21.627940000000137, 10.231000000000108], [21.62236, 10.23141], [21.616619881000076, 10.224805052000022], [21.61088, 10.2182], [21.59747, 10.21303], [21.58935, 10.212490000000116], [21.58469, 10.21475], [21.57911, 10.215150000000165], [21.573169941000174, 10.213563442000122], [21.56722994100005, 10.21197677500004], [21.561290000000156, 10.210390000000132], [21.55382, 10.21423], [21.550750053, 10.219715015000133], [21.547680000000128, 10.2252], [21.54394, 10.227920000000154], [21.53675, 10.22694], [21.52984487700013, 10.221245074000137], [21.522940000000176, 10.21555], [21.51912983400007, 10.208553381000115], [21.515319834000138, 10.201556714000048], [21.51151, 10.19456], [21.51012, 10.18985], [21.50451, 10.18714], [21.499174999, 10.187075044000153], [21.49384, 10.1870100000001], [21.492434965000143, 10.17894500500006], [21.491030000000137, 10.17088], [21.48763, 10.16463], [21.481150000000127, 10.1634], [21.47585, 10.15887], [21.471964960000093, 10.155540023000128], [21.468080000000157, 10.15221], [21.47114, 10.14857000000012], [21.47166, 10.143750000000125], [21.46898, 10.13613], [21.46212000000014, 10.128460000000132], [21.45542, 10.127000000000123], [21.45012, 10.12371], [21.448330000000112, 10.11863], [21.45097, 10.11246], [21.45377, 10.11066000000011], [21.45475, 10.10676], [21.45252, 10.09984], [21.45376502500011, 10.093420004000109], [21.455010000000186, 10.087], [21.45344000000017, 10.08308], [21.445090000000107, 10.08297], [21.441400000000158, 10.080850000000112], [21.437800000000152, 10.073220000000106], [21.43795000200015, 10.068005001000188], [21.438100000000134, 10.06279], [21.43749, 10.05935], [21.43314, 10.054250000000138], [21.43203, 10.04873], [21.429730000000177, 10.047320000000127], [21.425075021000055, 10.048770033000096], [21.42042, 10.05022], [21.41603000000015, 10.048340000000167], [21.411894954000104, 10.044735026000126], [21.40776000000011, 10.041130000000123], [21.40365, 10.03442], [21.403, 10.03005000000013], [21.40448000000015, 10.02133], [21.40221, 10.01671], [21.39599, 10.012970000000166], [21.394889980000187, 10.007100003000062], [21.393790000000138, 10.001230000000135], [21.38508000000013, 9.99172], [21.37726, 9.985210000000109], [21.373330000000124, 9.98379], [21.369150000000104, 9.98444], [21.36423000000019, 9.987730000000113], [21.36238, 9.98897], [21.3594, 9.985030000000165], [21.357044947000134, 9.977650010000048], [21.35469, 9.97027], [21.347550000000126, 9.965600000000109], [21.34061, 9.96370000000013], [21.33642, 9.96526], [21.333255032000068, 9.96856001500015], [21.33009, 9.971860000000106], [21.3243, 9.97088], [21.320810000000108, 9.97222], [21.319400000000144, 9.97359], [21.318180022000092, 9.979440003000093], [21.31696, 9.985290000000191], [21.30948, 9.99004], [21.307134941000072, 9.981740010000067], [21.30479, 9.97344], [21.30182, 9.96927], [21.29789000000011, 9.96809], [21.29438000000016, 9.971270000000118], [21.29271000000017, 9.97538], [21.287830000000156, 9.977170000000172], [21.28695000000016, 9.9786], [21.282630000000154, 9.985620000000154], [21.2760301080001, 9.988310131000048], [21.26943010800005, 9.991000131000021], [21.26283, 9.993690000000129], [21.25843997800007, 9.992035029000021], [21.25405000000012, 9.99038000000013], [21.25131, 9.98644000000013], [21.250329983000086, 9.98068500200003], [21.24935, 9.97493], [21.24292, 9.96935], [21.24250000000012, 9.96544], [21.23745, 9.96033000000017], [21.234, 9.95777], [21.22760991700011, 9.955633456000044], [21.22121991700004, 9.953496789000098], [21.21483, 9.95136], [21.21255, 9.94766], [21.21332000000018, 9.94077], [21.211750000000166, 9.93570000000011], [21.207254966, 9.933235030000105], [21.20276, 9.93077], [21.20253, 9.93028], [21.200730000000135, 9.92639], [21.202565048999986, 9.917560007000134], [21.2044, 9.90873], [21.20309, 9.90136], [21.19898000000012, 9.89534], [21.19262, 9.89114], [21.19011, 9.890010000000132], [21.18383000000017, 9.89176], [21.180519962000062, 9.887925017000043], [21.177210000000116, 9.88409], [21.170957248000036, 9.879637676000073], [21.164704664000112, 9.875185234000128], [21.15845224800006, 9.870732676000102], [21.1522, 9.866280000000131], [21.145823098000164, 9.860153456000035], [21.139446431000067, 9.854026789000159], [21.133070000000146, 9.8479], [21.129489886000044, 9.842626706000033], [21.125909886000102, 9.837353373000099], [21.12233, 9.832080000000133], [21.119874951000043, 9.825385010000048], [21.11742, 9.818690000000174], [21.11636, 9.81178], [21.11716001200017, 9.806925002000185], [21.11796, 9.80207], [21.11808, 9.801330000000178], [21.11531, 9.79194], [21.10774, 9.785200000000145], [21.09254, 9.77676], [21.085130000000163, 9.77644], [21.07907, 9.778910000000167], [21.074210000000107, 9.77862000000016], [21.06872489200009, 9.772010045000115], [21.06324000000012, 9.7654], [21.05813000000012, 9.766490000000147], [21.053690042000085, 9.769660028999965], [21.04925, 9.77283000000017], [21.044245028000034, 9.774725037], [21.039240000000177, 9.77662], [21.034854983000173, 9.775310028000035], [21.03047, 9.774000000000171], [21.02542000000011, 9.76934], [21.02385, 9.76496], [21.02434000000011, 9.76181], [21.02485, 9.758540000000153], [21.02932015600004, 9.752690061000067], [21.033790156000066, 9.746840061000114], [21.03826, 9.74099], [21.038540000000125, 9.73755000000017], [21.03628, 9.732010000000116], [21.03053000000017, 9.72850000000011], [21.021030000000167, 9.72862], [21.01033000000018, 9.73217], [21.005216818000065, 9.737130078000064], [21.000103484000135, 9.742090078000103], [20.994990000000143, 9.747050000000172], [20.993259969000064, 9.741000005000103], [20.99153, 9.73495], [20.99302, 9.727150000000165], [20.996905066000124, 9.721450023000045], [21.00079, 9.715750000000128], [21.002590027000053, 9.710715005], [21.00439, 9.70568], [21.00188, 9.701980000000162], [20.98081000000019, 9.701280000000168], [20.97378, 9.70513], [20.97218, 9.706], [20.96941, 9.70574], [20.96782, 9.70227000000017], [20.96973, 9.6977], [20.97416, 9.69546], [20.98088501500007, 9.694730065999977], [20.98761, 9.694000000000187], [20.99391000000014, 9.69063], [20.99861, 9.684940000000154], [20.99497, 9.678920000000176], [20.99046988000009, 9.674426727000082], [20.985969880000084, 9.669933393000122], [20.98147, 9.66544], [20.98106, 9.661070000000109], [20.985960000000148, 9.65745], [20.99364, 9.65478000000013], [20.99624, 9.65021], [20.99375, 9.64559], [20.9889, 9.643930000000182], [20.98241, 9.64454], [20.97519, 9.6479], [20.970330000000104, 9.64716], [20.96715, 9.64253], [20.96858, 9.63864000000018], [20.97186, 9.635690000000181], [20.979630016000044, 9.634975087999976], [20.9874, 9.634260000000154], [20.99073, 9.62671], [20.98802, 9.62071], [20.978330000000142, 9.61715], [20.969635027000038, 9.618195109000112], [20.960940000000164, 9.619240000000104], [20.95446, 9.61871], [20.95148, 9.616380000000106], [20.95012, 9.61384], [20.95141507700015, 9.607075011000177], [20.952710103000186, 9.600310015000161], [20.954005077000033, 9.593545011000174], [20.955300000000136, 9.58678], [20.95428, 9.57597], [20.951590000000124, 9.5679], [20.94424, 9.563450000000103], [20.9404900400001, 9.567080021000152], [20.936740000000157, 9.57071000000019], [20.93116, 9.57226], [20.92747, 9.571070000000134], [20.924320000000137, 9.56414000000018], [20.92438000100003, 9.558970001000034], [20.924440000000118, 9.553800000000138], [20.921944968000048, 9.549405009000168], [20.91945, 9.54501], [20.91904, 9.540640000000167], [20.92191, 9.53333], [20.91942, 9.52847], [20.91529, 9.52543], [20.910875019000116, 9.526875028000063], [20.906460000000152, 9.52832], [20.89928, 9.528], [20.894910000000152, 9.526110000000187], [20.88611498800003, 9.52566011099998], [20.87732000000011, 9.52521000000013], [20.8745, 9.52310000000017], [20.87368, 9.52012000000019], [20.87652, 9.515100000000132], [20.874480000000176, 9.51139000000012], [20.868750000000148, 9.50719], [20.866369971000154, 9.503025009000169], [20.863990000000115, 9.49886], [20.86521502000005, 9.49313500300002], [20.866440000000182, 9.487410000000182], [20.86255000000017, 9.48414], [20.85539000000017, 9.482450000000142], [20.84956, 9.4856], [20.84472, 9.48439], [20.83945, 9.479960000000176], [20.83527652900017, 9.474243385000136], [20.831103195000026, 9.468526718000078], [20.826930000000118, 9.462810000000104], [20.825844982000035, 9.45694000300017], [20.82476, 9.45107], [20.8262150220001, 9.445800004000091], [20.82767, 9.44053], [20.827330000000188, 9.43042000000014], [20.820358043, 9.428719180000087], [20.820357925000167, 9.428719151], [20.81741, 9.428000000000111], [20.812950129000114, 9.433003391000113], [20.808490129, 9.438006725000037], [20.80403, 9.443010000000186], [20.79824, 9.44340000000011], [20.793170000000146, 9.441730000000177], [20.78676488600007, 9.435560059000068], [20.78036, 9.429390000000183], [20.774234989000092, 9.428740053000126], [20.76811, 9.428090000000111], [20.767, 9.42463], [20.76845002099998, 9.419595004000143], [20.769900000000177, 9.414560000000108], [20.768140000000187, 9.40788], [20.760810000000163, 9.40113], [20.75367, 9.399200000000178], [20.74811, 9.399360000000115], [20.74507, 9.40185], [20.74044000000015, 9.40225], [20.73356, 9.39734], [20.72894, 9.3966], [20.724045038000042, 9.399295034000033], [20.71915, 9.40199], [20.71289, 9.40237], [20.709119962000045, 9.398875020000105], [20.70535, 9.395380000000102], [20.70118, 9.395560000000103], [20.696530024000026, 9.397340031], [20.69188, 9.399120000000153], [20.68354998800004, 9.398863530000028], [20.675219988000038, 9.398606863000055], [20.66689, 9.39835], [20.66277, 9.3953], [20.660082339000155, 9.388317535000112], [20.65739478500018, 9.381335046000117], [20.654707339000026, 9.374352535000128], [20.652020000000164, 9.367370000000165], [20.65141664300006, 9.36055000400006], [20.65081331000016, 9.353730004000113], [20.65021000000013, 9.34691], [20.64772, 9.34228], [20.64128, 9.33990000000017], [20.635835008000015, 9.340405041999986], [20.63039, 9.34091], [20.62625, 9.339020000000176], [20.62353000000013, 9.33462], [20.6252, 9.33097], [20.628470000000107, 9.32848], [20.632995014000073, 9.327390029000071], [20.637520000000166, 9.3263], [20.64057000000014, 9.323120000000188], [20.63786, 9.3178], [20.604330000000118, 9.31646000000012], [20.59966, 9.31984], [20.596940036999968, 9.324630011000124], [20.59422, 9.32942], [20.58815, 9.33279], [20.58412, 9.34032], [20.58085000000017, 9.342800000000125], [20.57807, 9.343000000000131], [20.57578, 9.34136000000018], [20.57148, 9.33349], [20.56737, 9.330220000000168], [20.56066, 9.329670000000135], [20.554595066000104, 9.333500052000147], [20.54853, 9.337330000000122], [20.54349000000019, 9.333590000000129], [20.540720000000135, 9.333320000000185], [20.534650000000113, 9.33737], [20.52864, 9.33707], [20.524770000000103, 9.33196], [20.5261300250001, 9.325545004000105], [20.52749, 9.31913], [20.526870000000145, 9.31338], [20.523940000000152, 9.30760000000015], [20.5182, 9.30454], [20.50827, 9.30326], [20.50202503400004, 9.30518005500005], [20.49578, 9.3071], [20.49622, 9.304940000000158], [20.49372497100012, 9.300885009000126], [20.49123, 9.29683], [20.491530000000125, 9.29224], [20.494630060000134, 9.285390015000075], [20.497730000000104, 9.27854], [20.49805000000015, 9.27211], [20.48275, 9.24113], [20.478599845000076, 9.234490050000034], [20.474449845000095, 9.227850050000086], [20.4703, 9.22121], [20.46805, 9.21374], [20.465625781000085, 9.205686040000103], [20.463201671000036, 9.197632060000046], [20.460777671000017, 9.189578060000144], [20.458353781000028, 9.181524040000056], [20.455930000000137, 9.17347000000018], [20.45025, 9.165580000000148], [20.443860000000143, 9.15952], [20.43423, 9.15388], [20.42629332500013, 9.153696840000123], [20.41835665900004, 9.153513507000184], [20.41042000000016, 9.15333], [20.401654966000024, 9.151945105999971], [20.39289, 9.150560000000155], [20.387830000000122, 9.148430000000133], [20.38176, 9.14324], [20.37801000000013, 9.14002], [20.3532, 9.128200000000106], [20.346270000000118, 9.127640000000156], [20.341495037000186, 9.130445032000068], [20.33672, 9.13325], [20.33187, 9.132500000000107], [20.328219964000027, 9.12900001900016], [20.324570000000165, 9.1255], [20.31813, 9.123580000000118], [20.30336000000011, 9.12154], [20.296043342000132, 9.121763481000016], [20.288726676000124, 9.121986814000138], [20.281410000000108, 9.12221000000011], [20.27364, 9.122100000000103], [20.262410000000102, 9.124480000000176], [20.24771, 9.13227], [20.243200086000172, 9.139085029000057], [20.23869, 9.1459], [20.23405500800004, 9.146510030000059], [20.22942, 9.14712], [20.22533502700003, 9.149460023000131], [20.22125000000017, 9.1518], [20.214324989000147, 9.151220066], [20.20740000000012, 9.15064000000018], [20.201996551000093, 9.146796748000156], [20.1965932170001, 9.142953415000022], [20.19119, 9.13911], [20.17989000000017, 9.13753], [20.15276, 9.13897], [20.147480000000144, 9.140680000000145], [20.13919, 9.13803], [20.13064, 9.138140000000135], [20.11739, 9.14254], [20.11318, 9.14569], [20.10891, 9.15321], [20.10493, 9.15637], [20.10146, 9.156550000000152], [20.09746496200006, 9.153160022000122], [20.09347000000014, 9.14977000000016], [20.090774959000157, 9.14433001100008], [20.08808, 9.138890000000174], [20.081460000000106, 9.133280000000184], [20.0713, 9.132440000000145], [20.064525087000163, 9.137050064000164], [20.057750000000112, 9.14166], [20.05265, 9.1425], [20.04832, 9.140880000000152], [20.04691, 9.140350000000183], [20.041334906000145, 9.134295044000112], [20.03576, 9.12824], [20.02977, 9.127000000000123], [20.02398500600009, 9.127375046000111], [20.01820000000015, 9.12775], [20.01244, 9.126060000000166], [20.010630000000162, 9.123730000000137], [20.01024, 9.11913], [20.011280000000113, 9.111570000000142], [20.00907, 9.104870000000176], [20.007090000000176, 9.1029], [20.000000000000114, 9.1133], [19.997890000000154, 9.1164], [19.99431320100001, 9.109750038000186], [19.99073653400012, 9.103100038000093], [19.988073562000068, 9.098148632000061], [19.98716000000013, 9.096450000000175], [19.98031, 9.09196], [19.95748, 9.088790000000188], [19.949629994000134, 9.088535084000057], [19.94178, 9.088280000000111], [19.93943000000013, 9.087080000000128], [19.93542, 9.08438000000018], [19.932710000000156, 9.07934], [19.93168498400007, 9.073635002], [19.93066000000016, 9.06793000000016], [19.92714, 9.060800000000143], [19.91949, 9.06339], [19.9122150500001, 9.065850073000092], [19.904940000000124, 9.06831000000011], [19.89968495500011, 9.065230038000038], [19.89443, 9.06215], [19.88619, 9.06103000000013], [19.882900000000177, 9.063550000000134], [19.87796, 9.06314], [19.87167, 9.065800000000138], [19.86453, 9.064540000000136], [19.86051997499999, 9.062295022], [19.856510000000128, 9.06005], [19.85297996899999, 9.056895017000045], [19.84945, 9.05374], [19.84570995000007, 9.048855020000133], [19.84197, 9.043970000000115], [19.83551, 9.043410000000108], [19.83271000000019, 9.04498000000018], [19.82871000000017, 9.049510000000168], [19.82558506400005, 9.056925015000047], [19.82246000000015, 9.06434000000013], [19.817419960000052, 9.061505035000096], [19.812380000000132, 9.05867000000012], [19.80432, 9.056710000000123], [19.798090000000116, 9.056150000000116], [19.793680015000177, 9.057345027000167], [19.78927, 9.05854], [19.78465000100016, 9.05858002900004], [19.78003, 9.05862], [19.7795, 9.05853], [19.77288, 9.05736], [19.768084953000027, 9.053835032000109], [19.76329, 9.05031], [19.7596, 9.049340000000143], [19.751629995000087, 9.049100087000113], [19.743660000000148, 9.04886], [19.739304973000117, 9.04660502600018], [19.73495000000014, 9.04435], [19.728205001000106, 9.04441006200011], [19.72146, 9.04447], [19.71991, 9.04058], [19.703710000000115, 9.02884], [19.7019, 9.027530000000183], [19.69580335300003, 9.028103435000105], [19.689706686000022, 9.028676768000025], [19.68361, 9.02925], [19.67779993199997, 9.02500504600016], [19.671990000000164, 9.02076000000011], [19.66668, 9.02042], [19.65899, 9.02395], [19.65298, 9.023950049000177], [19.646970000000124, 9.02395], [19.6391699400001, 9.021155083], [19.631370000000118, 9.018360000000143], [19.622905036000134, 9.019920098000057], [19.614440000000116, 9.021480000000167], [19.608219982000094, 9.020440053000186], [19.602, 9.01940000000019], [19.585880000000145, 9.03089000000017], [19.58183, 9.037040000000104], [19.57762, 9.03995], [19.57278, 9.03918], [19.56867000000011, 9.036360000000172], [19.563930002000177, 9.036510031000034], [19.55919000000017, 9.03666], [19.55436, 9.0352], [19.54845490100007, 9.02913004800007], [19.54255, 9.023060000000157], [19.535230000000126, 9.01858], [19.52302, 9.0163], [19.51723, 9.017130000000122], [19.51464, 9.01984], [19.513265022000155, 9.02567500300006], [19.51189, 9.03151000000014], [19.506760000000156, 9.034170000000131], [19.50099, 9.033850000000143], [19.49894, 9.03197], [19.498109988000124, 9.026560002000053], [19.49728, 9.02115], [19.494100000000174, 9.01834], [19.49086000000017, 9.018060000000162], [19.48828, 9.02054], [19.48259000000013, 9.015170000000126], [19.479140000000143, 9.01442], [19.47376000000014, 9.01823], [19.466484995000144, 9.017990072000089], [19.45921, 9.01775], [19.45815000000016, 9.02554], [19.450760000000116, 9.02496], [19.44121, 9.02893], [19.43910000000011, 9.031190000000151], [19.43532997200009, 9.028485020000119], [19.431560000000104, 9.025780000000168], [19.428110000000117, 9.025870000000111], [19.42067, 9.02776], [19.414020000000107, 9.02487], [19.407540010000105, 9.025430057000051], [19.40106, 9.02599], [19.39602, 9.01878], [19.39567000000011, 9.01829], [19.388770000000136, 9.016780000000153], [19.383905008000113, 9.017370032000088], [19.37904, 9.01796], [19.372389956000177, 9.015530060000117], [19.36574, 9.013100000000122], [19.35788, 9.0134], [19.35460000000012, 9.01563], [19.34623005399999, 9.017985095000085], [19.33786, 9.02034], [19.33245324300009, 9.017320080000047], [19.327046577000033, 9.014300080000112], [19.32164, 9.01128000000017], [19.309240000000102, 9.0078], [19.302310000000148, 9.00790000000012], [19.296030030999987, 9.00972005400007], [19.28975, 9.01154], [19.28240500300012, 9.011685073000024], [19.275060000000167, 9.01183], [19.27046, 9.013330000000167], [19.26368, 9.017810000000111], [19.26178, 9.02076000000011], [19.25722503200012, 9.023320028000171], [19.25267, 9.02588], [19.246775, 9.025890047000132], [19.24088, 9.02590000000015], [19.23551, 9.028790000000129], [19.23043998700018, 9.027895035000085], [19.22537, 9.027], [19.22236, 9.02764], [19.218360000000132, 9.03147], [19.211874868000052, 9.02900017200011], [19.20538982400012, 9.026530230000049], [19.19890486800017, 9.024060172000134], [19.19242, 9.02159], [19.1878, 9.02151], [19.180340000000115, 9.024820000000148], [19.17503, 9.024490000000185], [19.17244497400003, 9.02077000900016], [19.16986, 9.01705], [19.161810000000116, 9.01504], [19.15697, 9.01383], [19.150820000000124, 9.0089], [19.145984988000123, 9.008005032000085], [19.14115, 9.007110000000125], [19.13519, 9.004480000000115], [19.12729000000013, 9.00686], [19.12105, 9.00698], [19.10461, 9.00852], [19.10112, 9.00983], [19.09837003700011, 9.014715011000078], [19.09562, 9.0196], [19.09167, 9.02045], [19.08467494700011, 9.017680067000072], [19.07768, 9.014910000000157], [19.076859988000024, 9.009385002000045], [19.07604, 9.003860000000145], [19.06977000000012, 9.005350000000135], [19.06655000000012, 9.0046], [19.06288495900003, 9.00049501899997], [19.05922, 8.99639], [19.058630000000107, 8.99573], [19.05073, 8.99765], [19.043170000000146, 8.99430000000018], [19.035745030000044, 8.995770075], [19.02832000000012, 8.99724], [19.02328, 8.995070000000112], [19.02248171000008, 8.994327977000069], [19.01874, 8.99085], [19.0161699680001, 8.98632501000003], [19.0136, 8.9818], [19.00974, 8.97806], [19.004210000000114, 8.977030000000127], [19.000000000000114, 8.97898], [18.99875, 8.979830000000163], [18.99273, 8.97924], [18.98758, 8.97518], [18.983770000000163, 8.9683500000001], [18.982604977000165, 8.961000003000095], [18.981440000000134, 8.95365], [18.97748, 8.94837], [18.97594000000015, 8.941510000000164], [18.96851, 8.9403], [18.9661, 8.935990000000174], [18.96235000000013, 8.93378], [18.96035, 8.92762], [18.9571, 8.927], [18.95274000000012, 8.928250000000105], [18.948170000000175, 8.93066], [18.943090000000154, 8.93101], [18.938064969000095, 8.928710034000176], [18.93304000000012, 8.92641], [18.927834997000105, 8.926180036000062], [18.92263000000014, 8.92595], [18.91863000000012, 8.92306], [18.915159951000135, 8.917850016999978], [18.911690000000192, 8.912640000000124], [18.908509936000144, 8.90524001500006], [18.905330000000106, 8.89784], [18.90051502200015, 8.899560031000135], [18.8957, 8.90128], [18.88899, 8.90097], [18.88661000000019, 8.89804], [18.888640000000123, 8.8957], [18.892290000000116, 8.89354], [18.892730000000142, 8.892380000000173], [18.89266, 8.889630000000182], [18.8823000000001, 8.881130000000155], [18.879750000000115, 8.88096000000013], [18.87402495900011, 8.878330044000109], [18.8683, 8.875700000000109], [18.86566000000016, 8.87139000000019], [18.86553, 8.865880000000118], [18.86729, 8.8617], [18.864874970000017, 8.857160008000164], [18.86246, 8.85262], [18.86357, 8.850520000000188], [18.865870000000143, 8.850010000000111], [18.86862, 8.84926], [18.871480000000133, 8.84275], [18.87445, 8.84108], [18.879070000000183, 8.841200000000185], [18.88075, 8.843690000000151], [18.88386, 8.84822000000014], [18.888550000000123, 8.85133], [18.89411, 8.85189], [18.90078, 8.850590000000125], [18.90625, 8.846790000000112], [18.90682, 8.84172], [18.906743331000087, 8.834976669000127], [18.906666664000056, 8.82823333600004], [18.906590000000108, 8.82149], [18.90712, 8.81459], [18.90972, 8.80694], [18.916790000000105, 8.80264], [18.92298000000011, 8.80043000000012], [18.92944491700007, 8.80522505600004], [18.93591, 8.810020000000122], [18.94267000000019, 8.812620000000152], [18.946600000000103, 8.81276], [18.9523, 8.80918], [18.954430045000038, 8.801315008000188], [18.95656, 8.79345000000012], [18.96036000000015, 8.788070000000118], [18.97037, 8.781410000000108], [18.985230000000172, 8.7744], [18.99713000000014, 8.76929], [19.000000000000114, 8.77038000000016], [19.007235045000016, 8.768045069000152], [19.01447000000013, 8.765710000000126], [19.019630000000177, 8.761440000000107], [19.02304517700003, 8.754957550000029], [19.026460236000105, 8.74847506600014], [19.02987517700012, 8.741992550000077], [19.033290000000136, 8.735510000000147], [19.04175, 8.7274], [19.05952, 8.71579], [19.071280000000172, 8.712620000000186], [19.0812600000001, 8.710660000000189], [19.082240000000183, 8.7104700000001], [19.088080113000103, 8.706826757000044], [19.093920112999967, 8.703183424000088], [19.099760000000117, 8.69954], [19.10509, 8.69872], [19.105073196999967, 8.698140294000098], [19.10506910400011, 8.69799905900004], [19.10495, 8.693890000000124], [19.109020000000157, 8.6857], [19.11586000000011, 8.678250000000162], [19.12145, 8.675360000000126], [19.12222, 8.6712500000001], [19.120650000000126, 8.66869], [19.113340000000164, 8.66465], [19.10690996900007, 8.662810054000033], [19.100480000000175, 8.66097000000019], [19.09662, 8.65769], [19.09396, 8.6519], [19.091, 8.649550000000147], [19.08362000000011, 8.649180000000115], [19.08069996800009, 8.644995012000038], [19.07778, 8.640810000000158], [19.07747942000009, 8.640781431], [19.07031, 8.6401], [19.06584, 8.63738], [19.065043305000074, 8.630706671000041], [19.06424663900009, 8.624033337000185], [19.06345000000016, 8.61736], [19.0585, 8.61084], [19.05395995200007, 8.606850027000064], [19.04942000000017, 8.60286], [19.0492, 8.60249000000016], [19.046060000000125, 8.597060000000113], [19.046196672000065, 8.589870003000044], [19.04633333800001, 8.582680003], [19.046470000000113, 8.575490000000116], [19.046334941000055, 8.575067489000048], [19.044289961000175, 8.568670007000094], [19.04211, 8.56185], [19.04226000000017, 8.55428], [19.037694968999972, 8.551675027000101], [19.03313, 8.54907], [19.032429990000026, 8.54331500100011], [19.03173, 8.53756], [19.02906, 8.532460000000128], [19.0227, 8.527290000000107], [19.016, 8.52762], [19.01401, 8.523230000000126], [19.00822, 8.52403], [19.005289973, 8.520535011000163], [19.00236000000018, 8.51704], [19.000000000000114, 8.515810000000101], [18.99168, 8.51476], [18.98955, 8.51297000000011], [18.989040000000102, 8.51068], [18.990760000000137, 8.50798], [18.99404503400018, 8.503950014000054], [18.99733, 8.49992], [18.988540000000114, 8.489320000000134], [18.98111000000017, 8.48743], [18.97709, 8.48315], [18.972900000000152, 8.48164], [18.970940000000155, 8.47663000000017], [18.972580000000164, 8.46786], [18.970420000000104, 8.46423], [18.96378996300018, 8.462085056000035], [18.95716, 8.459940000000188], [18.952906571000142, 8.455596713999967], [18.94865323800019, 8.451253381000072], [18.9444, 8.446910000000116], [18.93713000000014, 8.44225], [18.93239000000017, 8.436620000000175], [18.93137000000013, 8.432500000000118], [18.93173, 8.4279], [18.930290000000127, 8.42586000000017], [18.92431, 8.426690000000121], [18.921720000000164, 8.42422], [18.92095, 8.42079], [18.92308, 8.41293], [18.92068, 8.40931], [18.91738, 8.406400000000133], [18.919850000000167, 8.40335], [18.926960000000122, 8.40135], [18.927390000000173, 8.39973], [18.92361, 8.39615], [18.923760000000186, 8.39269000000013], [18.923940000000187, 8.39039], [18.91950000000014, 8.38774], [18.91071000000011, 8.38702000000012], [18.90810000000016, 8.384090000000185], [18.9102400000001, 8.37692], [18.90327000000019, 8.37432], [18.90041, 8.370710000000145], [18.900770000000136, 8.36634], [18.89957, 8.36407], [18.89200000000011, 8.36608], [18.887400000000184, 8.366640000000189], [18.88508, 8.366240000000118], [18.88365, 8.3642], [18.887640000000147, 8.35699], [18.88598000000013, 8.35496000000012], [18.879780000000153, 8.356250000000102], [18.87673, 8.35425], [18.87337, 8.348350000000153], [18.87375, 8.344900000000166], [18.8762, 8.34117], [18.868380000000116, 8.34203], [18.862790038000185, 8.344685040000115], [18.8572, 8.34734], [18.853290000000186, 8.348120000000108], [18.8505, 8.34726], [18.85384, 8.3419], [18.8555300000001, 8.33474], [18.856325011000024, 8.329325002000019], [18.85712000000018, 8.323910000000183], [18.85461000000015, 8.314770000000124], [18.85094, 8.30544], [18.84317, 8.298490000000129], [18.84011, 8.296260000000188], [18.83718, 8.28897], [18.83036, 8.28428], [18.823870000000113, 8.28108], [18.81988, 8.27632], [18.81484994400006, 8.27192003200014], [18.80982, 8.26752], [18.80442, 8.26071], [18.79702, 8.259680000000117], [18.791444964000107, 8.257125039000186], [18.785870000000102, 8.25457], [18.780490000000157, 8.24937], [18.77423000000016, 8.247400000000141], [18.769024984999987, 8.246215034000102], [18.76382, 8.245030000000156], [18.755949957000155, 8.242850077000128], [18.74808000000013, 8.24067], [18.74022, 8.23987], [18.73488, 8.2372], [18.726779924000084, 8.235333497000113], [18.71867992400007, 8.233466830000111], [18.710580000000107, 8.2316], [18.70361655800002, 8.22849012100005], [18.696653225000034, 8.225380121000114], [18.68969, 8.22227], [18.685364955000068, 8.218085024], [18.68104, 8.213900000000137], [18.67364, 8.212170000000185], [18.670129972000097, 8.209010016000036], [18.666620000000137, 8.20585], [18.662159939000105, 8.200400025000022], [18.657700000000148, 8.19495], [18.657745001000023, 8.190245001], [18.657790000000148, 8.18554], [18.65283, 8.17688], [18.64708490600009, 8.170305042000166], [18.64134, 8.16373], [18.63756655900005, 8.157970037000155], [18.633793225000147, 8.152210036999975], [18.630020000000172, 8.14645], [18.6281, 8.14119], [18.62864000000019, 8.13108], [18.629720014000043, 8.126010002000157], [18.6308, 8.12094], [18.632362587000102, 8.113452513000027], [18.633925116000114, 8.10596501700013], [18.635487587, 8.098477512999978], [18.63705, 8.09099], [18.63509, 8.083220000000154], [18.634049223000034, 8.082506447000185], [18.62787, 8.07827], [18.624350000000163, 8.0735], [18.623819993999973, 8.068800001000113], [18.62329, 8.064100000000167], [18.6246, 8.05972000000014], [18.61805, 8.052470000000142], [18.61341, 8.05024], [18.6046300000001, 8.04876000000013], [18.6016, 8.04674000000017], [18.59358998300013, 8.046455234000064], [18.585579978000055, 8.046170312000072], [18.57756998300016, 8.045885234000139], [18.56956, 8.04560000000015], [18.563099986000054, 8.045160102000182], [18.53411324900003, 8.043210628000168], [18.526079905000074, 8.042675707000058], [18.51804658200018, 8.042140628000084], [18.510013281000113, 8.041605393000111], [18.50198, 8.041070000000161], [18.495164982, 8.04002005700005], [18.48835000000014, 8.03897000000012], [18.481890000000135, 8.03837], [18.47351665900004, 8.038183504000074], [18.46514332600009, 8.03799683700015], [18.45677, 8.03781], [18.453980000000115, 8.03624], [18.45007, 8.03653], [18.441463319000036, 8.036193513000171], [18.432856652000112, 8.035856847000048], [18.424250000000143, 8.035520000000133], [18.42123, 8.03372], [18.41315, 8.032690000000116], [18.407395006000172, 8.033115040000098], [18.4016400000001, 8.03354], [18.393137051000053, 8.032804813000098], [18.384634133000134, 8.032069450000108], [18.376131245000067, 8.03133391200015], [18.36762838800007, 8.030598197000131], [18.35912556100004, 8.029862306999973], [18.35062276500014, 8.029126241000029], [18.342120000000136, 8.028390000000115], [18.336245001000123, 8.028475042000025], [18.33037000000013, 8.028560000000141], [18.32310498700008, 8.027855064000107], [18.31584000000015, 8.02715], [18.30499, 8.02615], [18.297322470000097, 8.025620214000071], [18.289654960000064, 8.025090286000136], [18.28198747000016, 8.024560214000132], [18.274320000000102, 8.024030000000153], [18.270370000000128, 8.021110000000135], [18.261965012000132, 8.02168008600006], [18.253560000000107, 8.022250000000156], [18.244729918000132, 8.021614854000177], [18.235899863000043, 8.02097951800016], [18.227069835000066, 8.020343993000097], [18.218239835000077, 8.019708278000167], [18.21398866700008, 8.019402124000067], [18.209409863000133, 8.019072375], [18.200579918000074, 8.018436282000039], [18.19175, 8.0178], [18.184829961000105, 8.01703017400007], [18.17790994800015, 8.01626023200015], [18.170989961000032, 8.015490174000035], [18.16407, 8.01472], [18.15577, 8.014590000000169], [18.14741247500018, 8.01418525400004], [18.13905496700005, 8.01378033900005], [18.13069747500009, 8.013375253999982], [18.113941079000085, 8.012771795000049], [18.105542165000088, 8.01257342000008], [18.097143260000166, 8.012374873000113], [18.088744363000046, 8.01217615500019], [18.080345474000126, 8.011977266000144], [18.071946593000177, 8.01177820600003], [18.06354772100019, 8.011578975000134], [18.055148856000073, 8.01137957300017], [18.04675, 8.01118], [18.039364982999984, 8.010240066000108], [18.03198, 8.009300000000167], [18.018100000000118, 8.00000000000017], [18.01206652900015, 7.995303422000063], [18.0060331950001, 7.990606756000147], [18.000000000000114, 7.98591], [17.995650000000126, 7.99278], [17.988400976000037, 7.98849752600006], [17.981152103000056, 7.984214925000174], [17.97390338000008, 7.979932195], [17.96665480900009, 7.975649338000153], [17.959406389000037, 7.971366353000064], [17.952158119000046, 7.967083240000136], [17.944910000000107, 7.962800000000129], [17.93062, 7.95942], [17.921641998000098, 7.958610180000051], [17.92164000000014, 7.95861], [17.913401228000055, 7.959342877000154], [17.90516242700005, 7.960075590000145], [17.896923597000125, 7.960808139000051], [17.888684737, 7.961540525000089], [17.880445848000022, 7.9622727470001], [17.87220693000006, 7.963004806000185], [17.863967983000066, 7.963736701000073], [17.855729006000047, 7.96446843200016], [17.847490000000107, 7.9652], [17.839163452000037, 7.966373752000038], [17.830836856000133, 7.967547336000166], [17.822510213000157, 7.968720753000184], [17.814183523000054, 7.969894003000093], [17.805856785000174, 7.971067085000186], [17.797530000000165, 7.972240000000113], [17.7958, 7.972330000000113], [17.788010014000122, 7.972710146000111], [17.780220014, 7.973090146000118], [17.77243, 7.973470000000134], [17.764602557000046, 7.974470222000093], [17.756775076000167, 7.975470296000083], [17.748947557000065, 7.976470222000046], [17.74112, 7.977470000000153], [17.733170000000143, 7.978380000000129], [17.72475500200005, 7.978485086000092], [17.722535347000132, 7.978512759000182], [17.716340000000116, 7.978590000000111], [17.71310000000011, 7.97746], [17.710199974000147, 7.973805010000149], [17.7073, 7.97015], [17.70338, 7.969490000000121], [17.70053003200013, 7.974095010000156], [17.69768, 7.978700000000117], [17.694010000000105, 7.981710000000135], [17.688605016, 7.982890034999969], [17.683200000000113, 7.98407], [17.677434991000155, 7.983420040000055], [17.671670000000177, 7.98277], [17.664050000000145, 7.97891], [17.658260000000155, 7.97413], [17.65708, 7.96955000000014], [17.658880000000124, 7.962420000000122], [17.648880000000133, 7.94573000000014], [17.64541, 7.94346], [17.639310014000046, 7.944415045000142], [17.633210000000133, 7.94537], [17.62974, 7.94287], [17.62695, 7.93738], [17.61652000000015, 7.92688], [17.61007, 7.92601], [17.60569, 7.92937], [17.60135000000014, 7.93271], [17.59651, 7.93274], [17.59084493900002, 7.928300039000078], [17.58518, 7.923860000000161], [17.58191995499999, 7.918145014000174], [17.57866, 7.91243], [17.5745, 7.90901], [17.56942, 7.90812000000011], [17.56712000000016, 7.90883], [17.564840000000174, 7.91297], [17.56396000000018, 7.91963], [17.56167, 7.92263], [17.55649000300002, 7.922890032000055], [17.55131000000017, 7.92315], [17.547160000000133, 7.92134], [17.54228000000012, 7.914710000000184], [17.540404976000104, 7.909330005000129], [17.53853, 7.90395], [17.538610001000166, 7.89752500100019], [17.53869, 7.891100000000165], [17.53682, 7.887210000000152], [17.53083, 7.886780000000101], [17.52912, 7.888820000000123], [17.52694000000014, 7.8914], [17.52349, 7.890960000000121], [17.520683234000046, 7.883556688000056], [17.517876567000087, 7.876153355000042], [17.51507000000015, 7.86875], [17.51114, 7.86762], [17.505650000000173, 7.873630000000105], [17.498916796000117, 7.877646776000063], [17.492183463000174, 7.881663442000047], [17.48545, 7.88568], [17.481095037000046, 7.88926002300002], [17.47674, 7.89284], [17.47284, 7.894700000000114], [17.46777, 7.894050000000163], [17.46370995000018, 7.888910020000139], [17.459650000000124, 7.88377], [17.45549, 7.88219], [17.449050000000113, 7.88337], [17.447170000000142, 7.877650000000187], [17.4499, 7.871890000000178], [17.449360000000183, 7.86908], [17.4491900000001, 7.868220000000122], [17.44572, 7.86618], [17.441120000000126, 7.86598], [17.43882, 7.867600000000152], [17.43565000000018, 7.87565], [17.43312, 7.877270000000181], [17.42712998700017, 7.876385043000028], [17.42114, 7.875500000000102], [17.418110000000183, 7.87139000000019], [17.41925, 7.86817], [17.42429, 7.86309], [17.42357, 7.8585], [17.4153, 7.861310000000174], [17.41187, 7.86661], [17.40887, 7.866170000000125], [17.406659978000164, 7.862050006000118], [17.40445, 7.857930000000124], [17.40350000000018, 7.85243000000014], [17.404850000000124, 7.847370000000183], [17.40299, 7.843020000000138], [17.39838, 7.84374], [17.393590000000188, 7.850880000000132], [17.38689997400013, 7.849230053000156], [17.380210000000147, 7.847580000000107], [17.376290000000154, 7.84662], [17.36871, 7.849650000000167], [17.365250000000117, 7.848750000000109], [17.362229969000055, 7.844520011000157], [17.35921, 7.84029], [17.352305006000165, 7.840675057000169], [17.3454, 7.841060000000141], [17.34123, 7.837410000000148], [17.338539952000076, 7.829855010000131], [17.33585, 7.8223], [17.33284, 7.82048], [17.32801000000012, 7.82096], [17.32135505900004, 7.824675053000078], [17.314700000000187, 7.82839], [17.3087, 7.827730000000145], [17.30454, 7.82363], [17.30335, 7.81744], [17.30423, 7.8094], [17.30098, 7.80551], [17.296044993000066, 7.804940029000022], [17.29111, 7.80437], [17.28393000000011, 7.803540000000112], [17.28221391500017, 7.80166790800007], [17.28184, 7.80126], [17.28365, 7.79391], [17.281560000000127, 7.79139], [17.27419, 7.79098], [17.2707, 7.785260000000164], [17.26679, 7.78574], [17.26471, 7.784150000000182], [17.26376000000016, 7.77979], [17.266375040000185, 7.773350009000183], [17.26899, 7.766910000000109], [17.26942, 7.76163], [17.26708, 7.754520000000127], [17.26266, 7.74697], [17.26012, 7.74515], [17.2546, 7.746330000000171], [17.24934008200006, 7.752900033000117], [17.24408, 7.75947], [17.23788, 7.763870000000111], [17.23258, 7.76344], [17.22841, 7.758870000000115], [17.226889984000024, 7.754405003000102], [17.22537, 7.74994], [17.22006000000016, 7.74652], [17.21704, 7.742180000000133], [17.22002, 7.730460000000164], [17.2202, 7.72977], [17.21857000000017, 7.72656], [17.213730000000112, 7.725900000000138], [17.20909, 7.72088], [17.203679992000048, 7.720220034000022], [17.19827, 7.719560000000115], [17.190997337000056, 7.716387686000189], [17.183724783000173, 7.713215248000097], [17.176452337000114, 7.710042686000122], [17.169180000000154, 7.706870000000151], [17.16570000000013, 7.70276], [17.16592, 7.699540000000127], [17.170035053000106, 7.694010020000178], [17.17415000000011, 7.68848], [17.168489952000073, 7.684835038000074], [17.16283, 7.68119], [17.16165, 7.67638], [17.16254000000015, 7.67018], [17.16045, 7.66675], [17.144310000000132, 7.662470000000155], [17.13924, 7.66182], [17.132110000000182, 7.663230000000169], [17.12591, 7.6674], [17.125040000000183, 7.66912], [17.121913424000127, 7.675296690999971], [17.118786757000123, 7.681473358000062], [17.11566000000016, 7.68765], [17.1106, 7.68929], [17.10207000000014, 7.68842], [17.096570000000156, 7.69189], [17.09127, 7.69215], [17.08827, 7.690330000000131], [17.08733000000018, 7.68643], [17.08776, 7.68069], [17.08979503000006, 7.674485006000054], [17.091830000000186, 7.66828], [17.09064000000012, 7.660480000000177], [17.08557, 7.657980000000123], [17.07912000000016, 7.65756000000016], [17.07322995800007, 7.654490039999985], [17.067340000000172, 7.65142], [17.062960000000146, 7.650990000000149], [17.056065034000028, 7.653090055000064], [17.049170000000117, 7.655190000000175], [17.04784, 7.65449000000018], [17.04617, 7.653610000000185], [17.044080000000122, 7.650400000000161], [17.04324498800014, 7.644320001999972], [17.04241000000019, 7.638240000000167], [17.04032, 7.63504], [17.031569996000144, 7.634972766000033], [17.022819995000134, 7.634905354000125], [17.014069996000103, 7.634837766000032], [17.005320000000154, 7.634770000000117], [16.999439980000034, 7.633310040000083], [16.99356, 7.63185], [16.98713, 7.635560000000112], [16.981830000000116, 7.634210000000166], [16.97811000000013, 7.62826], [16.97512, 7.62782], [16.96926505199997, 7.631635040000049], [16.963410000000124, 7.63545], [16.956970000000183, 7.63595], [16.95027996300007, 7.633570052000152], [16.943590000000142, 7.63119], [16.937360000000183, 7.62894], [16.93285496800013, 7.625860024000076], [16.92835, 7.622780000000148], [16.92464, 7.617750000000171], [16.92623001900006, 7.612695004000045], [16.92782, 7.607640000000174], [16.92689, 7.60603], [16.92251, 7.6056], [16.916773428, 7.609150076000049], [16.911036761000105, 7.612700076000124], [16.90530000000018, 7.61625], [16.900920000000156, 7.616500000000144], [16.898610000000133, 7.613990000000115], [16.89813, 7.61032], [16.89995000000016, 7.60549], [16.902805027000056, 7.601340010000058], [16.905660000000125, 7.59719], [16.90448, 7.59192000000013], [16.900074935000134, 7.585515023000141], [16.89567, 7.579110000000185], [16.89564, 7.574520000000177], [16.89908000000014, 7.571280000000172], [16.90736, 7.5694], [16.90965, 7.56618], [16.91008, 7.561580000000106], [16.908, 7.558150000000182], [16.90175, 7.552900000000136], [16.895980000000122, 7.550180000000125], [16.89184, 7.55089], [16.887715032000187, 7.554240020000123], [16.88359000000014, 7.55759], [16.878290000000163, 7.55785], [16.87414000000018, 7.556260000000123], [16.86974, 7.551470000000108], [16.86983000099997, 7.546415001000071], [16.86992, 7.541360000000111], [16.867840000000115, 7.53862], [16.863450000000114, 7.53634], [16.857114992000163, 7.535800046000134], [16.85078, 7.53526], [16.846400000000187, 7.532990000000154], [16.84385, 7.52979], [16.83937001600009, 7.531305023000073], [16.834890000000144, 7.532820000000129], [16.828899997000065, 7.53262004100003], [16.82291000000015, 7.53242], [16.82226289600004, 7.532682383000179], [16.822258954000063, 7.532683981000162], [16.814870000000155, 7.535680000000127], [16.811210000000187, 7.54075], [16.81043000800014, 7.545460001000151], [16.80965, 7.55017], [16.8069, 7.55294], [16.80070000000012, 7.555730000000153], [16.79635, 7.56172000000015], [16.79696498900006, 7.569520002], [16.79758, 7.57732], [16.79393, 7.5853800000001], [16.78912267700008, 7.590685082000107], [16.78431523600011, 7.595990109000184], [16.77950767699997, 7.601295082000092], [16.7747, 7.6066], [16.768275078999977, 7.611910048000141], [16.761850000000152, 7.61722], [16.75496, 7.61956], [16.75152, 7.62233], [16.75041, 7.62434], [16.748090000000104, 7.628540000000157], [16.743385025000066, 7.63086002600005], [16.7386800000001, 7.63318], [16.7357, 7.636640000000114], [16.73366, 7.64262], [16.73022003000017, 7.646425014000044], [16.726780000000133, 7.650230000000136], [16.719440000000134, 7.649900000000173], [16.71127, 7.65149], [16.707020000000114, 7.65149], [16.69815, 7.65092], [16.69017, 7.650870000000168], [16.685120000000154, 7.65319], [16.682150035000177, 7.658260011000095], [16.67918, 7.66333], [16.67251, 7.66497], [16.66723000000019, 7.66866], [16.665660000000116, 7.675560000000189], [16.66595499600004, 7.681020001000149], [16.666250000000105, 7.68648], [16.66666, 7.693920000000162], [16.66636000000011, 7.697500000000105], [16.66586000700005, 7.703405001000078], [16.66536000000019, 7.70931], [16.667003281000177, 7.716110008000157], [16.668646614000124, 7.722910008000042], [16.67029, 7.72971], [16.6680300000001, 7.73822], [16.661903429000063, 7.741540089000068], [16.65577676300012, 7.744860089000099], [16.64965, 7.748180000000104], [16.64403006600014, 7.753145038000014], [16.63841, 7.758110000000158], [16.63129, 7.76227], [16.62715, 7.76275], [16.622419977000106, 7.76071002600014], [16.617690000000152, 7.758670000000109], [16.61239, 7.75823000000014], [16.59448, 7.76888], [16.59681, 7.77484], [16.596300015000054, 7.78088666900004], [16.595790015000148, 7.786933336000061], [16.595280000000116, 7.792980000000114], [16.59807, 7.798240000000135], [16.59787000000017, 7.8049], [16.59466002700009, 7.808475012000031], [16.591450000000123, 7.81205], [16.591370000999973, 7.818590001000189], [16.59129, 7.825130000000172], [16.587510039000165, 7.829510017000075], [16.583730000000116, 7.83389], [16.585580000000107, 7.83778000000018], [16.586189990000094, 7.84466500200017], [16.586800000000153, 7.85155], [16.59062495200004, 7.856810017999976], [16.59445, 7.862070000000188], [16.598170000000152, 7.870310000000188], [16.59797, 7.876050000000134], [16.59592000000015, 7.88019], [16.59545000000014, 7.8783600000001], [16.57744, 7.86995], [16.570529987000157, 7.869180057000051], [16.563620000000128, 7.86841], [16.560840000000155, 7.86476000000016], [16.56311, 7.85946], [16.56056, 7.85466], [16.55273, 7.854240000000175], [16.546520000000157, 7.8568], [16.54214000000013, 7.85590000000019], [16.538554968000142, 7.852130016], [16.53497, 7.848360000000184], [16.53035, 7.84631], [16.52576499700018, 7.846060025000043], [16.52118000000013, 7.84581], [16.51883, 7.845680000000129], [16.51605, 7.842940000000112], [16.515094982000107, 7.835140003000163], [16.51414000000011, 7.82734], [16.50881, 7.8191], [16.502219918000094, 7.813855052], [16.495630000000176, 7.80861], [16.494000000000142, 7.80311], [16.49466, 7.79714], [16.49256, 7.792100000000175], [16.4891, 7.79028], [16.459830000000125, 7.7849], [16.45616, 7.78791], [16.45411, 7.792510000000163], [16.45736, 7.79869], [16.455300000000136, 7.80237000000011], [16.449390000000164, 7.802920000000142], [16.44748, 7.8031], [16.44219, 7.80588], [16.438960000000122, 7.805200000000127], [16.435189826000112, 7.798735052999973], [16.43141976900006, 7.792270071000132], [16.42764982700004, 7.785805053000047], [16.42388000000011, 7.779340000000104], [16.41925997100003, 7.776720025000088], [16.414640000000134, 7.774100000000146], [16.41254000000015, 7.76791], [16.413910000000158, 7.76423], [16.42034000000018, 7.759840000000111], [16.423305046000166, 7.753285011000173], [16.42627, 7.74673], [16.42418, 7.7433], [16.418650000000127, 7.742410000000177], [16.4168, 7.74058], [16.41562, 7.73416], [16.41743, 7.72772], [16.425230000000113, 7.72103], [16.427770000000123, 7.72124], [16.430520000000115, 7.718710000000158], [16.425870000000145, 7.709090000000174], [16.418940000000134, 7.70384], [16.414659952000022, 7.699040022000133], [16.41038, 7.69424], [16.40881, 7.69067], [16.40665, 7.685770000000161], [16.40365, 7.682790000000125], [16.39914997600016, 7.680515023999988], [16.394650000000127, 7.67824], [16.39277, 7.67114], [16.384710000000155, 7.671180000000163], [16.38009497200005, 7.668560025000033], [16.37548, 7.66594], [16.372260000000153, 7.66687], [16.36661498400008, 7.665635037000129], [16.36097, 7.664400000000171], [16.35707, 7.6674], [16.35407, 7.66696], [16.347600000000114, 7.661020000000121], [16.342480000000137, 7.661800000000142], [16.34138, 7.66196], [16.33399986000012, 7.659240190000105], [16.32661981300015, 7.656520253], [16.319239860000152, 7.65380019000014], [16.31186, 7.65108], [16.306685004000144, 7.651445031000037], [16.30151, 7.651810000000125], [16.296650000000113, 7.64793], [16.294439972000077, 7.642430006000097], [16.29223000000019, 7.63693000000012], [16.28646, 7.6326], [16.27769, 7.62782], [16.26973496, 7.625675073000139], [16.2617800000001, 7.62353], [16.25646493700009, 7.618385033000038], [16.25115, 7.61324], [16.23546, 7.606650000000116], [16.23446, 7.60736], [16.23317, 7.60827], [16.233165235000172, 7.608270666000124], [16.22580670200017, 7.609300125000118], [16.21844336800018, 7.610330125000075], [16.21108, 7.611360000000104], [16.20419, 7.61506], [16.19636, 7.61578], [16.19094499200014, 7.615115034000098], [16.18553, 7.614450000000147], [16.18069, 7.61195], [16.176754956000025, 7.60714501800004], [16.17282, 7.60234], [16.16358, 7.594580000000121], [16.156445010000027, 7.595185059000187], [16.149310000000128, 7.59579], [16.144469995000122, 7.595350027000165], [16.139630000000125, 7.59491], [16.135479980000127, 7.592860020000103], [16.131330000000162, 7.59081], [16.124925003000158, 7.591005047000181], [16.11852, 7.5912], [16.111570003000054, 7.591410056000029], [16.104620000000125, 7.59162], [16.096214976000113, 7.590390081000123], [16.08781000000016, 7.58916], [16.080586586000038, 7.5867434540001], [16.073363253000025, 7.584326787000066], [16.06614, 7.58191], [16.061409976000164, 7.579750026], [16.056680000000142, 7.577590000000157], [16.052979971000184, 7.574160016000064], [16.04928000000018, 7.57073000000014], [16.0462699630001, 7.565350011000021], [16.04326, 7.559970000000135], [16.041154960000085, 7.551715007000041], [16.03905, 7.54346], [16.03903000000014, 7.538635001000102], [16.03901, 7.53381000000013], [16.03577, 7.53084], [16.02701000000019, 7.52994], [16.02308, 7.52286], [16.017540000000167, 7.519900000000121], [16.01394494200008, 7.512795016000041], [16.010350000000187, 7.505690000000129], [16.004119950000188, 7.502160044000107], [15.99789, 7.49863], [15.993959963, 7.494510018000085], [15.99003, 7.49039], [15.98105, 7.48928], [15.974810000000161, 7.483340000000112], [15.966906671, 7.483446808000053], [15.959003337000127, 7.483553475000065], [15.9511, 7.4836600000001], [15.944416616000183, 7.482006768000076], [15.937733283000114, 7.480353435000154], [15.93105, 7.4787], [15.92394, 7.47414], [15.91859, 7.470710000000111], [15.909370000000138, 7.46707], [15.90076657800006, 7.464810168000099], [15.89216324500012, 7.462550168000178], [15.883560000000159, 7.46029], [15.877026595000189, 7.45786676299997], [15.870493260999979, 7.455443430000116], [15.86396, 7.453020000000151], [15.857896659000119, 7.452740082999981], [15.85183332600019, 7.452460083000119], [15.84577000000013, 7.452180000000112], [15.840240000000165, 7.45059], [15.83401, 7.445570000000146], [15.82986, 7.444660000000169], [15.825490000000116, 7.44629], [15.816750000000127, 7.44540000000012], [15.81305, 7.441740000000152], [15.80959, 7.441070000000138], [15.807145585000058, 7.444581976000109], [15.80714, 7.44459], [15.803555042000085, 7.449735015000044], [15.799970000000144, 7.45488], [15.792630058000157, 7.458385061000058], [15.78529, 7.46189], [15.779410006000035, 7.462340039000082], [15.77353, 7.46279], [15.769140000000107, 7.457990000000166], [15.76638, 7.45777], [15.75903, 7.463770000000181], [15.75814000000014, 7.470890000000111], [15.755390000000148, 7.47457], [15.750785009000083, 7.475395023999965], [15.74618, 7.47622], [15.742970000000128, 7.47853], [15.739160128000037, 7.485890035000125], [15.735350128000107, 7.493250035000187], [15.731540000000166, 7.500610000000108], [15.72764, 7.504990000000134], [15.728749986000082, 7.510590002000015], [15.72986, 7.516190000000108], [15.727950000000135, 7.519130000000189], [15.719461224000156, 7.518935575000171], [15.710972455000046, 7.518740985000079], [15.702483693000033, 7.518546232], [15.69399493900005, 7.518351314000085], [15.685506193000094, 7.518156232000081], [15.677017455000112, 7.517960985000173], [15.668528723000122, 7.517765575000169], [15.66004, 7.51757], [15.65735, 7.51711], [15.652709992000155, 7.516310025], [15.648070000000132, 7.515510000000177], [15.63955, 7.516660000000115], [15.630799966000097, 7.514945087000058], [15.622050000000172, 7.51323], [15.622050000000172, 7.51415], [15.613237079999976, 7.51363053100016], [15.60442418100007, 7.513110884000071], [15.595611303000112, 7.512591061000137], [15.586798446000046, 7.512071061000086], [15.577985609000109, 7.511550884000144], [15.569172794000053, 7.511030531000188], [15.56036, 7.510510000000181], [15.54655, 7.5112], [15.533470347000048, 7.516639855000108], [15.53347, 7.51664], [15.495788798000035, 7.532341709000093], [15.492867, 7.527787], [15.492963000000145, 7.526091], [15.491957, 7.522547], [15.491038, 7.521554], [15.48958800000014, 7.51988], [15.48835, 7.518187000000125], [15.487822, 7.517198], [15.487677000000133, 7.516149], [15.488032, 7.51507], [15.488864, 7.514177000000188], [15.48972, 7.51350100000019], [15.490578, 7.513029], [15.491257, 7.512706000000151], [15.491346000000135, 7.512531], [15.491521, 7.511509], [15.491080000000125, 7.510161], [15.49049, 7.509341], [15.489636, 7.508412000000135], [15.484477, 7.504394], [15.48065, 7.50270300000011], [15.476411, 7.499350000000163], [15.475615, 7.498707], [15.474909, 7.497510000000148], [15.474791, 7.496343], [15.475215, 7.494915], [15.475662, 7.493925000000161], [15.476305000000139, 7.493017000000179], [15.475863000000174, 7.491936], [15.474077, 7.489179], [15.471163000000104, 7.48702], [15.466993, 7.484177], [15.465478000000132, 7.48349], [15.464214, 7.483605000000182], [15.463214, 7.483809000000178], [15.461976000000107, 7.48352], [15.46062400000011, 7.483055000000149], [15.457655000000159, 7.481102], [15.456686000000104, 7.479893000000175], [15.456189000000165, 7.478786], [15.455515, 7.474914000000126], [15.45546, 7.474596000000133], [15.455635, 7.474305], [15.455928, 7.474100000000135], [15.45625100000018, 7.473984], [15.456544, 7.473984], [15.456866, 7.474041], [15.457275000000152, 7.474358000000166], [15.457508, 7.474618], [15.457653000000164, 7.474995], [15.457711000000188, 7.475198], [15.45791700000018, 7.476336], [15.457977000000142, 7.476978], [15.457978, 7.477241000000106], [15.458067000000142, 7.477853000000152], [15.458214, 7.478145000000154], [15.458508, 7.478291000000127], [15.45892, 7.478349000000151], [15.459742000000176, 7.477941000000158], [15.460065, 7.476747000000103], [15.460065, 7.47479600000014], [15.459683, 7.473339], [15.458943000000147, 7.472361], [15.457914, 7.471547000000101], [15.456239, 7.470409], [15.45532800000018, 7.469709], [15.45477, 7.468219], [15.453850000000102, 7.462639], [15.453732000000116, 7.460948], [15.453731, 7.459667], [15.450706, 7.456087], [15.445647000000122, 7.455573000000186], [15.438871, 7.454036], [15.438181, 7.453865], [15.437549000000104, 7.453523], [15.437319000000116, 7.452896], [15.437205, 7.452327], [15.437149, 7.451587], [15.437151, 7.450393], [15.437209, 7.449767000000122], [15.436690000000112, 7.445495000000165], [15.435887, 7.440884], [15.43434000000019, 7.437135000000126], [15.433223000000112, 7.434631], [15.431733000000122, 7.433096], [15.429496000000142, 7.432186000000115], [15.427028, 7.431389], [15.424791, 7.430535000000134], [15.423181, 7.428656000000103], [15.422894, 7.428086000000178], [15.422038000000157, 7.426383000000101], [15.421695, 7.422631], [15.422268, 7.420411000000172], [15.42267100000015, 7.419789], [15.422787000000142, 7.417803], [15.421757000000184, 7.416386], [15.42038100000019, 7.414850000000115], [15.419177, 7.413941], [15.417860000000132, 7.41331700000012], [15.415911, 7.412065], [15.414477, 7.411038], [15.408697000000132, 7.405934000000173], [15.402106000000174, 7.39985200000018], [15.396586000000127, 7.399166], [15.394697000000122, 7.398659], [15.392011000000139, 7.397815], [15.390508000000125, 7.397161], [15.389992, 7.396934000000158], [15.389476000000172, 7.396706000000108], [15.388100000000179, 7.395512], [15.387644000000137, 7.395059], [15.387359000000174, 7.394549000000154], [15.387302, 7.393982000000108], [15.38616100000013, 7.390354000000173], [15.382249000000115, 7.382677000000172], [15.379058, 7.3783], [15.3778, 7.377166], [15.377057, 7.377108], [15.374939000000154, 7.37733], [15.372305000000154, 7.376535], [15.371391, 7.375514000000123], [15.370935000000145, 7.374438], [15.369679000000133, 7.372681000000171], [15.367851, 7.370955], [15.367221000000143, 7.370444], [15.366706, 7.370047], [15.365733000000148, 7.369309], [15.365162000000169, 7.369138000000135], [15.363848000000132, 7.369305000000111], [15.36281700000012, 7.36851], [15.359383, 7.364769000000138], [15.358527, 7.362733], [15.357612000000188, 7.361713], [15.352564000000143, 7.357962], [15.348961, 7.355637], [15.342281, 7.352079000000174], [15.337741000000108, 7.350541], [15.336331000000143, 7.350021], [15.33587400000016, 7.349114000000156], [15.336219, 7.346681000000103], [15.335476, 7.345378], [15.332615000000146, 7.341863], [15.331479000000115, 7.341167], [15.329646, 7.340548000000183], [15.327475000000106, 7.33896], [15.320752, 7.333455000000185], [15.31835, 7.330796], [15.316752000000179, 7.328988], [15.315153, 7.327491], [15.31366800000012, 7.327207000000158], [15.31213471100017, 7.326953239000034], [15.311952, 7.326923], [15.31047400000017, 7.326356], [15.30716, 7.323632], [15.30333, 7.320287000000121], [15.29979, 7.31677900000011], [15.297426, 7.314911000000109], [15.296912000000134, 7.314571], [15.296345000000144, 7.314569], [15.295719, 7.314681], [15.294519, 7.314964], [15.293945000000178, 7.315135000000168], [15.289948, 7.311962000000165], [15.290748000000121, 7.311113], [15.288284, 7.30765300000013], [15.287201, 7.30737], [15.285208, 7.307257], [15.28395300000011, 7.306917000000169], [15.282582, 7.30584], [15.281553000000144, 7.303858], [15.280698, 7.302329], [15.279158, 7.300515000000189], [15.276458000000105, 7.297441], [15.275088, 7.296987000000115], [15.273888000000113, 7.296534000000122], [15.272692, 7.295741], [15.271844000000101, 7.294724000000144], [15.271502, 7.293534], [15.271041, 7.29155400000019], [15.270355000000166, 7.290875000000142], [15.268129, 7.288896], [15.264767, 7.287167000000125], [15.26323, 7.286715], [15.260729, 7.282922], [15.259866, 7.280658000000187], [15.25593, 7.278053000000114], [15.249563, 7.275732], [15.249448000000143, 7.275732], [15.248195, 7.275734], [15.246372000000179, 7.275737000000163], [15.245688, 7.275739000000101], [15.245175, 7.275683000000129], [15.244547000000182, 7.275512000000163], [15.243177000000117, 7.274490000000185], [15.242777000000103, 7.274036], [15.242149, 7.273014000000103], [15.241864, 7.272504], [15.241865000000132, 7.27194], [15.24209500000012, 7.270812000000149], [15.242437, 7.270302], [15.241867000000127, 7.266111], [15.239586, 7.2633340000001], [15.238161, 7.261412], [15.237193000000104, 7.259037], [15.236851, 7.25762], [15.236054, 7.255017000000123], [15.234858, 7.252982000000145], [15.23172, 7.249008000000117], [15.228015, 7.247025], [15.225223, 7.247250000000179], [15.222834, 7.246739000000161], [15.221183, 7.246004], [15.219863, 7.244759000000101], [15.218894, 7.243345], [15.217933, 7.241608000000156], [15.215656, 7.235356000000138], [15.215601, 7.234789000000148], [15.215833, 7.233545], [15.216291000000126, 7.233092], [15.216749000000164, 7.232809], [15.217237, 7.233113], [15.217604, 7.233406000000116], [15.217897000000107, 7.234175000000107], [15.218299000000172, 7.234725], [15.218775000000107, 7.235164], [15.219195, 7.235180000000128], [15.219594, 7.234728], [15.219653000000108, 7.23354200000017], [15.219178, 7.232344000000182], [15.218592, 7.231576], [15.21786, 7.231026], [15.217128000000116, 7.23077000000012], [15.216432, 7.230697000000134], [15.215846, 7.230660000000114], [15.215187, 7.230623], [15.212587, 7.229525000000137], [15.210714000000166, 7.225635000000182], [15.210826, 7.224448], [15.210882, 7.224111], [15.21118490400005, 7.22387706100011], [15.211330000000146, 7.223765000000185], [15.21182800000014, 7.223516000000188], [15.212276, 7.223464000000149], [15.215361, 7.223145], [15.217198, 7.22319], [15.219281, 7.223332], [15.220124000000169, 7.223876000000132], [15.223103, 7.222701], [15.223441, 7.220802000000162], [15.223716, 7.219702], [15.225112, 7.219053], [15.227259, 7.218898], [15.229669000000172, 7.218651], [15.23011300000013, 7.218526000000111], [15.230698, 7.218342000000177], [15.232408000000135, 7.217189000000133], [15.233236, 7.216619], [15.23353800000018, 7.216229000000112], [15.233630000000176, 7.215684000000181], [15.233477000000107, 7.215141000000187], [15.228247000000124, 7.209671000000185], [15.226585, 7.208161000000132], [15.224746000000152, 7.207982], [15.22429300000016, 7.208065], [15.223626, 7.207916000000125], [15.223082000000147, 7.207768000000101], [15.222687000000121, 7.207327], [15.22249, 7.206935000000101], [15.22248900000011, 7.206446], [15.222730000000126, 7.203903], [15.223219, 7.202049000000159], [15.222599000000173, 7.198300000000131], [15.219054, 7.193767], [15.217105000000117, 7.191804000000161], [15.210816, 7.183373000000131], [15.208823, 7.181816], [15.205979, 7.177474], [15.205845000000181, 7.177002], [15.205831000000103, 7.175917], [15.205831000000103, 7.175333], [15.206175000000144, 7.174695000000156], [15.206665, 7.174176], [15.207691000000182, 7.167678], [15.208494, 7.162186], [15.208986, 7.156857000000173], [15.208942, 7.149092], [15.208942, 7.1488], [15.208943, 7.147780000000182], [15.209723, 7.145368000000133], [15.210308000000168, 7.143865000000119], [15.210698, 7.142896], [15.21099, 7.142507], [15.211379000000136, 7.142167], [15.21181700000011, 7.141828000000146], [15.212207, 7.141542], [15.214872000000128, 7.139922000000183], [15.215358, 7.139633], [15.216426, 7.139539], [15.216866, 7.139544000000171], [15.217358000000104, 7.139649000000134], [15.217893000000174, 7.139651000000129], [15.218425000000138, 7.139647000000139], [15.219439, 7.139591000000109], [15.219873, 7.139492000000132], [15.220362, 7.139206], [15.220606, 7.138870000000168], [15.22095000000013, 7.137958], [15.220028, 7.135499000000152], [15.219638, 7.135064], [15.221621, 7.130147], [15.222051, 7.12981], [15.222287000000108, 7.12937600000015], [15.22214, 7.128943], [15.221045000000174, 7.126544000000138], [15.219445000000121, 7.125288000000126], [15.217715000000169, 7.124834], [15.216380000000186, 7.12431], [15.2142750000001, 7.123474000000101], [15.21385, 7.12328], [15.21365500000013, 7.122803], [15.213645, 7.122278000000108], [15.213829000000146, 7.121811], [15.21405900000019, 7.121389], [15.214935, 7.120081], [15.21564, 7.119578000000161], [15.217313000000104, 7.117817000000116], [15.220842, 7.112187], [15.221069, 7.111768], [15.220307, 7.108524], [15.217428, 7.103519000000176], [15.21595200000013, 7.101664000000142], [15.21173, 7.10362], [15.211271, 7.103574], [15.210399, 7.103301], [15.209985, 7.102893], [15.211412, 7.10048], [15.21291900000017, 7.098711], [15.213284, 7.098301], [15.209383000000173, 7.091520000000173], [15.206537, 7.087563000000159], [15.196725000000185, 7.083423], [15.191507000000115, 7.08216], [15.190061000000185, 7.080882000000145], [15.190601000000129, 7.0787], [15.191258000000118, 7.076579], [15.191424000000154, 7.073619000000178], [15.190486, 7.070547], [15.190169, 7.07014], [15.18939900000015, 7.069643000000156], [15.187937000000147, 7.068923], [15.187541, 7.06891], [15.187082, 7.06899900000019], [15.185073000000102, 7.069403], [15.18471000000011, 7.069538], [15.184256, 7.069719], [15.179149, 7.073042], [15.17694, 7.074567], [15.173653, 7.071480000000122], [15.171012, 7.073159], [15.170511, 7.074111000000187], [15.169822000000181, 7.075024], [15.169097, 7.075063], [15.167969, 7.075024], [15.16768, 7.074921], [15.167474, 7.074509], [15.166898000000174, 7.073314000000153], [15.166773000000148, 7.073018000000161], [15.166410000000155, 7.07206500000018], [15.166365000000155, 7.071568], [15.166637, 7.070714000000123], [15.167002, 7.070353000000125], [15.167458000000181, 7.070262], [15.166815, 7.067753], [15.166507, 7.067224], [15.166143, 7.066908000000183], [15.165688000000102, 7.066547000000128], [15.16326, 7.064673], [15.163163, 7.064679000000126], [15.163089000000127, 7.064644000000101], [15.162402000000156, 7.064239000000157], [15.160231000000124, 7.060561000000121], [15.159232, 7.057037], [15.157587, 7.050455], [15.1577190000001, 7.050417], [15.157816000000139, 7.050353000000143], [15.158835, 7.048772], [15.158574000000158, 7.045062], [15.15838100000019, 7.044122], [15.157162, 7.04378], [15.156128, 7.043756], [15.155253000000187, 7.043871000000138], [15.153827000000149, 7.043934], [15.152393000000131, 7.042621], [15.152031, 7.04008000000016], [15.15223900000018, 7.036123000000146], [15.151535, 7.034257], [15.149917, 7.032478], [15.148486000000162, 7.031778000000145], [15.147440000000131, 7.030793000000187], [15.143856, 7.027292], [15.142617, 7.024282], [15.140564, 7.015240000000119], [15.140875000000165, 7.010245], [15.141234, 7.007197], [15.141419, 7.006839000000127], [15.141915, 7.005579000000125], [15.141341000000182, 7.003170000000125], [15.140215, 6.999037000000101], [15.139862, 6.998319], [15.138463, 6.9971], [15.1376, 6.991251], [15.136668, 6.987248], [15.134164000000169, 6.979490000000169], [15.134508, 6.976133], [15.133646000000113, 6.973426], [15.133011000000181, 6.972972000000141], [15.133035, 6.971573], [15.134238, 6.965964], [15.134396, 6.965607], [15.135047, 6.964167], [15.135672, 6.963307], [15.136528, 6.962868], [15.13678700000014, 6.959649], [15.136474, 6.957142], [15.135674, 6.955236000000127], [15.135584, 6.953261000000111], [15.137050129000158, 6.952530294000042], [15.138692, 6.951712], [15.140311, 6.947241000000133], [15.14038, 6.94698], [15.140211, 6.946729], [15.136647, 6.942545], [15.132873000000131, 6.939941], [15.13011200000011, 6.937871], [15.126077, 6.934733000000108], [15.120072, 6.927178], [15.119933, 6.925918000000138], [15.117059, 6.91743600000018], [15.115509000000145, 6.913519], [15.113405000000114, 6.91006], [15.112141000000179, 6.907941], [15.110889000000157, 6.903756000000158], [15.109437, 6.89732800000013], [15.106835000000103, 6.892134000000112], [15.105257000000108, 6.887332000000129], [15.102439000000174, 6.882321000000161], [15.100908000000118, 6.880705], [15.09797, 6.877116], [15.094911, 6.872152], [15.09365200000019, 6.869751000000122], [15.091815, 6.864675], [15.090505, 6.859899000000155], [15.088305000000105, 6.854068000000154], [15.087749, 6.85340500000018], [15.086295, 6.851029], [15.084165, 6.847066], [15.083343, 6.845471], [15.083359000000144, 6.844714000000181], [15.083416, 6.8432600000001], [15.082225000000108, 6.839481], [15.079861, 6.834791000000166], [15.077254, 6.828159000000142], [15.076408000000185, 6.825698000000102], [15.075923, 6.82474], [15.071526000000176, 6.820884], [15.0677510000001, 6.817559], [15.06697800000012, 6.81242200000014], [15.066739, 6.807869], [15.066123, 6.802475], [15.064821000000165, 6.797161], [15.06401, 6.79192], [15.064307, 6.790829], [15.065026, 6.78978], [15.06523, 6.788882], [15.065206, 6.788356], [15.065160000000162, 6.788013], [15.064511, 6.786627000000124], [15.063530000000128, 6.785022], [15.063045000000102, 6.784428000000105], [15.062245000000189, 6.783565], [15.062118000000169, 6.783442], [15.060648, 6.782238], [15.059771000000126, 6.780420000000106], [15.059193000000107, 6.779158000000166], [15.058515000000114, 6.777141], [15.05818900000014, 6.776037], [15.056942000000163, 6.771712], [15.056543, 6.770138], [15.054581, 6.768128], [15.05044, 6.76596], [15.045355, 6.763196000000164], [15.044306, 6.762449000000174], [15.042235000000119, 6.761100000000113], [15.040966, 6.76073], [15.038997, 6.761292], [15.035184, 6.762429000000111], [15.033387, 6.763323000000184], [15.031578000000138, 6.76481200000012], [15.030384, 6.76564900000011], [15.029090000000167, 6.76600000000019], [15.027595, 6.766192], [15.027404000000104, 6.766188000000113], [15.02707, 6.766165000000171], [15.02636, 6.766088], [15.022572, 6.766426], [15.02137800000014, 6.766928], [15.019223000000181, 6.767922], [15.015947, 6.769161], [15.014947, 6.768979000000115], [15.012653000000114, 6.767873], [15.010387, 6.766035], [15.010162, 6.765843000000132], [15.009704, 6.765427], [15.009511, 6.765178], [15.00909200000018, 6.764452000000176], [15.008509000000117, 6.763739000000157], [15.007448, 6.763140000000135], [15.004513, 6.76196], [14.997077201000025, 6.760230117000162], [14.98964145500014, 6.758500121], [14.982205762000149, 6.756770011000071], [14.974770122000052, 6.755039788000147], [14.967334535000077, 6.753309451000064], [14.95989900000012, 6.751579000000163], [14.957113177999986, 6.744244911000067], [14.954327439000167, 6.736910805000036], [14.951541783999971, 6.729576680000093], [14.948756212999967, 6.72224253700017], [14.945970725000109, 6.714908376000039], [14.943185321000044, 6.707574197000099], [14.942004356000098, 6.704464527000027], [14.941742722000129, 6.703775605000033], [14.9404, 6.700240000000122], [14.936916691000022, 6.692238722000184], [14.933433496000077, 6.684237417000077], [14.929950414000189, 6.676236085000085], [14.926467445000014, 6.668234726000037], [14.922984590000056, 6.660233339000115], [14.919501847000106, 6.652231925000137], [14.916019216000166, 6.644230485000151], [14.912536698000167, 6.636229017000176], [14.909054293000054, 6.628227522000088], [14.908905458000106, 6.627893475000064], [14.908378411000115, 6.626710555000045], [14.902272285000038, 6.613005786000031], [14.898972665000088, 6.605785548000028], [14.895673141000088, 6.598565286], [14.892373713000154, 6.591345001000093], [14.889074380000068, 6.584124691000056], [14.885775142000114, 6.576904357000046], [14.882476000000167, 6.569684000000109], [14.87900735800008, 6.561561593000135], [14.875538828000117, 6.55343915900005], [14.872070410000049, 6.545316699000182], [14.868602104000104, 6.537194212000031], [14.865133911000157, 6.529071699000042], [14.86166582900006, 6.520949159000168], [14.858197859000029, 6.512826593000113], [14.85473, 6.504704000000118], [14.830562, 6.45514], [14.82626489800009, 6.447455972000057], [14.821967926000013, 6.439771906000033], [14.81767108300005, 6.432087802000183], [14.813374369000144, 6.424403659000063], [14.80907778400018, 6.416719478000118], [14.80478132800016, 6.409035258000074], [14.800485, 6.401351], [14.802806929000099, 6.394206825000026], [14.805128793000051, 6.387062637000099], [14.807450593000112, 6.379918437000129], [14.809772329, 6.372774225], [14.812094000000172, 6.365630000000181], [14.807494671000029, 6.358430694999981], [14.802895469000191, 6.351231347000123], [14.798296396000069, 6.344031956000151], [14.793697450000025, 6.336832523000169], [14.789098631000115, 6.329633047000073], [14.78449993999999, 6.32243352800009], [14.779901376, 6.315233966], [14.775302939000142, 6.308034362000114], [14.770704628999965, 6.300834715000121], [14.766106446000094, 6.293635026000118], [14.761508389000085, 6.286435294000171], [14.756910459000153, 6.2792355200001], [14.752312655000026, 6.272035703000086], [14.747714978000033, 6.264835844000061], [14.743117426000083, 6.257635943000025], [14.73852, 6.250436], [14.730104655000162, 6.247398474000022], [14.721689408000145, 6.244360813000128], [14.71327425700008, 6.24132301800006], [14.704859203000183, 6.238285087000122], [14.69644424600017, 6.23524702200001], [14.68802938600004, 6.232208822000189], [14.679614623000077, 6.229170488000136], [14.67119995700017, 6.226132019000033], [14.662785387000099, 6.22309341600004], [14.65437091400014, 6.220054678000167], [14.645956538000064, 6.217015806000063], [14.637542258, 6.213976799000079], [14.62912807500004, 6.210937658000034], [14.620713988000148, 6.207898384000089], [14.612299997000036, 6.204858975000036], [14.603886104000082, 6.201819432000036], [14.59547230600009, 6.198779755000146], [14.587058604999982, 6.195739944000081], [14.578645000000108, 6.1927], [14.574383, 6.193471000000102], [14.573642, 6.193738000000167], [14.572614, 6.194194], [14.570009, 6.195551], [14.566434000000129, 6.196468], [14.562169, 6.194398], [14.556469, 6.191096], [14.551262000000179, 6.1873930000001], [14.547255, 6.183927], [14.544571, 6.181256000000133], [14.540781, 6.176718], [14.535138, 6.173489000000188], [14.531210000000158, 6.171807000000115], [14.530388000000187, 6.17137], [14.529954000000146, 6.170889], [14.529448, 6.170196], [14.527539, 6.165986], [14.525456000000133, 6.161587], [14.525126, 6.160985000000153], [14.524621000000138, 6.160384], [14.524329000000137, 6.160085000000151], [14.523462000000166, 6.159814], [14.518879, 6.155828000000156], [14.515979, 6.152106], [14.512641000000144, 6.150065], [14.509945000000187, 6.147969], [14.509495, 6.146723000000179], [14.508585, 6.142658], [14.50647, 6.138714], [14.506480000000181, 6.133960000000172], [14.50526200000013, 6.132328000000143], [14.503983000000176, 6.13106], [14.501888, 6.130125000000135], [14.499650000000145, 6.128548], [14.496947, 6.125919000000124], [14.495976, 6.124586000000136], [14.488654000000167, 6.117926000000125], [14.487413000000174, 6.119975000000181], [14.485938000000147, 6.120760000000132], [14.483679000000109, 6.116088000000104], [14.482362, 6.113009], [14.481774, 6.112103], [14.48085200000014, 6.111082000000124], [14.47997800000013, 6.110209], [14.479738000000168, 6.11002800000017], [14.479448000000161, 6.109865000000184], [14.478635, 6.109440000000177], [14.47429, 6.106293], [14.471295, 6.103773], [14.470121, 6.100981000000161], [14.469906, 6.099733], [14.467718, 6.097924], [14.465461000000175, 6.097036], [14.460083000000168, 6.094927], [14.454793000000166, 6.095025000000135], [14.447603000000129, 6.093629], [14.445069000000103, 6.090662], [14.440332, 6.087613], [14.434739, 6.084996], [14.432253000000173, 6.084157], [14.430935, 6.084185000000105], [14.4297, 6.084239000000139], [14.42852, 6.084545], [14.42507, 6.085349000000122], [14.424927000000139, 6.085369000000185], [14.423847000000137, 6.085379000000103], [14.423107000000186, 6.084811], [14.422648, 6.084321000000159], [14.421949, 6.083327000000168], [14.421435, 6.082459], [14.421317, 6.081709], [14.421479, 6.080128000000116], [14.423651, 6.077072], [14.425877, 6.07538], [14.426871, 6.073406000000148], [14.425959, 6.071686000000113], [14.424888, 6.069552000000101], [14.423823, 6.067259], [14.422328, 6.062895], [14.422249, 6.06246], [14.422251, 6.061986000000104], [14.422292, 6.061552], [14.420869, 6.055541], [14.419512, 6.05314], [14.416714, 6.048041000000183], [14.415884949000088, 6.044044836000126], [14.415613, 6.042734], [14.415722000000187, 6.040113], [14.416196000000184, 6.036207000000161], [14.417285, 6.032043000000101], [14.420242, 6.027578000000119], [14.424447, 6.026574], [14.426013, 6.021447], [14.425869, 6.016733], [14.427469000000144, 6.012659], [14.43098, 6.007711], [14.430727, 6.005411], [14.432072000000119, 6.000871000000188], [14.432895, 5.999045], [14.434268, 5.997084], [14.434875, 5.996817000000135], [14.435615, 5.996749], [14.44114900000011, 5.99348300000014], [14.447545000000162, 5.986694], [14.455754, 5.979366], [14.463345, 5.972758], [14.464200000000119, 5.969886], [14.464941000000124, 5.966949000000113], [14.465482000000122, 5.964347], [14.466429000000119, 5.959946000000116], [14.470843000000116, 5.952245000000119], [14.473804, 5.946387000000186], [14.477009000000123, 5.941139], [14.478414, 5.94041], [14.481229, 5.9392840000001], [14.481768000000102, 5.939018], [14.482306, 5.93862], [14.482842000000119, 5.938088], [14.483110000000124, 5.937423000000138], [14.484828000000164, 5.932632000000183], [14.483562, 5.930239], [14.483298, 5.928509000000133], [14.48323500000015, 5.926244000000111], [14.484173000000112, 5.924446], [14.487462000000107, 5.917243], [14.488933000000145, 5.914985], [14.489198, 5.914719000000105], [14.490462, 5.914055], [14.491792, 5.91346], [14.493934, 5.912403], [14.496787, 5.910285], [14.496978000000183, 5.908502000000112], [14.496897, 5.90729], [14.49708, 5.906252000000109], [14.497691, 5.905458000000124], [14.501111, 5.90246500000012], [14.503615, 5.901854000000185], [14.504776, 5.901488], [14.506241000000102, 5.900755], [14.507402, 5.900083], [14.510334, 5.897274000000152], [14.510761000000173, 5.895747], [14.515403, 5.895503000000133], [14.532473898000092, 5.899200735000136], [14.54055142400017, 5.900957926000103], [14.548629, 5.902715], [14.551039000000173, 5.902849000000117], [14.555607007000049, 5.90200401900006], [14.560175, 5.901159], [14.56026, 5.901159], [14.567952000000162, 5.904015000000129], [14.568888000000129, 5.904440000000136], [14.570247000000165, 5.905627], [14.572791000000166, 5.908421], [14.573213, 5.909182], [14.576445000000149, 5.913256], [14.583054, 5.92045000000013], [14.586882, 5.922913], [14.587649, 5.923169], [14.591142000000104, 5.923685000000148], [14.594887000000142, 5.923693], [14.597609000000148, 5.923276], [14.599228000000153, 5.922601000000157], [14.602473, 5.921164], [14.605221, 5.917515000000151], [14.607954, 5.913281], [14.611826000000121, 5.90498], [14.613882000000103, 5.900314000000151], [14.616194, 5.896496], [14.618162, 5.893527], [14.619158, 5.889539000000184], [14.619502, 5.887753], [14.619506000000172, 5.885031], [14.61908000000011, 5.884265], [14.618654, 5.883415], [14.618400000000179, 5.882567000000108], [14.61823, 5.881716], [14.61823, 5.88086], [14.618750000000148, 5.877293000000179], [14.617648, 5.873479], [14.616373000000124, 5.869704000000183], [14.616032000000132, 5.868417], [14.615544000000114, 5.862126], [14.61546, 5.86119], [14.614782000000105, 5.857784000000152], [14.613757, 5.856330000000128], [14.6131630000001, 5.853518000000122], [14.614707000000124, 5.847388], [14.61506, 5.844848], [14.616449, 5.834465], [14.6191290000001, 5.827406], [14.62063000000012, 5.8229520000001], [14.620932, 5.821393], [14.621008000000131, 5.82065], [14.621010000000126, 5.819832], [14.621012, 5.818940000000168], [14.621013000000175, 5.81827200000015], [14.62064, 5.817455], [14.619893, 5.817231000000163], [14.619151000000102, 5.814410000000123], [14.620952000000102, 5.810837000000106], [14.622604, 5.807415000000105], [14.623136000000159, 5.804726], [14.623061000000178, 5.801512], [14.622992000000124, 5.79876], [14.622628, 5.795551000000103], [14.620986, 5.79221], [14.619573, 5.788777], [14.621073, 5.786124], [14.622350000000154, 5.783372000000156], [14.622507000000155, 5.780835], [14.621922, 5.771984], [14.620586, 5.766654000000131], [14.621188, 5.76374], [14.622914, 5.76091300000013], [14.623222000000169, 5.757633000000169], [14.62337900000017, 5.754205], [14.62233700000013, 5.750999000000149], [14.622052000000167, 5.742526], [14.623028, 5.73992], [14.624158, 5.73627], [14.624165, 5.73217000000011], [14.625454000000104, 5.723058], [14.62658800000014, 5.71665], [14.626858, 5.710372], [14.626862, 5.708733000000166], [14.626864, 5.707764000000111], [14.626865000000123, 5.707168], [14.626567, 5.706496000000186], [14.624855, 5.702688], [14.623137, 5.699181000000124], [14.622167000000104, 5.694715], [14.619315, 5.690225], [14.617520000000184, 5.68776], [14.616249, 5.684998], [14.615428000000122, 5.68276], [14.615429000000177, 5.681938], [14.614759000000163, 5.67851], [14.613492000000122, 5.67481], [14.61259500000017, 5.672572000000116], [14.609557000000166, 5.66437800000017], [14.606492, 5.659448000000111], [14.606277, 5.655263], [14.606984, 5.649369000000149], [14.607363000000191, 5.647802000000183], [14.607513000000154, 5.646231], [14.605346000000111, 5.640852000000166], [14.602435000000128, 5.635322], [14.598093, 5.627398], [14.597869000000117, 5.62665], [14.597198, 5.624255], [14.596976000000154, 5.622243], [14.597353, 5.621568], [14.59758, 5.620523000000162], [14.597209, 5.617752], [14.594099000000142, 5.611296], [14.593724, 5.610544000000118], [14.593348000000162, 5.609792], [14.592823, 5.609191], [14.592224000000101, 5.608671], [14.590953, 5.605304], [14.590669, 5.596931], [14.590072000000191, 5.5943860000001], [14.590004, 5.589598], [14.59121800000014, 5.583239], [14.591369, 5.582563000000107], [14.594759, 5.576138000000128], [14.595287, 5.575466000000176], [14.595813, 5.574869000000149], [14.596413, 5.574347000000103], [14.597984, 5.574274000000116], [14.598586000000125, 5.574873000000139], [14.599414, 5.575473], [14.602466, 5.570069], [14.602466, 5.569994000000179], [14.60390400000017, 5.56454900000017], [14.605409000000122, 5.5623], [14.607072, 5.559702], [14.60745, 5.55903], [14.607526000000178, 5.558206], [14.607377, 5.557606], [14.605652000000191, 5.553858], [14.605508000000157, 5.550942], [14.608839000000103, 5.539425], [14.61266, 5.530941], [14.613117, 5.530186000000185], [14.613647000000185, 5.529658], [14.61605, 5.527501], [14.620487, 5.523701], [14.621616000000131, 5.52273], [14.624853, 5.519073000000105], [14.628322, 5.513542], [14.627787, 5.509760000000142], [14.623370000000136, 5.505046], [14.61932, 5.500175], [14.618117, 5.498601], [14.616918000000112, 5.496653000000151], [14.616467000000114, 5.495155000000182], [14.616092000000151, 5.493659], [14.61324500000012, 5.489764], [14.614908, 5.484602000000109], [14.617170000000158, 5.481542], [14.617695, 5.479439000000127], [14.617399, 5.478622], [14.616726, 5.478253], [14.615826, 5.478182], [14.614996, 5.4780990000001], [14.614394000000175, 5.477796], [14.612824000000103, 5.473983], [14.612975000000176, 5.473231], [14.612003, 5.470762], [14.60868, 5.466864000000101], [14.6047, 5.464763000000175], [14.602293, 5.463558], [14.600645000000156, 5.461387], [14.60034800000011, 5.459215000000142], [14.600951, 5.458842000000175], [14.602461000000119, 5.457197000000122], [14.604447000000107, 5.453005000000189], [14.604753, 5.451513], [14.603106, 5.448897000000102], [14.600487, 5.440652], [14.597487000000172, 5.433072], [14.598171, 5.430524000000162], [14.599005, 5.42805], [14.599763000000166, 5.425049000000115], [14.600154, 5.417846000000111], [14.598874, 5.41452], [14.59390000000019, 5.408877000000132], [14.592775000000188, 5.408652000000188], [14.590738, 5.408949], [14.588325, 5.409472], [14.586364000000174, 5.409318], [14.583656, 5.408336000000133], [14.580404000000158, 5.406301], [14.57740500000017, 5.403893], [14.575718, 5.402168000000188], [14.572259, 5.397132], [14.571603, 5.393690000000163], [14.572292, 5.387969], [14.572564, 5.38591], [14.572575, 5.381546], [14.57159300000012, 5.380414], [14.568879, 5.378757], [14.564505, 5.373857], [14.559664, 5.368722], [14.559545000000185, 5.366155000000106], [14.560236000000145, 5.36300000000017], [14.561298, 5.361643000000186], [14.562218, 5.35795800000011], [14.562672, 5.355694], [14.562158000000181, 5.353894], [14.560641, 5.351474], [14.559806, 5.350564], [14.557466, 5.345584000000144], [14.557242, 5.342418], [14.555732, 5.339778], [14.55513, 5.339250000000106], [14.554303, 5.339324], [14.550673, 5.336151], [14.550138, 5.334438], [14.550919, 5.333084], [14.55273000000011, 5.329884000000163], [14.552448, 5.3275000000001], [14.551968000000102, 5.325989000000106], [14.54470300000014, 5.319283], [14.544162000000142, 5.319340000000125], [14.543742, 5.31886], [14.543023, 5.317180000000121], [14.54326500000019, 5.316337], [14.549707000000126, 5.310784], [14.55036900000016, 5.310487], [14.550732, 5.310130000000129], [14.550615000000107, 5.309532], [14.549303, 5.305462], [14.548639, 5.304499], [14.547619000000168, 5.303899000000115], [14.545277, 5.302638], [14.543772, 5.302454], [14.542629000000147, 5.302152000000149], [14.540166000000113, 5.300892000000147], [14.53801, 5.298134], [14.537188, 5.296951], [14.531067, 5.29067700000013], [14.527887, 5.287661000000185], [14.52628285500009, 5.284050589000174], [14.525669000000164, 5.282669000000169], [14.527073, 5.275735], [14.528246, 5.273025000000132], [14.533503000000167, 5.267519], [14.540209000000118, 5.263086], [14.544256, 5.260107000000119], [14.548935, 5.255767], [14.555062000000135, 5.250934], [14.559134, 5.247942], [14.561850000000106, 5.246304], [14.564351000000102, 5.243224000000168], [14.566727, 5.240025000000173], [14.569462, 5.236447], [14.573377000000107, 5.233789], [14.577946000000168, 5.233109], [14.579012, 5.233304], [14.580273000000147, 5.233208000000104], [14.586476, 5.231867], [14.588415, 5.231107000000179], [14.591520000000116, 5.229663], [14.5922, 5.229086000000109], [14.592784, 5.228218], [14.593368, 5.226190000000145], [14.594825000000185, 5.224359000000163], [14.59704900000014, 5.224167], [14.600132000000144, 5.224361000000158], [14.603899, 5.224751], [14.608675, 5.221100000000149], [14.613127000000134, 5.220433], [14.615256000000102, 5.220629], [14.617865000000108, 5.222655], [14.620376, 5.223332], [14.624053000000174, 5.221414], [14.63071500000018, 5.220752000000118], [14.632555, 5.218925000000127], [14.63546, 5.216812000000118], [14.638844, 5.215569], [14.641455000000121, 5.215861], [14.644646, 5.216635], [14.647548, 5.21635], [14.650260000000173, 5.214524000000154], [14.652280000000133, 5.211796], [14.651804, 5.208330000000103], [14.653355, 5.205062000000112], [14.655677, 5.202950000000158], [14.658579000000145, 5.201607], [14.662248000000147, 5.200554000000125], [14.66410500000012, 5.19985400000013], [14.66653767500003, 5.19169764600008], [14.66897028800014, 5.183541280999975], [14.671402839000052, 5.175384904000055], [14.673835327000063, 5.167228516000023], [14.676267752000172, 5.159072116000175], [14.67870011600013, 5.150915705000045], [14.681132418000118, 5.142759282000156], [14.683564658000137, 5.134602849000032], [14.685996836000129, 5.126446403000159], [14.688428952000095, 5.118289947000108], [14.690861007000137, 5.110133479000126], [14.693293, 5.101977000000147], [14.693176000000108, 5.099259000000131], [14.692959, 5.099043], [14.692092000000116, 5.09915100000012], [14.68873200000013, 5.097742], [14.689274000000182, 5.094490000000121], [14.68873200000013, 5.09319], [14.68819000000019, 5.092539000000158], [14.683963, 5.089938], [14.682228, 5.088962], [14.680711, 5.088637], [14.679194000000166, 5.088746000000185], [14.677676000000133, 5.088746000000185], [14.674132, 5.087679], [14.672621, 5.084778000000142], [14.673478000000102, 5.080818], [14.673004000000105, 5.078267], [14.672150000000158, 5.074197], [14.673965, 5.070785], [14.676159, 5.067660000000103], [14.67883, 5.06465900000012], [14.680074000000161, 5.061814], [14.681223, 5.058401000000117], [14.680749, 5.056215000000122], [14.680373, 5.053466000000185], [14.680002, 5.047961000000157], [14.680003000000113, 5.046823000000131], [14.680198, 5.044734000000176], [14.680486000000144, 5.04369], [14.680965000000128, 5.042931000000181], [14.682112000000188, 5.042172000000107], [14.68287800000013, 5.041318000000103], [14.683166, 5.040272], [14.683648000000119, 5.038318], [14.683271000000161, 5.036419000000137], [14.683275000000151, 5.034518], [14.683563000000163, 5.033376], [14.684333, 5.030334], [14.684908, 5.029574], [14.685671000000127, 5.029003000000102], [14.686814, 5.028433000000177], [14.68729000000019, 5.027577], [14.687676000000124, 5.02368], [14.687581, 5.021591], [14.686820000000182, 5.020828000000108], [14.681193000000178, 5.020153], [14.676898000000108, 5.02014], [14.676233000000138, 5.018525000000182], [14.679309000000103, 5.013841], [14.679665152000041, 5.013374172000169], [14.679811, 5.01318300000014], [14.67822696200011, 5.011701734000155], [14.677237, 5.010776000000135], [14.676006, 5.0089660000001], [14.677917, 5.003423000000112], [14.679745, 5.000945000000115], [14.678268000000116, 4.997717], [14.677686000000108, 4.99722], [14.673963, 4.990002], [14.676221, 4.988108], [14.678637, 4.988362000000109], [14.681215, 4.987336], [14.682064000000139, 4.984279000000129], [14.681650000000161, 4.983533], [14.680985, 4.982785000000149], [14.680654000000175, 4.982039], [14.680907000000161, 4.981128000000183], [14.683257, 4.977484000000118], [14.684905000000185, 4.975656], [14.686833, 4.973752], [14.68877300000014, 4.973092000000179], [14.689609000000189, 4.972927], [14.691409, 4.973013], [14.69197800000012, 4.973594000000162], [14.69271, 4.974175], [14.693443000000173, 4.974258], [14.693446, 4.9735960000001], [14.693042, 4.97284900000011], [14.690687, 4.969939], [14.689534, 4.96885600000013], [14.689533, 4.967195], [14.690956, 4.963875000000144], [14.691547000000128, 4.963125000000105], [14.692224, 4.962791000000152], [14.69328800000011, 4.96255100000019], [14.693527000000188, 4.959008000000154], [14.690935000000138, 4.952596], [14.68837000000019, 4.948365], [14.687715, 4.944127], [14.689405, 4.940337], [14.689394000000163, 4.938912], [14.684223, 4.934577], [14.680734, 4.931754], [14.679904000000136, 4.93125700000013], [14.67991, 4.929516000000149], [14.680498, 4.927939], [14.680835, 4.927108], [14.6819220000001, 4.925946000000181], [14.685596000000146, 4.924439000000177], [14.692953000000102, 4.914804], [14.695795, 4.90957], [14.697982, 4.905028000000129], [14.698409, 4.902287000000172], [14.697998, 4.899458], [14.698005000000137, 4.896464], [14.70014300000014, 4.890294000000154], [14.702315, 4.885467], [14.70424, 4.880897000000118], [14.704241, 4.880148000000133], [14.704245, 4.878236], [14.704326, 4.877404000000126], [14.704575, 4.876573000000121], [14.706171, 4.874664000000109], [14.706926, 4.874415000000113], [14.711527, 4.868434], [14.712026, 4.86777], [14.712191, 4.867023], [14.71137, 4.864367], [14.710633000000144, 4.862093000000186], [14.709778, 4.860316], [14.70855100000017, 4.858842000000152], [14.707879, 4.859032], [14.707204000000104, 4.859158], [14.706343000000118, 4.859161], [14.705788, 4.85916200000014], [14.703877, 4.858425000000125], [14.703507000000116, 4.857871000000102], [14.703258000000119, 4.854906], [14.703319, 4.854289], [14.703751, 4.853797000000156], [14.704310000000135, 4.853615], [14.704933000000153, 4.853063], [14.705681, 4.851463000000138], [14.70592900000014, 4.850785], [14.706049000000121, 4.84955500000018], [14.704325, 4.846102000000144], [14.702991, 4.844609], [14.702498000000105, 4.844169], [14.701881, 4.843919000000142], [14.70157300000011, 4.843299], [14.701574, 4.842623], [14.701698, 4.842008000000135], [14.702935, 4.841094000000169], [14.70504000000011, 4.840307], [14.705658, 4.840244], [14.706895000000145, 4.839936000000137], [14.7074530000001, 4.839444], [14.708944, 4.83705], [14.709626000000128, 4.835383000000149], [14.710568, 4.832124], [14.710447, 4.828297], [14.71026200000017, 4.827124], [14.710640000000183, 4.823772000000133], [14.712446, 4.819771000000173], [14.715012, 4.816498], [14.715571000000125, 4.81508], [14.715271, 4.810022], [14.716513000000134, 4.807247], [14.718002, 4.802944], [14.718190000000106, 4.801650000000109], [14.717575, 4.800603000000137], [14.717019, 4.800296000000174], [14.715783000000101, 4.800113000000124], [14.71498, 4.8000550000001], [14.71430000000015, 4.800059], [14.713805, 4.799875000000156], [14.713186000000178, 4.799381], [14.712939000000176, 4.798762], [14.713001000000133, 4.798143], [14.713064, 4.797711000000163], [14.713873, 4.79623], [14.715239, 4.794315], [14.716674000000125, 4.791352000000131], [14.717481, 4.789489], [14.7172920000001, 4.787626], [14.716859000000113, 4.78707], [14.716427000000124, 4.786576], [14.715807000000154, 4.78639], [14.715188, 4.786266000000126], [14.713458000000116, 4.782556000000113], [14.713089000000139, 4.781014], [14.712567, 4.776516], [14.711651000000188, 4.77331], [14.711284, 4.7722], [14.710161, 4.769778], [14.709786, 4.769219], [14.709227000000169, 4.769032], [14.70861100000019, 4.769095000000164], [14.705021000000158, 4.768602], [14.703844000000117, 4.76841700000017], [14.703286000000105, 4.768045000000143], [14.701984, 4.767115000000103], [14.700807000000168, 4.765814], [14.699939000000143, 4.764761], [14.699506, 4.764203], [14.699507, 4.763338], [14.701684, 4.760510000000181], [14.703484000000174, 4.758523], [14.706217000000152, 4.756802000000164], [14.709446000000185, 4.757679], [14.7098170000001, 4.757182000000171], [14.709626000000128, 4.755318000000102], [14.70944, 4.754698000000133], [14.708639000000176, 4.753651], [14.707776, 4.752602], [14.707344000000148, 4.751366000000132], [14.7074080000001, 4.750872000000129], [14.707534, 4.750193], [14.707785, 4.749576], [14.708096000000182, 4.74902], [14.708906, 4.747846], [14.709278, 4.747475], [14.709897000000183, 4.747413000000108], [14.711141, 4.748035], [14.713874, 4.747359], [14.714937, 4.746099000000129], [14.716935, 4.743453], [14.717128, 4.737568000000181], [14.716444, 4.735522000000174], [14.715529, 4.728403000000185], [14.716653000000122, 4.726569000000154], [14.718144, 4.725512], [14.71808300000015, 4.723528], [14.715604, 4.717948], [14.716046, 4.71616], [14.718163, 4.712942000000112], [14.718353054000147, 4.712184076000085], [14.718548126000087, 4.711406141000111], [14.718660000000114, 4.71096], [14.718601, 4.710279000000185], [14.718108, 4.708978], [14.71762, 4.702749000000154], [14.718497000000127, 4.701207], [14.719428, 4.698291], [14.719991000000107, 4.696435000000122], [14.72119, 4.692165000000159], [14.721062, 4.689995000000181], [14.719879000000105, 4.687625], [14.718888000000163, 4.685643], [14.718578, 4.685085000000186], [14.718019, 4.684588], [14.716529, 4.683530000000133], [14.71803, 4.677092000000187], [14.719037, 4.669903], [14.720224, 4.666167], [14.720666, 4.662452], [14.720983000000103, 4.658731000000103], [14.719806, 4.656066], [14.718813000000182, 4.653704], [14.71882, 4.648066], [14.719014, 4.643664000000115], [14.721134000000177, 4.640634], [14.725994000000128, 4.637236], [14.728667000000144, 4.632215], [14.730486, 4.627817], [14.730825, 4.62061], [14.729976, 4.616449], [14.73065, 4.611269000000107], [14.736642, 4.610312000000135], [14.738092000000165, 4.605631], [14.743155, 4.602698], [14.744359, 4.601895], [14.744421000000159, 4.601618], [14.744637, 4.598746], [14.744822000000113, 4.595814000000132], [14.749798, 4.58944], [14.751307, 4.585234000000128], [14.755917, 4.583341000000189], [14.759828, 4.583999000000119], [14.763903, 4.583999000000119], [14.76423300000016, 4.583835], [14.764644, 4.583547000000181], [14.765097, 4.583135], [14.765385, 4.582641], [14.765261000000123, 4.582023], [14.765056, 4.581653000000131], [14.764644, 4.581241000000148], [14.764068, 4.580706000000134], [14.765014000000122, 4.577660000000151], [14.767402000000175, 4.576837000000125], [14.770448000000158, 4.574038000000144], [14.774462, 4.569072000000119], [14.77582000000018, 4.566201], [14.77977200000015, 4.563237000000129], [14.782303000000127, 4.561694], [14.783075, 4.56116900000012], [14.783384, 4.560922000000119], [14.783971000000122, 4.560335], [14.785730000000171, 4.5566], [14.785730000000171, 4.556168], [14.785668, 4.555797], [14.785514, 4.555272000000173], [14.78536000000014, 4.554809], [14.785113, 4.554346000000123], [14.784804000000122, 4.553914], [14.79067, 4.547986], [14.793726, 4.546473], [14.796721000000105, 4.544652], [14.799129, 4.54313900000011], [14.800395000000151, 4.541349000000139], [14.802556, 4.538292000000126], [14.802340000000129, 4.53647100000012], [14.803575, 4.533661000000109], [14.805828, 4.531624], [14.808483, 4.527332000000115], [14.81012, 4.524554000000137], [14.810397, 4.524338], [14.810737000000188, 4.524338], [14.811177000000157, 4.524404000000175], [14.811594000000184, 4.524543000000108], [14.812289000000135, 4.524873], [14.812462, 4.525047], [14.814911, 4.527634], [14.816213000000118, 4.528329], [14.817464, 4.528728000000172], [14.818176000000165, 4.528624], [14.820815, 4.527218000000119], [14.82571200000018, 4.525461], [14.828136, 4.524083], [14.828383, 4.523774000000117], [14.828723, 4.523249], [14.82897, 4.52272500000015], [14.829155000000128, 4.522231000000147], [14.829247000000123, 4.521768], [14.829000000000121, 4.521397], [14.827704000000153, 4.519452], [14.826747, 4.518341], [14.826407000000131, 4.518186000000128], [14.826253000000179, 4.51797], [14.826345000000174, 4.517631], [14.826654000000133, 4.516735000000153], [14.827271, 4.51584], [14.82758, 4.515624], [14.830328, 4.514976000000104], [14.833106, 4.514759], [14.835298, 4.514852000000133], [14.839837, 4.514049000000114], [14.847678, 4.513278000000128], [14.850488, 4.513772000000131], [14.85058, 4.508461000000182], [14.851013, 4.505004], [14.85249400000015, 4.501361000000145], [14.853853000000129, 4.502441000000147], [14.858577, 4.498983], [14.864535, 4.497378], [14.869999, 4.496761], [14.870462, 4.49666800000017], [14.870802, 4.49639], [14.871018, 4.49602], [14.871080000000177, 4.495587], [14.871296, 4.492747000000122], [14.87142, 4.490339000000176], [14.871296, 4.49003], [14.871512, 4.489567], [14.872531000000151, 4.487468], [14.873087000000112, 4.486819], [14.873766, 4.486048], [14.874013, 4.485770000000116], [14.874692, 4.485152], [14.875124, 4.484782000000109], [14.875495, 4.484473], [14.875989, 4.484103], [14.87639, 4.483825000000138], [14.876853000000153, 4.48364], [14.877162000000169, 4.483578000000136], [14.87744, 4.483609], [14.877717, 4.483732], [14.879632, 4.483084000000133], [14.881855000000144, 4.481509000000187], [14.882071, 4.481262000000186], [14.882040000000188, 4.481046], [14.881824, 4.48083000000014], [14.881299000000126, 4.480336000000136], [14.88043400000015, 4.479626000000167], [14.87947800000012, 4.478885000000162], [14.87957, 4.476848000000189], [14.884973, 4.472402], [14.889573, 4.468790000000126], [14.895346000000131, 4.467864], [14.897322, 4.468265], [14.900286000000108, 4.468882000000121], [14.909362, 4.464709000000141], [14.916231, 4.461927000000173], [14.92141800000013, 4.459959], [14.92202, 4.459727], [14.922807, 4.459102], [14.924405, 4.457782], [14.92466000000013, 4.457551000000137], [14.924868000000117, 4.457204], [14.924984000000109, 4.456787], [14.929777, 4.454147], [14.935172, 4.451369], [14.939618000000166, 4.449285], [14.941493, 4.447641000000147], [14.941030000000126, 4.445418], [14.941586000000143, 4.440069000000165], [14.941701, 4.439421], [14.941864, 4.439074], [14.942141, 4.438726], [14.942396, 4.438425], [14.942767000000117, 4.438286], [14.943021, 4.438309000000174], [14.943322, 4.438425], [14.949065, 4.438495000000103], [14.949412000000166, 4.438194], [14.949713, 4.437985], [14.951172, 4.437082], [14.954228, 4.436596], [14.955502, 4.437406], [14.960109000000102, 4.440023], [14.965968, 4.439722], [14.967218000000116, 4.439606], [14.967635, 4.43949], [14.972312000000102, 4.43692], [14.973609000000124, 4.436156], [14.978772, 4.436133], [14.980717, 4.434304000000111], [14.982199, 4.430923000000121], [14.98206000000016, 4.427427], [14.983889000000147, 4.425713], [14.98676, 4.42569], [14.993128, 4.424972000000139], [14.997110000000191, 4.423398000000134], [15.001302000000123, 4.421962000000121], [15.003895, 4.42224], [15.00544600000012, 4.423189], [15.006465000000105, 4.424069], [15.006882000000132, 4.424208], [15.007414, 4.42425500000013], [15.007854, 4.424208], [15.00813200000016, 4.424023000000147], [15.009961000000146, 4.422263], [15.01017, 4.421823000000188], [15.010285000000124, 4.421407], [15.01017, 4.421036], [15.009938, 4.420642], [15.009567, 4.420249000000183], [15.009243, 4.420156000000134], [15.010031, 4.418373], [15.011883000000182, 4.417216], [15.012763000000177, 4.414946000000157], [15.012415000000146, 4.413488000000143], [15.011328000000105, 4.410709], [15.011142000000177, 4.406541000000175], [15.011304, 4.405962], [15.011536, 4.405337], [15.012763000000177, 4.402304], [15.013527000000124, 4.401609000000121], [15.015634, 4.400984000000108], [15.016676000000132, 4.398368000000175], [15.016676000000132, 4.397048], [15.013527000000124, 4.394617000000153], [15.013018000000159, 4.393366], [15.014453, 4.391097], [15.01619, 4.388573000000122], [15.018158, 4.387809000000118], [15.018505000000118, 4.387601000000188], [15.018783, 4.387369000000149], [15.020103000000177, 4.385911000000135], [15.020265, 4.385309], [15.02177, 4.379636000000175], [15.023321000000124, 4.373754], [15.0236230000001, 4.371971000000144], [15.025567, 4.367896], [15.025753000000122, 4.367595], [15.027072, 4.367063], [15.027535000000114, 4.366947], [15.028114, 4.36697], [15.030708000000118, 4.36722500000019], [15.031171, 4.367364000000123], [15.031565000000114, 4.367526], [15.031958000000145, 4.367827], [15.032190000000128, 4.368105000000185], [15.032352, 4.368591], [15.032190000000128, 4.369286], [15.031958000000145, 4.369888], [15.032421, 4.372736], [15.034598, 4.374495], [15.035014, 4.374773000000118], [15.035431, 4.374912000000108], [15.035802, 4.374889000000167], [15.036126, 4.37475], [15.036334000000181, 4.374472], [15.040873, 4.368082], [15.042655, 4.365720000000181], [15.042794000000185, 4.365396], [15.043466, 4.363752], [15.04328100000015, 4.3628250000001], [15.041313, 4.360603], [15.03897400000011, 4.359468000000163], [15.038742000000127, 4.357523000000185], [15.041822, 4.353448000000185], [15.043906000000163, 4.351109], [15.04411400000015, 4.350901], [15.044485000000122, 4.350646000000154], [15.044786000000158, 4.350553000000104], [15.045133, 4.3506], [15.045411000000172, 4.350739], [15.051755000000185, 4.345552], [15.055275000000108, 4.340875], [15.059165, 4.332215000000133], [15.060508, 4.328973000000133], [15.064745, 4.324551], [15.066829, 4.322745000000168], [15.06841900000012, 4.320912], [15.0695, 4.318627000000106], [15.069993000000181, 4.316559], [15.06987, 4.316281000000174], [15.06987, 4.315849000000128], [15.070024, 4.315386], [15.070209, 4.314861000000121], [15.070487000000185, 4.314336], [15.070827, 4.314058000000102], [15.071228, 4.314058000000102], [15.074686000000156, 4.314645], [15.077403, 4.313811000000101], [15.07941, 4.309551], [15.082127000000128, 4.304704000000129], [15.085491000000104, 4.301925], [15.085924, 4.297634], [15.087406000000101, 4.294361], [15.089876, 4.291274], [15.090123, 4.289638], [15.089876, 4.287785000000156], [15.088579, 4.286983], [15.087714, 4.28525400000018], [15.089474000000166, 4.281456000000162], [15.089536000000123, 4.274232], [15.087591000000145, 4.272503000000142], [15.086325, 4.269756], [15.08685000000014, 4.268459], [15.089598000000137, 4.266359], [15.093364000000179, 4.265032000000133], [15.094047, 4.263427], [15.093204, 4.260779000000184], [15.091520000000173, 4.254913000000101], [15.090738000000101, 4.251634], [15.093415000000107, 4.24631], [15.089324, 4.243151000000182], [15.088151000000153, 4.24023300000016], [15.088632000000132, 4.236202], [15.089595, 4.235119000000168], [15.0914, 4.234337], [15.093295000000126, 4.234277000000134], [15.093806000000143, 4.229313000000104], [15.093716000000143, 4.226726], [15.097446, 4.224049], [15.099011, 4.222665000000177], [15.101146, 4.219416], [15.101237, 4.218935000000101], [15.101056000000142, 4.218544], [15.100725, 4.218002000000183], [15.099492, 4.216438], [15.099161, 4.216197], [15.098740000000191, 4.216137], [15.0979880000001, 4.216167], [15.095551000000114, 4.214212], [15.094167, 4.212226000000101], [15.094047, 4.210692], [15.094047, 4.209068000000116], [15.094077, 4.208676], [15.096664, 4.20254000000017], [15.097837, 4.200674000000163], [15.099943, 4.1992], [15.100033, 4.196734000000106], [15.099582, 4.195651], [15.098439000000155, 4.194387], [15.097597000000121, 4.19183], [15.097266, 4.189574000000107], [15.098589000000118, 4.18452], [15.098740000000191, 4.18073], [15.098800000000153, 4.180279], [15.099071, 4.180038000000138], [15.099402, 4.179948], [15.100695, 4.180098000000157], [15.102049, 4.180369], [15.102951, 4.180609000000118], [15.104215, 4.181031], [15.104696, 4.181271], [15.106261000000188, 4.181362], [15.107253, 4.179827000000103], [15.107434, 4.179346], [15.107524, 4.178955], [15.107313, 4.178624], [15.105990000000133, 4.177541000000133], [15.104456, 4.176458], [15.103162000000111, 4.174473000000148], [15.104034000000127, 4.171344], [15.104756, 4.169208], [15.104065, 4.163673], [15.1053280000001, 4.159101000000135], [15.105990000000133, 4.157566], [15.10647100000017, 4.156243], [15.106681000000151, 4.154708], [15.105599000000154, 4.153234000000168], [15.103279, 4.150783], [15.10007, 4.149232000000154], [15.099214000000131, 4.145595000000128], [15.099214000000131, 4.141103], [15.10167500000017, 4.134525], [15.102263000000164, 4.133562000000154], [15.102798, 4.133027000000141], [15.104562000000158, 4.132011], [15.106755, 4.127305], [15.10638100000017, 4.12644900000015], [15.106167, 4.125914], [15.106167, 4.125487000000135], [15.106809, 4.12324000000018], [15.107557000000156, 4.120887], [15.107932, 4.120406000000173], [15.108413, 4.120299], [15.109055, 4.120299], [15.11130100000014, 4.120299], [15.112371, 4.120299], [15.11295900000016, 4.12051300000013], [15.113601000000187, 4.120887], [15.114243, 4.120941], [15.115152, 4.120941], [15.117023000000188, 4.120727000000102], [15.117558, 4.12056600000011], [15.118628000000115, 4.119283000000166], [15.118948000000103, 4.11880200000013], [15.119376000000159, 4.117892], [15.119697, 4.116983000000118], [15.119697, 4.116235], [15.11959000000013, 4.115325], [15.119216, 4.114684000000125], [15.118948000000103, 4.114042000000154], [15.119163000000128, 4.11324], [15.120125000000144, 4.111903], [15.12082, 4.111207], [15.12205100000017, 4.11078], [15.12296, 4.110566000000119], [15.124297000000183, 4.110726], [15.125366, 4.110887], [15.126329000000112, 4.110940000000141], [15.127238, 4.110619], [15.129591000000175, 4.109015], [15.13034000000016, 4.1080520000001], [15.131463000000167, 4.106555], [15.132158000000118, 4.105539], [15.132586000000174, 4.104629], [15.132533, 4.10372000000018], [15.132158000000118, 4.102758000000165], [15.131570000000124, 4.101528000000144], [15.131356, 4.100137000000188], [15.131463000000167, 4.098479000000111], [15.13183700000019, 4.096768000000111], [15.132318, 4.095163], [15.132693000000131, 4.094201], [15.133174000000167, 4.093345], [15.13419, 4.091955000000155], [15.135046000000159, 4.09120600000017], [15.138186, 4.087452], [15.140925, 4.080353000000173], [15.141262, 4.079443], [15.141363, 4.078365000000133], [15.141363, 4.076984], [15.141194, 4.075805], [15.140116, 4.074356], [15.139644, 4.074087], [15.140251, 4.071729000000175], [15.143485000000112, 4.06836], [15.144061, 4.068087000000105], [15.144125000000145, 4.068057], [15.144833, 4.067942000000187], [15.145956, 4.068316], [15.147614000000146, 4.069119], [15.150983, 4.07083], [15.152694000000167, 4.071953], [15.154245, 4.072541], [15.155957000000171, 4.073183], [15.157294, 4.073557], [15.158791000000178, 4.073771], [15.160396000000105, 4.073664], [15.162107000000105, 4.07345], [15.164193000000182, 4.073130000000106], [15.166011, 4.072809000000177], [15.168257, 4.072220000000129], [15.170076, 4.071579], [15.171413, 4.070777], [15.172429, 4.069760000000144], [15.173070000000166, 4.068798000000129], [15.173391, 4.067835], [15.173391, 4.066659], [15.175903, 4.061827000000108], [15.178864, 4.058126000000129], [15.176772558999971, 4.055982598000071], [15.176449000000162, 4.055651000000182], [15.176358, 4.055572], [15.175742343000024, 4.055269053000075], [15.172448, 4.05364800000018], [15.16934700000013, 4.052301000000114], [15.161568, 4.049548], [15.1609, 4.049287000000106], [15.155274000000134, 4.047759], [15.153071000000125, 4.047447], [15.149949, 4.047232], [15.143588, 4.044847000000118], [15.138383, 4.040844], [15.135356, 4.037389000000132], [15.12933100000015, 4.034968], [15.123842, 4.033520000000124], [15.118414000000143, 4.03345800000011], [15.112625, 4.031817], [15.106448, 4.031088000000125], [15.10063700000012, 4.030529], [15.091739000000189, 4.027507000000128], [15.08860900000019, 4.026134], [15.085395000000176, 4.02438], [15.083460000000116, 4.023313], [15.080598000000123, 4.021731000000102], [15.078803000000107, 4.020809], [15.077666, 4.020574000000124], [15.076786, 4.020756], [15.076373000000103, 4.020896000000107], [15.076191000000165, 4.020917], [15.076065, 4.020922], [15.075844, 4.020847000000117], [15.075417, 4.020636], [15.075006, 4.020411000000138], [15.073453, 4.019521], [15.073456705000126, 4.019512726000016], [15.102507000000116, 3.954646], [15.107032051000147, 3.947122645999968], [15.111557020000191, 3.93959926600013], [15.116081908000126, 3.932075861000158], [15.120606714000019, 3.924552429000073], [15.125131440000132, 3.917028971000036], [15.129656085000136, 3.909505488000036], [15.134180650000133, 3.901981977999981], [15.138705133000144, 3.89445844300019], [15.143229537000025, 3.886934882000048], [15.147753859999966, 3.879411296000171], [15.152278103000128, 3.871887684000058], [15.15680226699999, 3.864364046], [15.161326350000138, 3.85684038300019], [15.165850353999986, 3.849316694000038], [15.170374279000157, 3.84179298000015], [15.174898124000094, 3.834269240000026], [15.179421891000175, 3.826745476000156], [15.183945578000078, 3.819221685000116], [15.188469186000134, 3.81169787000016], [15.192992716000106, 3.80417403000007], [15.197516168000107, 3.796650164000141], [15.202039540999976, 3.789126274000068], [15.206562836000046, 3.7816023580001], [15.211086053000145, 3.774078417000112], [15.215609191999988, 3.766554452000094], [15.220132254000134, 3.759030462000169], [15.224655238000082, 3.751506446000064], [15.229178144000059, 3.743982406000157], [15.233700973999987, 3.736458342000049], [15.238223726000115, 3.728934252000101], [15.242746401000147, 3.721410138000181], [15.24727, 3.713886], [15.252802512000017, 3.708110755000121], [15.258334953000144, 3.702335475000154], [15.26386732200018, 3.696560159000114], [15.269399619000069, 3.690784807999989], [15.274931845000026, 3.685009422000178], [15.280465, 3.679233], [15.282430587000022, 3.677149064000105], [15.282430587000022, 3.677149063000059], [15.28628102, 3.673066796000057], [15.292096960000038, 3.666900553000119], [15.297912820000022, 3.660734271000081], [15.303728601000103, 3.654567950000114], [15.309544303000052, 3.648401590999981], [15.315359925000052, 3.642235193000147], [15.321175468000092, 3.636068757000089], [15.326990932000058, 3.62990228200016], [15.332806317000063, 3.623735769000177], [15.338621623000051, 3.617569218000028], [15.344436851000125, 3.611402628000178], [15.356424160000131, 3.598768457000119], [15.362595234000025, 3.592301872000178], [15.368766221000044, 3.585835243000076], [15.37493711999997, 3.579368571999964], [15.381107934000056, 3.572901859000069], [15.387278660999982, 3.566435102000128], [15.393449301000032, 3.559968304000108], [15.399619856000129, 3.553501463000146], [15.405790325000055, 3.547034579000126], [15.411960707999981, 3.540567653999972], [15.418131005000077, 3.534100686000102], [15.424301217000107, 3.527633677000154], [15.430471343000079, 3.521166625000092], [15.436641385000087, 3.514699531000076], [15.442811341000038, 3.508232396000096], [15.448981213000025, 3.501765219000106], [15.455151000000114, 3.495298000000162], [15.461139179000043, 3.489632097000026], [15.467127286000164, 3.483966155000019], [15.473115322000183, 3.478300175000186], [15.479103286000054, 3.472634155000151], [15.485091179000108, 3.46696809700012], [15.491079, 3.461302], [15.496954304000155, 3.454454639], [15.502829523000173, 3.447607241000128], [15.508704659000102, 3.440759805000027], [15.514579710000135, 3.433912332000034], [15.520454678000021, 3.427064822000148], [15.526329563, 3.420217274000038], [15.532204364000165, 3.413369690000138], [15.538079082000081, 3.406522068000015], [15.54395371600009, 3.399674410000102], [15.54982826800017, 3.392826715000126], [15.555702738000036, 3.385978982000097], [15.561577124000053, 3.379131214000154], [15.567451429000187, 3.372283408000044], [15.573325651000061, 3.365435566000144], [15.579199791000065, 3.358587687000067], [15.585073850000128, 3.351739772000087], [15.59094782600016, 3.344891821000033], [15.596821721000083, 3.338043834000189], [15.602695535000066, 3.331195810000054], [15.60856926800011, 3.324347750000072], [15.614442919, 3.31749965400013], [15.62031649000005, 3.310651522000171], [15.62618998000005, 3.303803354000024], [15.632063389999985, 3.296955150999963], [15.637936719000038, 3.29010691100018], [15.643809968000085, 3.283258636000141], [15.649683137000068, 3.276410325000086], [15.655556226000101, 3.269561979000116], [15.66142923600006, 3.262713598], [15.667302166000127, 3.255865181000104], [15.673175016000016, 3.249016728000072], [15.679047788000105, 3.242168241000172], [15.684920480000187, 3.235319718000085], [15.690793094000071, 3.228471161000186], [15.696665629000051, 3.2216225680001], [15.702538086, 3.2147739400001], [15.708410464000053, 3.207925278000062], [15.714282764000131, 3.201076581000166], [15.720154986000182, 3.194227849000129], [15.726027130000034, 3.187379082000064], [15.731899197000132, 3.180530281000131], [15.737771186000032, 3.173681445000113], [15.743643098000064, 3.166832575000115], [15.749514932000068, 3.159983671000077], [15.75538669000008, 3.153134732000126], [15.761258371000167, 3.146285760000126], [15.767129975000103, 3.139436753000155], [15.773001503000103, 3.132587712000031], [15.778872954000178, 3.125738637000097], [15.784744329000034, 3.118889529000057], [15.790615629000172, 3.112040386000103], [15.796486852000044, 3.105191210000044], [15.802358, 3.098342000000173], [15.80424500000015, 3.099352], [15.804645, 3.099649000000113], [15.805056, 3.100071], [15.805176, 3.100417000000107], [15.805246, 3.10082100000011], [15.805264, 3.101109000000122], [15.80641, 3.103391000000158], [15.807337000000189, 3.10508300000015], [15.808477, 3.106485], [15.80929900000018, 3.107478], [15.812097, 3.108580000000131], [15.812493000000131, 3.108602000000189], [15.813252, 3.108345], [15.818626, 3.104932], [15.82137900000015, 3.103359000000125], [15.822487000000137, 3.103707000000156], [15.826528, 3.106498000000158], [15.82765400000011, 3.107330000000104], [15.828150000000107, 3.10783], [15.829594, 3.109571], [15.830826000000172, 3.111208000000147], [15.833595000000116, 3.114174], [15.834223, 3.11455], [15.837017000000117, 3.115579000000139], [15.83904600000011, 3.115689], [15.84022700000014, 3.115629000000183], [15.840585, 3.115372], [15.842755, 3.113043000000118], [15.844088, 3.11155], [15.84677900000014, 3.112092], [15.848831, 3.114361], [15.851324000000147, 3.11607], [15.85178000000019, 3.116026], [15.852140000000134, 3.115981], [15.855048, 3.115299], [15.857424, 3.11464500000011], [15.859733, 3.113878], [15.861756000000128, 3.111846000000185], [15.865719000000126, 3.104519], [15.866301000000135, 3.104093000000148], [15.866914, 3.103824], [15.867179000000135, 3.103726000000165], [15.867690000000152, 3.10354800000016], [15.867914, 3.103479000000107], [15.868422000000123, 3.10336], [15.868845000000135, 3.103286000000139], [15.870532, 3.10315], [15.871409, 3.103102], [15.87222400000013, 3.103183000000172], [15.87466, 3.103997], [15.878517000000159, 3.105012000000158], [15.879376, 3.105180000000189], [15.882394000000147, 3.104814], [15.88333200000011, 3.104455], [15.883858, 3.104248000000155], [15.88670900000011, 3.102888], [15.887363, 3.1025360000001], [15.89162800000014, 3.098467], [15.892247, 3.093284], [15.892843000000141, 3.091449], [15.896514, 3.09053], [15.898369000000116, 3.088554000000158], [15.900421, 3.085412], [15.901959000000147, 3.081986], [15.902259, 3.078145], [15.906624000000136, 3.073300000000131], [15.909195, 3.071013000000107], [15.91013700000019, 3.067767000000117], [15.912825, 3.062176], [15.916108, 3.05475], [15.920783000000142, 3.044958], [15.925731, 3.041975], [15.931353, 3.040439000000106], [15.931900000000155, 3.040228], [15.933277, 3.038544000000172], [15.934652000000142, 3.036597], [15.936369, 3.033271000000127], [15.94019800000018, 3.027563], [15.941569000000129, 3.024331000000132], [15.942169, 3.022396], [15.942341, 3.021692], [15.942327000000148, 3.021153], [15.9482, 3.018664000000172], [15.948566000000142, 3.018713000000162], [15.94897200000014, 3.018727], [15.949313000000132, 3.018481000000122], [15.950636, 3.017503], [15.951066, 3.017034000000137], [15.953877, 3.01351300000016], [15.954317, 3.012889], [15.954747000000111, 3.012168], [15.95493800000014, 3.011655], [15.954985000000136, 3.011077], [15.957953, 3.006104000000107], [15.964183000000162, 3.001594000000182], [15.967994, 2.995948], [15.96815700000019, 2.995678], [15.96854100000013, 2.995213000000149], [15.968785, 2.995051], [15.96901, 2.995003], [15.969242, 2.995086000000128], [15.970721, 2.996057000000178], [15.97161, 2.997104], [15.974840000000142, 3.0019], [15.974332, 3.003926], [15.974363, 3.004324000000111], [15.97446200000013, 3.004624], [15.974723, 3.004821], [15.976141000000155, 3.005700000000104], [15.977090000000146, 3.006183], [15.979674000000102, 3.006558], [15.981208, 3.006491], [15.98209700000018, 3.006215], [15.983366, 3.005879000000164], [15.985654000000125, 3.005538], [15.987022, 3.005349], [15.992005000000177, 3.006737000000101], [15.993778000000134, 3.007488], [15.994057000000169, 3.007650000000126], [15.996091, 3.008845], [15.997528000000102, 3.009914], [15.997766, 3.010279], [15.998011, 3.010574000000133], [15.99830100000014, 3.010834000000159], [15.998495, 3.010987], [15.998818, 3.010982000000126], [15.999293000000137, 3.01095], [16.000356000000124, 3.010631], [16.00163, 3.009443], [16.002021, 3.008908000000133], [16.002075000000104, 3.008692], [16.002411, 3.007270000000176], [16.002087000000188, 3.002207000000112], [16.005358000000115, 2.998318], [16.006271, 2.993917], [16.006403, 2.990002000000118], [16.007199, 2.989417], [16.007495, 2.989226], [16.00778800000012, 2.989083000000107], [16.00922300000019, 2.988945], [16.0098210000001, 2.988939], [16.010482, 2.988985000000184], [16.010618000000136, 2.989075000000128], [16.015198, 2.989325], [16.01906, 2.987704], [16.024431000000106, 2.985881], [16.029441, 2.983987000000184], [16.032045, 2.980812000000185], [16.032174, 2.980525], [16.031103, 2.972087], [16.03144, 2.968372000000102], [16.032635, 2.966174], [16.035135, 2.963872], [16.037861, 2.96203700000018], [16.038554, 2.960003], [16.039097, 2.957379], [16.041955, 2.9543], [16.04565600000018, 2.949256000000105], [16.04844400000013, 2.94364000000013], [16.049926, 2.94202700000011], [16.052237, 2.938006], [16.052622, 2.936951], [16.05254, 2.934253], [16.052363000000184, 2.93062], [16.053653000000168, 2.92641], [16.054044, 2.921258], [16.056679, 2.919434], [16.057074, 2.919193000000121], [16.057574, 2.919074], [16.058136, 2.91906200000011], [16.058426, 2.919252], [16.05877500000014, 2.919663000000128], [16.059051, 2.919724], [16.059447, 2.919552000000181], [16.06105700000012, 2.918631000000175], [16.061365, 2.918339000000174], [16.06149, 2.917922000000146], [16.062202000000184, 2.914526], [16.06409, 2.913750000000107], [16.065433000000155, 2.913616], [16.06728, 2.913017], [16.067714, 2.912849000000165], [16.068376000000114, 2.91257000000013], [16.068663, 2.912182], [16.070372, 2.906385000000171], [16.06962, 2.90375500000016], [16.071768000000134, 2.900503], [16.072019, 2.900475], [16.072626, 2.900057], [16.07431700000018, 2.898565], [16.074786, 2.897874000000115], [16.07509800000014, 2.897392], [16.074949, 2.895755000000122], [16.074816, 2.895273], [16.074540000000127, 2.895029], [16.074032, 2.894967000000122], [16.072785, 2.89248600000019], [16.073226000000147, 2.887896000000183], [16.07534900000013, 2.880796], [16.077699, 2.876219], [16.079488, 2.873327000000188], [16.082696000000112, 2.863590000000102], [16.08381, 2.858146000000147], [16.084008000000154, 2.853627000000188], [16.08464600000019, 2.846124], [16.086586000000125, 2.841078000000152], [16.087805, 2.838502000000176], [16.089256, 2.831444], [16.08646000000016, 2.824947], [16.083962, 2.823638], [16.08197900000016, 2.822541000000115], [16.080826000000116, 2.821249000000137], [16.07928900000013, 2.816103000000112], [16.07666300000011, 2.812088000000131], [16.073588, 2.808257], [16.072296000000108, 2.806784], [16.072066, 2.806579000000113], [16.071638000000178, 2.806453], [16.069123000000104, 2.806053000000134], [16.065489000000184, 2.804661], [16.06374, 2.803711000000135], [16.060504, 2.8016], [16.05840200000017, 2.800736], [16.054388, 2.799208], [16.05160300000017, 2.798283], [16.051153, 2.798168000000146], [16.0505, 2.797768], [16.048859000000164, 2.796341000000155], [16.047846, 2.794728], [16.04705300000012, 2.79254], [16.047434, 2.788430000000176], [16.048262000000136, 2.785795000000121], [16.050906, 2.7807], [16.051288, 2.780633], [16.05143, 2.78044], [16.051498, 2.778843000000109], [16.05157300000019, 2.776664], [16.051546, 2.77641], [16.051478000000145, 2.776078], [16.051326000000188, 2.775794], [16.049673, 2.773418000000106], [16.05047, 2.769471], [16.050966, 2.768617], [16.053457, 2.766477000000123], [16.055771, 2.764825], [16.055516000000125, 2.76224400000018], [16.055309, 2.759502000000111], [16.056158, 2.757570000000158], [16.057374, 2.756066], [16.060301, 2.755961], [16.06055300000014, 2.755921000000114], [16.060947, 2.75572], [16.061147, 2.755379], [16.06105, 2.75239], [16.061027, 2.751912], [16.060976000000153, 2.751557], [16.060829, 2.751083], [16.060249, 2.74926], [16.060934, 2.744690000000105], [16.063389000000143, 2.739189], [16.063584000000105, 2.738900000000115], [16.063675, 2.73867], [16.063744, 2.737523], [16.063382000000104, 2.7339300000001], [16.062171, 2.733165], [16.059869, 2.732948], [16.058325, 2.732145], [16.055614, 2.729565], [16.055262, 2.728642], [16.057475, 2.726760000000183], [16.05819600000018, 2.726367000000153], [16.05990000000014, 2.725974000000178], [16.059695, 2.723431], [16.057427000000132, 2.721053000000154], [16.05638800000014, 2.715547000000186], [16.058053, 2.712682], [16.05953, 2.710415000000125], [16.061581000000103, 2.70982], [16.06457200000017, 2.710216000000173], [16.068281, 2.707180000000164], [16.072706, 2.706796000000168], [16.07453, 2.707207], [16.076648, 2.707718], [16.076492, 2.707965000000115], [16.076489, 2.708277000000123], [16.07655100000011, 2.708473], [16.07683, 2.708652], [16.077129000000127, 2.70875], [16.077419000000134, 2.708757], [16.078833, 2.708527], [16.079489, 2.708271], [16.080853, 2.707471], [16.081595000000164, 2.706933000000163], [16.083528848000128, 2.704514568000036], [16.083750000000123, 2.704238], [16.081924, 2.702292], [16.081054847000132, 2.699236991000134], [16.080986, 2.698995], [16.080445, 2.695129000000122], [16.082678, 2.690782000000183], [16.082803000000126, 2.689673], [16.082599, 2.688470000000166], [16.082052000000147, 2.686751], [16.079193, 2.686001], [16.077304, 2.685397000000137], [16.07596800000016, 2.684164], [16.074632000000122, 2.682520000000125], [16.07319400000017, 2.679129], [16.072269000000176, 2.67614900000018], [16.071344, 2.67193600000013], [16.071036000000106, 2.669058], [16.07093300000014, 2.665873], [16.072461, 2.662407], [16.072200000000123, 2.658355000000142], [16.071353, 2.656303], [16.070193000000188, 2.655277], [16.068967000000157, 2.654786], [16.068744, 2.654452000000163], [16.067785, 2.651709], [16.066536, 2.644884], [16.06782900000013, 2.641138], [16.068543, 2.638439], [16.07026, 2.631258], [16.071108, 2.623698], [16.07175500000011, 2.621583000000157], [16.072885000000156, 2.618706000000145], [16.074015, 2.616034], [16.075041, 2.614418000000114], [16.077776, 2.610601], [16.0809, 2.602573], [16.081517, 2.600620000000106], [16.082339000000104, 2.597640000000126], [16.082956000000138, 2.594763000000114], [16.083058, 2.591783], [16.083161, 2.587878000000103], [16.083161, 2.584898], [16.082648, 2.581713], [16.08210600000018, 2.577292000000114], [16.08196400000014, 2.5726820000001], [16.08177300000017, 2.569973000000118], [16.08091800000011, 2.568071000000145], [16.078229, 2.561777000000177], [16.077407, 2.559003000000189], [16.07617400000015, 2.556331], [16.07494, 2.553967], [16.073502, 2.552015], [16.072063000000185, 2.549652], [16.070357, 2.546132000000171], [16.06912499499998, 2.540466501000083], [16.06789300000014, 2.534801000000186], [16.067177, 2.533323000000109], [16.06552, 2.53077], [16.0650720000001, 2.52862000000016], [16.065341, 2.526291], [16.065833, 2.52441], [16.066371000000117, 2.523201000000142], [16.070043, 2.515587], [16.073502, 2.509781], [16.075351, 2.508137], [16.077407, 2.506184], [16.081003, 2.501868], [16.084412, 2.497441], [16.084938, 2.4924180000001], [16.083647, 2.488496000000112], [16.083455, 2.483091], [16.08403, 2.479169], [16.081877, 2.474338], [16.08163800000017, 2.47405], [16.078002, 2.471181000000115], [16.076615, 2.470941000000153], [16.075249, 2.46991], [16.07381000000015, 2.468471], [16.07298800000018, 2.466622], [16.072371, 2.464978], [16.072474, 2.463333], [16.073296, 2.461689], [16.07453, 2.460353], [16.07596800000016, 2.458915], [16.077715000000126, 2.45757900000018], [16.080181, 2.456037000000151], [16.082236, 2.454188000000102], [16.083161, 2.452749], [16.083881000000133, 2.450488], [16.084394, 2.448330000000169], [16.084394, 2.446892], [16.083881000000133, 2.445145], [16.083264, 2.443192000000124], [16.083367, 2.441446], [16.085319, 2.438465000000178], [16.08645, 2.437335000000132], [16.088197, 2.436616000000129], [16.090149, 2.435794000000158], [16.092307, 2.434869000000162], [16.094156000000112, 2.433841], [16.095903, 2.432197], [16.097034, 2.430450000000121], [16.09816400000011, 2.428703000000155], [16.10176100000018, 2.422024], [16.104227, 2.416989000000115], [16.10556300000013, 2.413906000000111], [16.106796, 2.411029], [16.107926, 2.407740000000103], [16.108042000000125, 2.403353], [16.108281000000147, 2.402492], [16.108807000000184, 2.401392000000158], [16.111728, 2.398903], [16.115531000000146, 2.392429000000163], [16.117226, 2.38886], [16.117800000000102, 2.382434000000103], [16.119868000000167, 2.378704], [16.124267, 2.371568], [16.12866600000018, 2.36741300000017], [16.133714, 2.364311], [16.137951000000157, 2.362061], [16.139679000000115, 2.360265], [16.141426, 2.35821], [16.142454, 2.355847], [16.143266, 2.353794], [16.143495, 2.352424], [16.143495, 2.349226000000101], [16.142956, 2.343487], [16.143517, 2.336309], [16.144669, 2.330873000000167], [16.145083000000113, 2.32981000000018], [16.146975, 2.325738], [16.148516000000143, 2.322758], [16.150366, 2.319059], [16.154579000000183, 2.309502000000123], [16.155423, 2.307102000000157], [16.155584, 2.30598], [16.16034100000013, 2.294755000000123], [16.162697, 2.291211], [16.164029, 2.28780600000016], [16.163494, 2.283851000000141], [16.162663, 2.280505], [16.162506, 2.277263], [16.163107, 2.275982000000113], [16.164467000000116, 2.275172], [16.166924, 2.271355], [16.167682000000184, 2.26827], [16.167199, 2.26651900000013], [16.166435, 2.264673000000187], [16.165353, 2.262509], [16.16267900000014, 2.258116000000143], [16.16153300000019, 2.256461000000172], [16.160387, 2.255315], [16.160041, 2.250751], [16.160144000000173, 2.245298], [16.16059900000016, 2.243992000000162], [16.161405, 2.242772000000116], [16.164713, 2.240561000000127], [16.169281000000183, 2.240106], [16.1724430000001, 2.238969], [16.1735010000001, 2.237936], [16.175283, 2.236344], [16.176748, 2.235262], [16.180186, 2.233161], [16.18193100000019, 2.232171000000164], [16.18407900000011, 2.230667], [16.185476, 2.229521], [16.186837, 2.228376], [16.191145000000176, 2.223053000000164], [16.19179702800011, 2.220334896000168], [16.19199, 2.22051], [16.19523, 2.223450000000128], [16.20876, 2.24667], [16.21093999200002, 2.252185002000033], [16.213120000000117, 2.25770000000017], [16.217282432000047, 2.265592519000108], [16.22144491, 2.27348502600006], [16.225607432000174, 2.281377519000046], [16.229770000000144, 2.289270000000158], [16.233728722000137, 2.296771159000059], [16.23768748600014, 2.304272306000144], [16.241646291000052, 2.311773441000014], [16.245605138000144, 2.319274564000125], [16.24956402700002, 2.326775675000022], [16.25352295700003, 2.334276774000102], [16.25748192900005, 2.341777862000072], [16.261440943000025, 2.349278937000122], [16.26540000000017, 2.35678], [16.268154987000116, 2.363335003000145], [16.27091, 2.369890000000112], [16.27457, 2.37402], [16.277667458000167, 2.380285011000183], [16.28076494400011, 2.386550015000012], [16.2838624580001, 2.392815011000039], [16.28696, 2.39908], [16.288580000000138, 2.40071], [16.2904, 2.402530000000183], [16.29797, 2.417930000000183], [16.29912, 2.42299], [16.303221078999968, 2.431036298000151], [16.307322206000094, 2.439082582000083], [16.311423382000157, 2.447128852000105], [16.315524608000032, 2.455175109000152], [16.319625882000082, 2.463221352], [16.32372720500007, 2.471267582000166], [16.327828578000037, 2.479313798000135], [16.331930000000114, 2.48736], [16.335369971999967, 2.492800009000177], [16.338809972000035, 2.498240009000142], [16.34225, 2.50368], [16.344274993000056, 2.508170002000099], [16.3463, 2.51266], [16.34982, 2.52046], [16.353697566000108, 2.527927225000155], [16.357575176000125, 2.535394438000083], [16.36145283000019, 2.54286163800009], [16.36533052900012, 2.550328825], [16.36920827299997, 2.55779600000011], [16.373086061000038, 2.565263162000178], [16.376963895000074, 2.572730311999976], [16.3808417730001, 2.580197449000082], [16.38471969700015, 2.587664573000097], [16.388597667000056, 2.595131684000023], [16.39247568100012, 2.60259878200003], [16.396353742000088, 2.610065868000049], [16.400231848000146, 2.617532940000103], [16.40411, 2.625000000000114], [16.407462448000103, 2.631452515000092], [16.410814931000118, 2.637905020000062], [16.414167448000114, 2.644357515000081], [16.41752, 2.65081], [16.421189984000137, 2.656325006000031], [16.42486, 2.66184], [16.428533287000107, 2.66965667900007], [16.432206620000045, 2.677473345000067], [16.43588, 2.685290000000123], [16.440011540000114, 2.692800038000144], [16.444143129999986, 2.700310060000163], [16.44827477100017, 2.707820068], [16.448574372, 2.708364638000091], [16.452406463000102, 2.715330059999985], [16.45653820600012, 2.722840038000186], [16.46067, 2.73035], [16.463190000000168, 2.732640000000117], [16.4647, 2.735540000000128], [16.474440000000186, 2.75425], [16.475820000000112, 2.759770000000117], [16.479664935000017, 2.766437520000068], [16.48350991400008, 2.773105027000042], [16.487354934999985, 2.779772520000108], [16.491200000000106, 2.78644], [16.493839986000012, 2.792530003000024], [16.496480000000133, 2.79862], [16.50038, 2.80345], [16.52013000000011, 2.8423], [16.52477, 2.88049], [16.520890000000122, 2.88786], [16.5138, 2.893390000000181], [16.507740015000024, 2.896280016000048], [16.50168, 2.89917], [16.490250000000174, 2.90931], [16.489590000000135, 2.922890000000109], [16.491457987000047, 2.963034468999979], [16.493380000000172, 3.004340000000184], [16.49666996600007, 3.010006677000035], [16.49995996600012, 3.015673344], [16.50325, 3.02134], [16.508891883000103, 3.02699206], [16.51453382400001, 3.032644090000133], [16.520175824000034, 3.038296091000177], [16.525817883000116, 3.04394806], [16.53146, 3.049600000000112], [16.54454, 3.065690000000188], [16.54431000000011, 3.070290000000114], [16.541575012000123, 3.074895004000098], [16.538840000000107, 3.07950000000011], [16.533203404, 3.086183364000135], [16.52756673700003, 3.092866698000137], [16.52193, 3.099550000000136], [16.51234, 3.12051], [16.5116700050001, 3.128215001000171], [16.511, 3.13592], [16.509060010999974, 3.141795002000151], [16.507120000000157, 3.14767], [16.50577, 3.159870000000183], [16.507379991000107, 3.165505002000089], [16.508990000000153, 3.17114], [16.513700000000142, 3.178110000000174], [16.53241, 3.20584], [16.534556641000165, 3.212050005000037], [16.536703307000153, 3.218260005000104], [16.53885, 3.22447000000011], [16.542869976000134, 3.230680008000036], [16.54689, 3.23689000000013], [16.55055998600011, 3.240910007000139], [16.55423000000019, 3.244930000000124], [16.558360000000164, 3.25343], [16.557455006000055, 3.259880001000113], [16.55655000000013, 3.26633], [16.553360026000178, 3.274500006000039], [16.55017, 3.28267000000011], [16.55456000000015, 3.30568], [16.556969990000084, 3.309815003000153], [16.559380000000147, 3.31395], [16.563893286, 3.31916002100013], [16.568406619000143, 3.32437002100005], [16.572920000000124, 3.329580000000135], [16.577070000000106, 3.34269], [16.58009, 3.368920000000116], [16.580272496000077, 3.375937502000056], [16.58045499500014, 3.382955002000188], [16.580637496000065, 3.389972502000091], [16.58082, 3.39699], [16.582920000000115, 3.416090000000167], [16.58465325700007, 3.424525012000117], [16.586386545000096, 3.432960019], [16.58811986300003, 3.441395021]]]}}]}