{"type": "FeatureCollection", "features": [{"type": "Feature", "properties": {"entity_id": "cf-p-haut-mbomou-v1", "name_fr": "Haut-Mbomou"}, "geometry": {"type": "Polygon", "coordinates": [[[26.15687643700005, 5.254416989000163], [26.1562256200001, 5.252464538000027], [26.155985798000188, 5.251745071000073], [26.155763138000054, 5.24885049300002], [26.15554047800009, 5.241948038000089], [26.156208458000094, 5.239498780000133], [26.158462962000158, 5.237198615000125], [26.165114851000112, 5.236158881999984], [26.174911884000096, 5.241948038000089], [26.177361142000052, 5.243506657000182], [26.17855757400008, 5.246261996000158], [26.180701039999974, 5.247959854000158], [26.182927638000024, 5.24885049300002], [26.18537689599998, 5.247959854000158], [26.18524684300013, 5.245061121], [26.18493157600011, 5.241280059000189], [26.18493157600011, 5.235490903000084], [26.186935515000073, 5.233709624000028], [26.18626753500007, 5.231037706000109], [26.182482318000098, 5.22836578800019], [26.183150298000157, 5.224803231000067], [26.18604487600004, 5.223689932000013], [26.191388712000048, 5.22702982900006], [26.193837970000175, 5.228811108000116], [26.19584190800009, 5.233041645000128], [26.196732548000057, 5.236826862000044], [26.19561924900006, 5.2399441], [26.19762318700009, 5.243283997000049], [26.19984978500014, 5.244397296000045], [26.204080322000152, 5.245065276000105], [26.207642880000037, 5.24061207900013], [26.20853351900007, 5.237494841000171], [26.208915755000078, 5.229630696000072], [26.208310859000164, 5.2256938700001], [26.208310859000164, 5.223689932000013], [26.21343203500004, 5.221463333000088], [26.216326613000092, 5.221463333000088], [26.216771933000132, 5.218791415000169], [26.21343203500004, 5.218123436000042], [26.20942415800016, 5.217678116000172], [26.206306921000078, 5.216342157000042], [26.20675224000007, 5.214115559], [26.210092138000164, 5.213224919000027], [26.212764056000083, 5.210775661000071], [26.21343203500004, 5.207213104000061], [26.21454533500014, 5.203650546], [26.218330552000054, 5.203427887000146], [26.222338429000104, 5.211220981000167], [26.225010347000023, 5.210998321000034], [26.227236945000072, 5.209439702000111], [26.230131523000125, 5.210775661000071], [26.231912802000124, 5.213670239000123], [26.23436206000008, 5.213892899000086], [26.23525269900017, 5.210775661000071], [26.233471420000114, 5.207881083000188], [26.230131523000125, 5.206545124000058], [26.229240884000035, 5.203650546], [26.229810444000066, 5.201005380000026], [26.23102216200016, 5.198306710000168], [26.233248761000084, 5.195857452000041], [26.233694080000078, 5.191626915000029], [26.234807380000177, 5.188509678000116], [26.236365998000167, 5.187841698000113], [26.240060038000138, 5.192693224000038], [26.240373875000046, 5.196080112000175], [26.242155154000102, 5.199197349999963], [26.244381752000095, 5.202091928000186], [26.248016671000016, 5.203142980000109], [26.250616228000126, 5.200533309000093], [26.250586879000082, 5.197197588000051], [26.250616228000126, 5.194521493000082], [26.251061547000063, 5.192294895000032], [26.253288146000045, 5.192294895000032], [26.255960064000135, 5.192740215000129], [26.258186662000128, 5.190290956000069], [26.25640538300013, 5.187841698000113], [26.252210990000094, 5.182248495000124], [26.248016671000016, 5.1766552630001], [26.253288146000045, 5.17515008800018], [26.257296023000094, 5.17581806700008], [26.261971879000043, 5.176486047000139], [26.265534437000156, 5.176486047000139], [26.26931965400007, 5.17581806700008], [26.273995510000077, 5.17581806700008], [26.277112748000036, 5.176263387000176], [26.284683183000027, 5.171810190000031], [26.283347224000067, 5.169360932000075], [26.277027027000145, 5.166564704000166], [26.27822604700009, 5.163794436000103], [26.281788605000145, 5.16290379700007], [26.286687121000057, 5.164017096000066], [26.291362978000166, 5.164017096000066], [26.29381223600012, 5.163349116000063], [26.29314425600012, 5.159563899000091], [26.29514819500008, 5.156001342000138], [26.297597453000037, 5.152661443999989], [26.297459818000107, 5.148658298999976], [26.29603883400017, 5.141973772000142], [26.298933412, 5.143309731000102], [26.300937350000083, 5.14664962900008], [26.304722568000102, 5.14798558800004], [26.30828512500011, 5.15065750600013], [26.308953105000114, 5.153997403000119], [26.307839805000185, 5.15889592000002], [26.310289064000074, 5.159118579000051], [26.315632900000082, 5.153106764000086], [26.31763683800017, 5.150434846000167], [26.318304818000172, 5.147094948000017], [26.320086096000125, 5.141751112], [26.32186737500018, 5.140415153000049], [26.324316633000137, 5.142641751999975], [26.324316633000137, 5.146204309000154], [26.324761953, 5.15065750600013], [26.325652592000097, 5.153997403000119], [26.328101850000053, 5.153329424000049], [26.335672284999987, 5.151102825000123], [26.339234842000167, 5.148876227000073], [26.34212942000005, 5.150880166000036], [26.346025941000107, 5.155110715000092], [26.349922514000014, 5.159341239000184], [26.352258948999975, 5.156574060000082], [26.353707731000156, 5.152438784000083], [26.364058096000065, 5.142599627000152], [26.37248155900005, 5.146530576999965], [26.380426912000132, 5.15065750600013], [26.38443478900018, 5.151993465000089], [26.387997346000134, 5.148876227000073], [26.390223944000184, 5.14664962900008], [26.389333305000093, 5.144200371000068], [26.39111458400015, 5.142419092000068], [26.39267320200014, 5.140415153000049], [26.39245054300011, 5.137965895000093], [26.390891924000016, 5.135293977000174], [26.39000128400005, 5.132399399000121], [26.391401200000075, 5.129987259000018], [26.394454481000025, 5.129504821000069], [26.394329772000106, 5.124941149000165], [26.396458420000158, 5.12482896500012], [26.399130338000077, 5.127278223000076], [26.40146779600002, 5.130044607000173], [26.401579596000033, 5.134180678000178], [26.40491949300008, 5.136629936000134], [26.408704711000098, 5.136407276], [26.413249570000175, 5.135031708000042], [26.412044608000144, 5.130840780000028], [26.410708649000185, 5.125719604000153], [26.414048547000107, 5.12527428500016], [26.418056423999985, 5.126832902999979], [26.420728342000075, 5.12549694400002], [26.41850174299998, 5.1228250260001], [26.41783376400008, 5.119485129000054], [26.417388444000153, 5.116367891000095], [26.42117366100007, 5.116367891000095], [26.42540419800008, 5.115477252], [26.428966755999966, 5.114363953000179], [26.432306653000182, 5.117258530000129], [26.434755910999968, 5.116813210999965], [26.440099746999977, 5.107461498000077], [26.439209108000114, 5.105012240000121], [26.43698251000012, 5.103008301000159], [26.434692007000024, 5.099714753000114], [26.43564655100016, 5.096328505999963], [26.438095809000117, 5.094324567000172], [26.44099038700017, 5.094769887000098], [26.444107624000083, 5.097887125000057], [26.44700220200008, 5.100336383000013], [26.449827845000016, 5.099714753000114], [26.45190071900015, 5.09677382600006], [26.453014018000147, 5.092988608000041], [26.45190071900015, 5.089203391000126], [26.452303366000137, 5.085147074000133], [26.455463276000103, 5.083414236000124], [26.455685936000066, 5.076511781000022], [26.451455399000054, 5.071835924000084], [26.455685936000066, 5.066269428000112], [26.46029097700017, 5.061109021000107], [26.463924350000127, 5.062484211000026], [26.46615094800012, 5.064710809000076], [26.464814989, 5.069386666000128], [26.46704158700004, 5.069831986000054], [26.467264247000173, 5.066269428000112], [26.469045526, 5.062929531000123], [26.47238542300005, 5.061816232000069], [26.476170641000067, 5.063374850000116], [26.479065218000187, 5.065156129000115], [26.482182456000032, 5.062261551000063], [26.48106915699998, 5.059589632999973], [26.478619899000023, 5.058476334000147], [26.48062383700011, 5.049569941000129], [26.486406121000186, 5.049261959000091], [26.488416931000074, 5.054468457000098], [26.48886225100017, 5.05936697300001], [26.492647468000087, 5.059812293000107], [26.496655345000136, 5.058031014000051], [26.500280639000096, 5.055568558000061], [26.500440562999984, 5.048011322000093], [26.50378046000003, 5.048901961000126], [26.509346956000172, 5.050683240000183], [26.51046025500017, 5.055359096000132], [26.513078923000137, 5.056194079000079], [26.515136112000107, 5.049347281000053], [26.518921329000023, 5.047566002000167], [26.523321977000137, 5.048485479000135], [26.523819845000105, 5.050460580000049], [26.52092526700011, 5.053577818], [26.524710485000128, 5.055581756000095], [26.526957585000048, 5.057336785000075], [26.530325645000175, 5.063235717000055], [26.52916368100017, 5.067605387000071], [26.529831661000173, 5.071390604000044], [26.535398157000145, 5.073839863000103], [26.538070075000064, 5.074062523], [26.542077952000113, 5.071835924000084], [26.545195189000026, 5.071167945000184], [26.54875774700008, 5.072058584000047], [26.55232030400009, 5.07361720300014], [26.55291246400003, 5.076571606000073], [26.553487424000025, 5.079440199000032], [26.555660202000183, 5.080074337999974], [26.55810945999997, 5.073394543000177], [26.56033605800019, 5.070277305], [26.563346631000115, 5.068181757], [26.566793193000024, 5.071390604000044], [26.569576413999982, 5.077625086000182], [26.572359689000166, 5.083859555000117], [26.57614490600008, 5.082968916000027], [26.580230738000125, 5.081943602000081], [26.58260204200002, 5.083859555000117], [26.58148874200009, 5.087867432000166], [26.58527396000011, 5.088312752000036], [26.58905917700008, 5.086531473000036], [26.58972715599998, 5.082968916000027], [26.58950449700012, 5.079851678000011], [26.592844394000167, 5.079183699000112], [26.596967918000132, 5.081801521000159], [26.59885621, 5.08586349400008], [26.601528128000155, 5.087422113000173], [26.604576968000174, 5.088505273000067], [26.608207923000123, 5.089426051000032], [26.611547820000112, 5.091652649000082], [26.614442398, 5.093656588000044], [26.61755963600018, 5.09076201], [26.61735635700012, 5.087881778999986], [26.61488771800009, 5.085195514000077], [26.612438460000135, 5.081632957000068], [26.615333037000084, 5.080519658000071], [26.618450275000043, 5.080742318000034], [26.621122193000133, 5.080296998000108], [26.620008894000136, 5.074285182000096], [26.620676873000093, 5.069164006], [26.622680812000056, 5.072726563000174], [26.62513007000001, 5.074507842], [26.627579328000024, 5.07094528500005], [26.630251246000114, 5.07228124400018], [26.63082900500001, 5.075455431000023], [26.628247308000027, 5.079183699000112], [26.627579328000024, 5.084304875000157], [26.62980592700012, 5.086308813000073], [26.63271922200005, 5.085840234000102], [26.63714886000008, 5.085563382000089], [26.638934980000045, 5.089426051000032], [26.63938030000014, 5.092765949000182], [26.642810642000086, 5.090688711000098], [26.64606009500011, 5.086754133000113], [26.652294570000038, 5.083414236000124], [26.65697042700009, 5.081855617000031], [26.662304512000105, 5.08165805800013], [26.662304513000038, 5.08165805800013], [26.662982242000055, 5.081632957000068], [26.67010735700012, 5.081855617000031], [26.673892574000035, 5.088535412000169], [26.677900451000085, 5.088980731000163], [26.678345766000064, 5.095549197000082], [26.678791090000118, 5.102117662000069], [26.686584185000015, 5.099000424000053], [26.685248226000056, 5.093211268000175], [26.688810783000065, 5.092988608000041], [26.697049197000126, 5.094992547], [26.70461445300009, 5.098453433000032], [26.705955590000144, 5.102340322000032], [26.706623570000147, 5.106793518000075], [26.71047481100004, 5.106891741000084], [26.714194003999978, 5.104121600000155], [26.715975283000034, 5.101004363000072], [26.717311242000164, 5.096996486000023], [26.719537840000044, 5.09677382600006], [26.71931518000008, 5.100781703000109], [26.719092520000117, 5.104566920000025], [26.721541779000177, 5.107238838000114], [26.723991037000133, 5.105680219000078], [26.726217635000182, 5.102562981000062], [26.7288895530001, 5.100781703000109], [26.732452111000157, 5.101672341999972], [26.735346688000106, 5.103898940000022], [26.739914604000035, 5.10531343100007], [26.74448253999998, 5.106727889000069], [26.74904158600009, 5.104241136000098], [26.753600633000133, 5.105070054000123], [26.754844009000124, 5.107971266000163], [26.760646432000158, 5.103412219000177], [26.767277773000046, 5.107556807000094], [26.770178985000086, 5.104655595], [26.766863314000148, 5.10051100700008], [26.766863314000148, 5.094294125000147], [26.766863314000148, 5.08766278500002], [26.770231554000077, 5.087502199000028], [26.77189920900014, 5.090281624000056], [26.775512461000176, 5.086668372000076], [26.77801394300019, 5.085834543999965], [26.780793368000047, 5.088891911000076], [26.782738965000135, 5.083888947000048], [26.785518390000163, 5.08416688900013], [26.785796333000178, 5.08110952200019], [26.782461023000053, 5.078608040000177], [26.77940365600017, 5.07610655700006], [26.78329485000006, 5.074160960000086], [26.78690810200004, 5.072771248000038], [26.787741930000095, 5.069713880000052], [26.786600243000066, 5.066920437000078], [26.78968752700007, 5.06137560600007], [26.793447454000045, 5.059774436000112], [26.79691403200019, 5.060263836000104], [26.802084432000015, 5.056467619000102], [26.80136111100012, 5.052203504000033], [26.801916996000045, 5.049979965000148], [26.806642018, 5.048868195000182], [26.81813323900019, 5.049261959000091], [26.820961321000084, 5.050278062000018], [26.82222141000011, 5.051818171000036], [26.822781450000093, 5.05475838000018], [26.821521361, 5.057558579000158], [26.82180138000018, 5.059658728000102], [26.824461569000107, 5.060918817000186], [26.828530746000126, 5.059864287000153], [26.83230212600006, 5.057558579000158], [26.835802375000185, 5.056018470000026], [26.84249659800014, 5.05331527400017], [26.845831908000036, 5.052759389000073], [26.846665735000045, 5.048868195000182], [26.846387793000133, 5.045254942000099], [26.848611332000132, 5.042753460000085], [26.852502527000127, 5.038862265000091], [26.861952571000074, 5.040529920000097], [26.865204462000122, 5.041177416000039], [26.8680046610001, 5.042857535000053], [26.869824790000166, 5.045937754000079], [26.870804860000078, 5.049858032000088], [26.870804860000078, 5.054618370000128], [26.87030784500007, 5.058787646000155], [26.86940476, 5.061898887000098], [26.87325500200012, 5.067219277000106], [26.87710530700008, 5.072539643000141], [26.88004551600011, 5.075199830999964], [26.885085874000026, 5.081360269000072], [26.88634596300011, 5.085280547000082], [26.889006152000036, 5.088220756000055], [26.893486470000028, 5.092001024000012], [26.896846709000158, 5.094521203000113], [26.89992692700008, 5.095641283000077], [26.901327027000093, 5.101381690000096], [26.90398721600002, 5.10684207800017], [26.906227375000185, 5.109502267000096], [26.90872576600009, 5.110314440000082], [26.91126773300016, 5.113982585000088], [26.90993909000008, 5.115699410000104], [26.912527822000072, 5.119582982999987], [26.915468031000046, 5.121543122000105], [26.917428170000164, 5.120283032000088], [26.9219084880001, 5.122943221000014], [26.924288657000147, 5.12714352], [26.925548747000164, 5.130223738000154], [26.927368876000173, 5.135824136000053], [26.927508886000055, 5.140024434000168], [26.92786806500004, 5.142599627000152], [26.93109855300014, 5.14367645599998], [26.93408935300016, 5.142124583000111], [26.936609532000034, 5.142124583000111], [26.94754588700016, 5.148244645000034], [26.952150635000123, 5.151925279000125], [26.958171063000123, 5.154025428000068], [26.961111272000153, 5.153045359000089], [26.962651381000114, 5.153045359000089], [26.963793576000057, 5.154385021000053], [26.964611520000062, 5.156965637000042], [26.96561802399998, 5.15827076100004], [26.966066075000015, 5.158851745000163], [26.968391789000066, 5.159065786000042], [26.97301211700011, 5.160465885000121], [26.976652375000015, 5.16228601500012], [26.97791246500003, 5.164106144000129], [26.97926913200007, 5.165178320000052], [26.982712898000102, 5.167038623000053], [26.999593128000015, 5.174822920000111], [27.006572821000134, 5.178119091000042], [27.01355258600006, 5.181415186000038], [27.02053242300019, 5.184711202000074], [27.027512333000175, 5.188007142000117], [27.034827872, 5.190529952000134], [27.04214346800012, 5.19305267600015], [27.049459123000133, 5.195575316000145], [27.056774837000034, 5.19809787000014], [27.064090608000072, 5.200620340000114], [27.071159085000033, 5.203448937000132], [27.075639403000025, 5.205269067000074], [27.08347996000009, 5.207649236000123], [27.08586012900014, 5.20806926500012], [27.092440596000074, 5.208909325000036], [27.094117447000144, 5.208941213000173], [27.095660825000152, 5.207929255000124], [27.097620964000043, 5.206809176000036], [27.10084119300012, 5.207929255000124], [27.10854173900009, 5.208209275000172], [27.113722107000058, 5.20708919600014], [27.115822256000058, 5.206389146000106], [27.11764238600017, 5.204849037000145], [27.118902475000084, 5.204429007000044], [27.12268274300004, 5.20414898700011], [27.123942833, 5.204569017000097], [27.125762962000067, 5.205549086000076], [27.12786311100001, 5.206109126000058], [27.13220341900012, 5.205689096000128], [27.138365053000143, 5.204505373000131], [27.144384284000182, 5.20330892700008], [27.14693858100003, 5.202590102000045], [27.151283884000122, 5.200663126000109], [27.152504861000182, 5.19938864900007], [27.153764950000095, 5.196868470000027], [27.15814424700011, 5.196373060000042], [27.161325487000113, 5.195608381000113], [27.168746014000078, 5.192528162000087], [27.171266193000122, 5.190288003000092], [27.174382741000045, 5.18882529900003], [27.17994680900017, 5.186787754000136], [27.184427127000163, 5.186087705000034], [27.197028022000154, 5.175446949000104], [27.20101832800009, 5.17187670800007], [27.2050085890001, 5.168306442000073], [27.211449046000155, 5.165226223], [27.21606937399997, 5.160325875000069], [27.222940463000157, 5.159275122000111], [27.226290100000142, 5.157525677000024], [27.22853025900008, 5.153885418000016], [27.23287056700002, 5.151365239000143], [27.23798282900009, 5.152976165000041], [27.240291094000042, 5.151505249000024], [27.247011570999973, 5.150805200000093], [27.25723733899997, 5.15018880700012], [27.260172505000185, 5.150945209000042], [27.263112714000044, 5.149265090000029], [27.26619293300007, 5.144784772000037], [27.269553171000098, 5.144924782000089], [27.272353370000076, 5.143384673000071], [27.275573599000154, 5.141424533000077], [27.280473947000075, 5.138764345000084], [27.29265481200008, 5.13288392700008], [27.295875040000055, 5.133863997000162], [27.298815249000086, 5.132183877000045], [27.30105540800008, 5.130363748000036], [27.303575587000125, 5.129663698000172], [27.31253622300011, 5.129243669000175], [27.320138536000172, 5.129986429000155], [27.32737727700004, 5.124763351000183], [27.333677724000097, 5.119302963000109], [27.33941813200005, 5.116782784000065], [27.343198400000176, 5.114262604999965], [27.346966310000028, 5.112966586000141], [27.350338907000094, 5.112722496000174], [27.355239255000185, 5.109642277000148], [27.35859949400009, 5.1072621080001], [27.362379762000103, 5.104461909000122], [27.367700140000125, 5.104741929000056], [27.372600488000046, 5.102921800000161], [27.377360826000086, 5.09956156100003], [27.381141094000043, 5.100121601000012], [27.38478135300005, 5.100261611000064], [27.38848383300018, 5.098578343000042], [27.392201880000016, 5.094521203000113], [27.40312265500006, 5.089900875000069], [27.407742983000105, 5.08808074600006], [27.41068319200008, 5.087380696000025], [27.422023997000053, 5.0847205070001], [27.425804265000068, 5.082900378000033], [27.42832444400011, 5.07996016900006], [27.43308478200015, 5.077860020000116], [27.438965200000155, 5.073379702000125], [27.44138460100004, 5.07016472600003], [27.447883151000042, 5.059629198000152], [27.447981614000128, 5.058152255000095], [27.4462705200001, 5.051784599000086], [27.44167999000007, 5.043875138000146], [27.442015475000062, 5.040278651], [27.442566156000055, 5.033536537000145], [27.442664618000038, 5.02743183900003], [27.443611000000146, 5.019444], [27.45069044900015, 5.024691644000086], [27.454418119000024, 5.039110299000185], [27.45557683300018, 5.052145833000111], [27.455383718000064, 5.059194678999972], [27.45519059900016, 5.066243523000026], [27.454997476000074, 5.073292365999976], [27.452100710000025, 5.077492711000161], [27.44920390599998, 5.081693043000087], [27.442499394000038, 5.084840829000086], [27.435794816000055, 5.087988544000041], [27.40604180500003, 5.120220288000041], [27.404593458000193, 5.126955320999969], [27.40314508000006, 5.133690349000176], [27.401696672000128, 5.140425372000095], [27.400248234000173, 5.147160391000057], [27.395903056, 5.154112676000182], [27.38846808599999, 5.158940739000059], [27.38103300400013, 5.163768714000128], [27.373597809000046, 5.168596602000093], [27.359982918000185, 5.179025029000059], [27.357955168000103, 5.187425707000045], [27.353320312000108, 5.193508956000073], [27.348106098000187, 5.194957349000049], [27.340381377000085, 5.196598955000184], [27.332656617000055, 5.198240467000119], [27.324931816000117, 5.199881884000149], [27.30088849800012, 5.22913941500002], [27.300116042000127, 5.23715385700018], [27.299343566000175, 5.245168297000021], [27.298571070000037, 5.253182733000187], [27.295819150000057, 5.259121150000112], [27.293067178000115, 5.265059553000185], [27.288866856000027, 5.267521835000025], [27.284666500000128, 5.269984088000058], [27.27981825200004, 5.275320727000121], [27.274238073000106, 5.282440265000162], [27.272210339000026, 5.287219964000087], [27.270182574000046, 5.291999655999973], [27.267092736000166, 5.298662279000155], [27.26400283200013, 5.305324886000108], [27.26091286100018, 5.31198747500008], [27.257050547000176, 5.317298273000063], [27.253188166000086, 5.322609046000082], [27.249325719000126, 5.327919794000024], [27.24786412100019, 5.33858945500009], [27.246428934, 5.34906632700006], [27.250918925000178, 5.352687324999977], [27.255408969000086, 5.356308290000186], [27.256857361000186, 5.363550253000142], [27.252415694000092, 5.368378262000022], [27.247973956000124, 5.37320623700009], [27.243532149000032, 5.3780341800001], [27.23947664900004, 5.38643485700004], [27.234262436, 5.408450426000059], [27.232524365000188, 5.424382745000116], [27.233538232000114, 5.428872763000015], [27.235421141000074, 5.439301190000037], [27.236290186000076, 5.445239599000104], [27.23846275500017, 5.450888335000116], [27.24063536400007, 5.456537062000052], [27.24454098900003, 5.463772441000174], [27.248446707000085, 5.47100779200008], [27.251465243000098, 5.476398092000068], [27.25448383300005, 5.481788375000122], [27.255380909000053, 5.488136663000091], [27.256278004000137, 5.494484949000082], [27.25796824100007, 5.500642142000174], [27.259658513000147, 5.506799329000046], [27.264461942000082, 5.514076802000091], [27.269265487000098, 5.52135423500016], [27.274069150000116, 5.528631627000095], [27.27755170300003, 5.533907423000187], [27.278872930000034, 5.535908979000055], [27.278293580000025, 5.543585461000134], [27.277714215000174, 5.551261941000064], [27.275976180000157, 5.55744175600006], [27.274238109000123, 5.563621565000062], [27.27250000200013, 5.569801367000139], [27.278148671000054, 5.576319162000061], [27.283797465000077, 5.582836901000121], [27.28205939300011, 5.590078864000077], [27.274527813000134, 5.594858609000028], [27.26699610999998, 5.599638256000162], [27.258595432, 5.601086649000024], [27.25367089700012, 5.597320828000079], [27.24961539800006, 5.596162113000048], [27.24584955000006, 5.591961787000173], [27.242083756, 5.587761436000164], [27.23860761400016, 5.589499506999971], [27.237883427000043, 5.597465667999984], [27.237159221000127, 5.605431826000085], [27.231365651000033, 5.610066683000184], [27.232234686000083, 5.614701539000123], [27.234407259000193, 5.618901882000102], [27.236579864000078, 5.62310221700011], [27.23831793500011, 5.633530644000132], [27.23788342100005, 5.638744858000052], [27.23744890000006, 5.643959071000097], [27.23353827600016, 5.649462977000042], [27.229627579000123, 5.654966855000168], [27.225572102000058, 5.65815333300003], [27.221516581000117, 5.661339783000017], [27.214274617000115, 5.672347567000088], [27.215867837000133, 5.676837586999966], [27.217461081000124, 5.681327602000124], [27.218909474000156, 5.686252137], [27.216447223999978, 5.690452481000079], [27.213984939000113, 5.694652814000108], [27.209253623000166, 5.700736103000111], [27.204522206999968, 5.706819352000082], [27.199790691000032, 5.712902561000078], [27.195155834000104, 5.717827096000121], [27.190810656000167, 5.725358738000182], [27.18678177000004, 5.72887934400012], [27.179513194000094, 5.732600701000138], [27.171547185000122, 5.736221850000163], [27.163581076000128, 5.739842887000179], [27.155614866000178, 5.743463813000119], [27.14764855500016, 5.747084628000096], [27.144953107000106, 5.751734181000131], [27.14504144800003, 5.756354341000133], [27.150110820000066, 5.756644042000062], [27.155180197, 5.756933698000012], [27.160104732000093, 5.758961448000093], [27.16387055300015, 5.76301694700004], [27.15894601800011, 5.769389875000115], [27.154745695000145, 5.771562480000171], [27.150545341000054, 5.773735053000109], [27.1435930560001, 5.771127946000092], [27.13490270000011, 5.771127946000092], [27.13026784300007, 5.778369909000048], [27.12577781700014, 5.777211213000101], [27.12128780900008, 5.776052480999965], [27.11926005900017, 5.777500874], [27.11897038400008, 5.785322195000106], [27.11868070200012, 5.793143514], [27.113321619000146, 5.789957076000178], [27.107962597000153, 5.786770587000035], [27.107436678000056, 5.795287737000081], [27.105355490000136, 5.801254513000117], [27.09898256000008, 5.801109710000105], [27.092609633999984, 5.800964835000116], [27.087395409000123, 5.799661306000189], [27.08218120700019, 5.798357728000155], [27.079574101000162, 5.793143514], [27.07262181599998, 5.787349944000084], [27.067552479000028, 5.791550305000101], [27.062483067000187, 5.795750621000025], [27.058137889000193, 5.795171264000146], [27.05524110400006, 5.793722871000114], [27.0526339970001, 5.790246729000046], [27.049447533000034, 5.793433193000112], [27.047419784000056, 5.796619657000122], [27.047419784000056, 5.803282264000131], [27.047419784000056, 5.809944869000105], [27.04206073900008, 5.810813930000165], [27.036701678000156, 5.811682940000082], [27.031197786000064, 5.812841654000067], [27.026562929000136, 5.816607475000183], [27.023376466, 5.822111367000105], [27.02627325100019, 5.830222365999987], [27.025404215000037, 5.838333365000096], [27.021348752000108, 5.843402755000113], [27.0172932160001, 5.848472114000117], [27.008995024000058, 5.849127828000178], [27.004463406000127, 5.851393664000057], [26.999931751000076, 5.853659464000145], [26.99557696500017, 5.855555823000088], [26.991222149000123, 5.85745214800005], [26.98827897000001, 5.861427985000148], [26.98180520300008, 5.865959622000162], [26.974036683000122, 5.866606998000066], [26.969181352000135, 5.86595964300011], [26.964326033000134, 5.865312245000155], [26.955910136000057, 5.864664868000148], [26.948141615000054, 5.868549128000041], [26.943933681000033, 5.87049127400013], [26.939725718000147, 5.87243338900015], [26.93325195100016, 5.878907155000036], [26.92691351500008, 5.885261287000162], [26.921666855000126, 5.887263260000168], [26.91642015700012, 5.889265182999964], [26.911564846000147, 5.89088364600002], [26.90670950700013, 5.89250206600002], [26.901168875000167, 5.892937204000134], [26.895628234000128, 5.893372286000101], [26.88923033600014, 5.895091573000116], [26.882756581000137, 5.896062676000099], [26.876282803000038, 5.897033703000091], [26.86463002200003, 5.903507470000022], [26.855566748000115, 5.916455004], [26.85232986500006, 5.926813031000052], [26.85232986500006, 5.933934175000047], [26.85232986500006, 5.94105531800011], [26.852006179000114, 5.945910644000037], [26.85168248800005, 5.950765968000098], [26.847798228000045, 5.957239735000087], [26.84844560500005, 5.963713502000076], [26.848121921000086, 5.971158335000098], [26.847798228000045, 5.978603166000141], [26.84391396800015, 5.985724310000137], [26.835498071000075, 5.987666440000055], [26.827082174000168, 5.98960857000003], [26.81931365400004, 5.991550700000118], [26.813487264000116, 5.996729713000093], [26.810250380000127, 6.001908727000114], [26.80542285500013, 6.004925930000127], [26.805071366999982, 6.00514561000017], [26.7985976, 6.005792987000177], [26.79678015700017, 6.006398801000046], [26.792771209000136, 6.007735117000095], [26.78435531200006, 6.00967724700007], [26.77658679200016, 6.009029870000063], [26.771084080000094, 6.008058833000064], [26.7655813880001, 6.007087740000088], [26.759754984000153, 6.005793018000077], [26.753928608000138, 6.004498234000096], [26.745832778000192, 6.007222500000069], [26.74069403700014, 6.008194608000053], [26.735555278000163, 6.009166667000102], [26.72784696300016, 6.008443771000145], [26.720921903000033, 6.007577333000029], [26.71611111100009, 6.006944444000169], [26.70925961600011, 6.005792987000177], [26.7037569040001, 6.004821950000064], [26.69825421200011, 6.003850857000089], [26.69436992200002, 5.999642923000067], [26.69048569199998, 5.995434960000182], [26.67948028800015, 5.991550700000118], [26.670417015000112, 5.992198076000022], [26.661353741000028, 5.996082337000189], [26.65487997400004, 6.001908727000114], [26.651329178000083, 6.005676736000055], [26.64777833300019, 6.009444722000069], [26.642913269000132, 6.01085576000014], [26.638048180000055, 6.012266754000166], [26.62963228300015, 6.014856261000091], [26.62121638600007, 6.018093144000147], [26.61636108700003, 6.021006361000047], [26.611505736000026, 6.023919534000129], [26.603737216000127, 6.025214288000143], [26.595968695000124, 6.026509041000054], [26.590142298000046, 6.02586169600005], [26.584315915, 6.025214288000143], [26.574722969000106, 6.026970460000143], [26.561195529000145, 6.034352532000014], [26.55996520500014, 6.035023933000048], [26.554796008000096, 6.037844820000146], [26.554399861000093, 6.045239772000059], [26.554003702999978, 6.052634721000061], [26.55360753399998, 6.060029668000027], [26.549051713999972, 6.059633529000052], [26.54449590000013, 6.059237352000025], [26.536968897000065, 6.066764354000043], [26.540930478, 6.072310566000112], [26.539940091000062, 6.077064463000056], [26.538949687000184, 6.081818358000021], [26.531422685, 6.086176095999974], [26.531422685, 6.094099258000085], [26.531422685, 6.102022417000057], [26.52627271200015, 6.106248152000035], [26.521122657999967, 6.110473838000075], [26.515972523000073, 6.11469947300003], [26.50785113200004, 6.111332315000141], [26.49972984200008, 6.107965033000085], [26.491608654000117, 6.104597628000079], [26.48348756700011, 6.101230101000056], [26.477941230000113, 6.095155736000095], [26.472395018000043, 6.089081313000122], [26.46684892999997, 6.083006832000137], [26.455756506000057, 6.072706724], [26.451398768000104, 6.070725934000052], [26.44822950400004, 6.077460620000068], [26.44347560799997, 6.084195306000026], [26.446880136000118, 6.091009075000102], [26.450284750000094, 6.097822821000079], [26.453689448999967, 6.104636544000073], [26.45709423500017, 6.111450243000149], [26.46058500100014, 6.115847976000111], [26.46407582400002, 6.1202456850001], [26.469938738, 6.125395869000101], [26.475801763999982, 6.130545988000165], [26.481664901999977, 6.13569604200012], [26.487528153000085, 6.140846030999967], [26.493391517000134, 6.145995955000103], [26.499949163, 6.149827218000155], [26.506506904, 6.15365840000004], [26.51306473800014, 6.157489500000111], [26.519622666000032, 6.161320520000061], [26.52959409500005, 6.181263380000075], [26.533403475000114, 6.196704180000097], [26.534195791000116, 6.223642925000092], [26.533556854000096, 6.228806217000113], [26.53291790500009, 6.23396950800003], [26.525083221000045, 6.234681811000087], [26.517248516000052, 6.23539399800012], [26.51206916000018, 6.228835973000116], [26.50688993400007, 6.222277895000161], [26.501710835000097, 6.215719765000017], [26.496820387000128, 6.217834318000087], [26.49192990000006, 6.219948825000188], [26.48636637600015, 6.22008975600005], [26.48080285000009, 6.220230628000138], [26.475721639000028, 6.216320110000026], [26.47239514200004, 6.239885403000017], [26.475554384000134, 6.24708586200012], [26.47871371300016, 6.254286300999979], [26.48187312800019, 6.261486718000072], [26.485032629000045, 6.268687115000091], [26.481685099000174, 6.273103775000152], [26.4783375130001, 6.277520413], [26.472131125000146, 6.281217962000142], [26.465924649000158, 6.284915437000109], [26.459718086000066, 6.288612838000063], [26.453874902000166, 6.292970675000106], [26.44803162, 6.297328446000165], [26.442188241000167, 6.301686151000013], [26.43634476400007, 6.306043790000047], [26.427787730000148, 6.305727144000173], [26.41923070700011, 6.305410359000177], [26.410673694000025, 6.305093432000149], [26.402116691000174, 6.304776365000123], [26.393559699000036, 6.304459158000043], [26.38969729300004, 6.310500613000158], [26.38583479700003, 6.316542037000147], [26.381972212000107, 6.322583432000044], [26.378109537000114, 6.328624796000042], [26.370384509000075, 6.332190276], [26.362659375000078, 6.335755640000116], [26.361470915000154, 6.341896092000184], [26.360282427000016, 6.348036539000077], [26.355726650000122, 6.352592376000189], [26.351170793, 6.357148173000098], [26.35137766800017, 6.364371687000073], [26.345228422000105, 6.370617545000073], [26.340672656000095, 6.376361857], [26.336116788000083, 6.382106127000156], [26.32918400700015, 6.381710109000039], [26.322251237000103, 6.381313998000053], [26.31531847700012, 6.380917793000037], [26.308385728000133, 6.380521495000096], [26.296500988, 6.40785639700016], [26.301518920000092, 6.411421869000094], [26.30653692100003, 6.414987291000045], [26.311554992000026, 6.418552664000117], [26.31512041400015, 6.434002825999983], [26.30937619200006, 6.440143308000017], [26.30363183200012, 6.446283724000068], [26.30264144800003, 6.452028017000089], [26.301651042000174, 6.457772306000095], [26.29313365500019, 6.458366614000056], [26.284616248000077, 6.458960780000041], [26.28646494100019, 6.465035210999986], [26.288313679, 6.471109634000186], [26.290162460000147, 6.47718404900013], [26.29531245600009, 6.482928367000056], [26.300462568000057, 6.488672630999986], [26.30798946400006, 6.492238165000117], [26.31551646600002, 6.495803587000069], [26.323043574000053, 6.499368897000011], [26.321512444, 6.504302587000041], [26.319981285000097, 6.509236272000123], [26.324879738000106, 6.512820006000027], [26.329778260000012, 6.516403691000164], [26.32918403300016, 6.52511916900005], [26.328589786000123, 6.533834643000148], [26.332749417000116, 6.537202004000164], [26.336909104000142, 6.540569330000039], [26.34344569600006, 6.541757847000099], [26.349982319000105, 6.542946278000102], [26.35235926700011, 6.556019492000132], [26.352854444000116, 6.562952261000078], [26.353349634999972, 6.569885027000112], [26.35384483900009, 6.576817791000167], [26.35434005700006, 6.583750552000083], [26.36265940100003, 6.582958375000032], [26.37097871900005, 6.582166058000098], [26.37929801100006, 6.581373604000078], [26.3959366470001, 6.590089079999984], [26.392239249000056, 6.595239163000031], [26.38854177400009, 6.600389217000043], [26.38484422300013, 6.60553924300018], [26.388805764000097, 6.610491234], [26.392767383000034, 6.615443193000033], [26.3975212470001, 6.61881055900011], [26.40227517500017, 6.622177879], [26.41217912600007, 6.63723188299997], [26.41217912600007, 6.645551202000092], [26.41217912600007, 6.653870519000179], [26.405444491000026, 6.657634066000071], [26.398709753, 6.661397521000026], [26.39369182700017, 6.665095048000126], [26.388673826000172, 6.668792523000093], [26.383655749000013, 6.672489946000042], [26.377317267000137, 6.676055409000071], [26.37097869300004, 6.679620790000115], [26.362263217000134, 6.686355476000131], [26.362659375000078, 6.694278636000035], [26.355330458000026, 6.694674849000023], [26.348001529000157, 6.695070952000037], [26.343445700000075, 6.69388249900004], [26.338889894000033, 6.692694003999975], [26.332815569000104, 6.696655660000033], [26.326741147000178, 6.700617240000099], [26.320666626000047, 6.704578744000116], [26.31379991700004, 6.705635261000054], [26.306933178000065, 6.706691683000088], [26.30006641000017, 6.707748008000181], [26.291614953000135, 6.70523915300015], [26.2831635820001, 6.702730152000129], [26.27471229700012, 6.700221006000163], [26.26005445100003, 6.708144166000068], [26.25530055500019, 6.713690378000138], [26.257167554000034, 6.720304585], [26.259034604000135, 6.726918782999974], [26.260901704000048, 6.733532972000035], [26.257031074999986, 6.740064659000041], [26.248836893000032, 6.740148881000039], [26.2406427090001, 6.740232965000075], [26.233511911, 6.741817701000116], [26.22638106700009, 6.74340233300012], [26.21925017700005, 6.744986861000143], [26.213307821000058, 6.746175371000049], [26.207365435999975, 6.747363808999978], [26.20716735900004, 6.75350425900001], [26.206969278000088, 6.759644707000064], [26.199442325000177, 6.762814029000083], [26.191915274000053, 6.765983235000135], [26.18934027500012, 6.771331375000159], [26.186765220000098, 6.77667950100016], [26.182143491999966, 6.782753969000055], [26.177521649000084, 6.788828392000028], [26.172899690000065, 6.794902768999975], [26.177653586000076, 6.801043219], [26.174484361000168, 6.806985600000075], [26.171315058, 6.812927959000149], [26.163920181000037, 6.815305020000096], [26.156525232000035, 6.817681968000159], [26.14913020900002, 6.820058803000052], [26.143004069000142, 6.82005888100008], [26.13687792800016, 6.82005888100008], [26.130751788000055, 6.820058803000052], [26.124099090000072, 6.816107014000011], [26.117446500000142, 6.8121551320001], [26.107945069000152, 6.811362770000073], [26.102247188000035, 6.818010425000068], [26.09654914900011, 6.82465801], [26.087685720000138, 6.826399216000027], [26.078822227000103, 6.82814026], [26.06995867000012, 6.829881140000168], [26.071927314000106, 6.838058339000042], [26.073896024000135, 6.846235528000136], [26.075864802000126, 6.854412705000186], [26.0778336460001, 6.862589872000058], [26.079802558000154, 6.870767027999989], [26.08495261200011, 6.900478878000058], [26.07707587600015, 6.900793223000051], [26.069199129000083, 6.901107439000157], [26.061322372000177, 6.901421524000114], [26.059427278000044, 6.90850226800012], [26.057532127000172, 6.915583002000119], [26.055636920000154, 6.922663726000167], [26.04916637900004, 6.924116394000066], [26.04269579800018, 6.925568973000111], [26.036225178, 6.927021465000053], [26.04031869400012, 6.933756188000132], [26.044412326999975, 6.940490874000091], [26.04850607600008, 6.947225523000156], [26.045601933, 6.95373669300011], [26.04269771000014, 6.960247843000104], [26.039793407000104, 6.966758973000083], [26.03688902400006, 6.973270084000092], [26.041147228000114, 6.975056255000027], [26.0454054650001, 6.976842387000033], [26.048116491000087, 6.984200885000121], [26.04669202000008, 6.99037367700015], [26.045267511000077, 6.996546464000062], [26.041943731, 7.000819945999979], [26.038619891000167, 7.005093404000093], [26.030547803, 7.005726649000167], [26.022475693000047, 7.006359756000052], [26.014403562000155, 7.006992724000042], [26.00728111900014, 7.00746760800007], [26.000158662000104, 7.007942384000103], [25.98828791200009, 7.017913814], [25.984964103000152, 7.028834903000075], [25.98425186600008, 7.034295449000183], [25.98353961300006, 7.039755993000085], [25.977366839000183, 7.040943109000068], [25.97119403300013, 7.042130143000065], [25.96644569700004, 7.038568941999984], [25.961697433000097, 7.035007693000125], [25.95647433300013, 7.037619287000041], [25.95125117400005, 7.040230823000115], [25.94222940399999, 7.040230823000115], [25.936531444000025, 7.045453953000106], [25.934632124000075, 7.05495055300014], [25.933207634000155, 7.063497492000067], [25.926082324000163, 7.065016342000149], [25.9189569670001, 7.066535083000133], [25.91183156400001, 7.06805371500019], [25.906850211000062, 7.068149780000056], [25.901868855000032, 7.068245792000027], [25.900919195000142, 7.074893412000108], [25.903768149000143, 7.079166891000114], [25.906617155000163, 7.083440352000082], [25.901868901, 7.087951261], [25.897120555000072, 7.09246212100004], [25.891105993000167, 7.090562879000117], [25.88509147999997, 7.0886635600001], [25.87907701600011, 7.086764162000122], [25.873616432000176, 7.083440384000085], [25.8681559260001, 7.080116542000042], [25.86150830600002, 7.084864842000172], [25.855941097000084, 7.093181451000078], [25.861336235000124, 7.095908213000087], [25.86673143600018, 7.09863491100009], [25.86207108500014, 7.102307711000037], [25.857410660000085, 7.105980463000151], [25.8511499600001, 7.106106369000088], [25.844889257000148, 7.106232191], [25.837766807000037, 7.108131511000124], [25.82542122800004, 7.119527430000062], [25.822097418, 7.132822670000053], [25.826845651000042, 7.139232899999968], [25.831594016999986, 7.145643080000127], [25.826370939000014, 7.150153995000039], [25.821147758000166, 7.154664849000085], [25.8134044790001, 7.154144412000107], [25.80566121800007, 7.153623844000037], [25.799585735000164, 7.152862989000027], [25.793510272000105, 7.152102054000068], [25.787434829000063, 7.151341039000044], [25.78115342500007, 7.156223481999973], [25.774871888, 7.161105839000129], [25.76859021700011, 7.165988108000022], [25.76230841200004, 7.170870291000142], [25.756026474, 7.175752387000159], [25.74788873700004, 7.177427801000022], [25.73975094000002, 7.179103070000167], [25.731613084000116, 7.18077819500013], [25.72347516800005, 7.182453175000148], [25.71533719300004, 7.184128010999984], [25.708660236000128, 7.188109836000024], [25.701983163000023, 7.192091563000076], [25.695305974000064, 7.196073192000085], [25.687952000000166, 7.194362279000188], [25.68059808200013, 7.192651248000118], [25.6626475380001, 7.200427650000108], [25.65115862300013, 7.209745128000122], [25.64712260600004, 7.214018616000033], [25.643086513000128, 7.21829206700005], [25.635330967000073, 7.218608752000023], [25.627575411000123, 7.218925305000027], [25.619819844000176, 7.21924172700011], [25.599262897000017, 7.232855445000098], [25.593625363000058, 7.238146912000161], [25.587987698000177, 7.24343830700019], [25.580408955000053, 7.239184587000125], [25.572811675000082, 7.242033567000135], [25.57209943900017, 7.247968943000046], [25.571387185, 7.253904316000046], [25.56830645600013, 7.257707536000169], [25.565225676000125, 7.261510734000069], [25.55738530400015, 7.259369498000183], [25.54954500600013, 7.257228126000086], [25.546458651000137, 7.263163512000062], [25.54337221600008, 7.269098876000157], [25.540048447000174, 7.27455943300015], [25.536724597000102, 7.280019965000065], [25.529958398000133, 7.282869097000059], [25.523192113000107, 7.285718128000156], [25.516425743000127, 7.28856705700008], [25.509659287000034, 7.291415885000049], [25.504911060000154, 7.298300946000154], [25.500162688000046, 7.305185955000013], [25.493356810000023, 7.305819164000127], [25.48655091400019, 7.306452271000182], [25.47974499800017, 7.307085275000134], [25.473097369000186, 7.306768820000173], [25.466449749000105, 7.306452266000122], [25.459802139000033, 7.306135615000073], [25.44935587900011, 7.305660785000043], [25.43558581000019, 7.313258064000081], [25.42703887, 7.322754664000172], [25.422448973000087, 7.328927503000102], [25.41785895000004, 7.335100293000153], [25.413268800000026, 7.341273034000096], [25.405245563000108, 7.344803254000169], [25.397222200000158, 7.34833333000006], [25.395700091000037, 7.339848544], [25.395090277000065, 7.33444819500005], [25.390476961000104, 7.328927454000052], [25.384541640000066, 7.332963549000112], [25.378606212000136, 7.336999564], [25.371001366000087, 7.340629007000189], [25.363396397000145, 7.344258321000098], [25.355791305000082, 7.347887505000188], [25.344893283000033, 7.375460792000126], [25.34441846300018, 7.384482564], [25.343943623000143, 7.39350433200002], [25.336810567000043, 7.397777090000091], [25.329677374000084, 7.402049733000183], [25.33301181700017, 7.407511060000047], [25.336346343, 7.412972361000129], [25.334921877000113, 7.420332229000167], [25.33349736300005, 7.427692090999983], [25.326058381000053, 7.428325322000092], [25.318619378000108, 7.428958429000147], [25.3111803540001, 7.429591411000104], [25.288863344000106, 7.453332910000086], [25.28680580400004, 7.459347434], [25.284748208000167, 7.46536194700019], [25.282690554999988, 7.471376449000104], [25.27521212800019, 7.474225620000027], [25.267733604000114, 7.47707466300011], [25.260254983000152, 7.479923580000047], [25.25277626500008, 7.482772369000088], [25.24565383100014, 7.483247314000039], [25.23853138100003, 7.483722144000069], [25.23140891600002, 7.484196859], [25.20244428700005, 7.492743799000039], [25.20037514400019, 7.498763794000126], [25.19830594500013, 7.50478377800016], [25.196236688000056, 7.51080375000015], [25.192608033000113, 7.51712937800005], [25.188979273000086, 7.523454974000117], [25.185350408000147, 7.529780538000182], [25.190854132000027, 7.532167844000185], [25.196357917000057, 7.534555080000132], [25.194415416000027, 7.540952168999979], [25.192472857000155, 7.547349247000113], [25.18701237500005, 7.552334997000173], [25.181551768000077, 7.557320677000064], [25.181515842000124, 7.563696721000042], [25.181479914000136, 7.570072762999985], [25.17368122300013, 7.574380465000104], [25.165882378000163, 7.578688026000066], [25.189301659000137, 7.600150863000181], [25.195269031, 7.605634172000123], [25.202401695000106, 7.610881372000108], [25.209534532000077, 7.616128453000044], [25.216667543000085, 7.621375415000045], [25.22380072800007, 7.626622258999987], [25.230934086, 7.63186898400005], [25.23924348700018, 7.634005959000035], [25.24755297000013, 7.636142774000177], [25.255862536000052, 7.638279429000136], [25.264172185000064, 7.640415924000081], [25.286470738000048, 7.655468526000107], [25.295985794000046, 7.679351983000174], [25.29384908200018, 7.683862874000056], [25.291712324000116, 7.688373753000178], [25.287913789000186, 7.694230025000138], [25.284115149000115, 7.700086261000081], [25.280316405, 7.705942462000166], [25.278417085000058, 7.738705730999982], [25.280673643000114, 7.745450543000118], [25.282930272000044, 7.752195340000128], [25.285186973000123, 7.758940124000105], [25.284877642000026, 7.766194204000044], [25.284568301000093, 7.773448282], [25.284258949000105, 7.780702357000109], [25.283949587000052, 7.787956429000076], [25.283640214000172, 7.795210499000063], [25.275257954999972, 7.795736668000131], [25.26687567600004, 7.796262672000125], [25.253570387000025, 7.811261361999982], [25.250872385000093, 7.819140495999989], [25.24817428100016, 7.827019609999979], [25.245476076000102, 7.834898704000182], [25.24277777000009, 7.84277777799997], [25.23970495700013, 7.849383270000146], [25.23663204600018, 7.855988737000189], [25.230221936000078, 7.862161577000052], [25.223811636000107, 7.868334317000063], [25.221200113000123, 7.874981946000048], [25.218588507, 7.881629557], [25.213158502000056, 7.880228229000068], [25.20772853400001, 7.878826830000037], [25.19938157500013, 7.882626092000123], [25.197114317000114, 7.887350960999981], [25.194847007000135, 7.892075816000045], [25.188199655000062, 7.897655229000122], [25.181552125, 7.903234535000081], [25.174904416, 7.908813734000091], [25.168256528000086, 7.914392826000039], [25.160817457, 7.912493639000047], [25.15337845400012, 7.910594319000097], [25.145939519000024, 7.908694866000019], [25.137748610000074, 7.907151910000096], [25.12955776300015, 7.905608792000123], [25.121366976, 7.90406551500007], [25.11317624999998, 7.902522076000025], [25.106062343000133, 7.900606950000167], [25.098948501000052, 7.898691702000178], [25.091834725000126, 7.896776334000151], [25.08472101500007, 7.894860844000107], [25.080082957000172, 7.900100041000087], [25.075444782000034, 7.905339186000049], [25.07080649000011, 7.910578277000184], [25.066168081000114, 7.91581731600013], [25.060565426000096, 7.922085226000036], [25.05496260200016, 7.928353059000074], [25.049359609000078, 7.93462081500013], [25.0437564450001, 7.940888494000092], [25.038153112000032, 7.947156095000082], [25.030199957000036, 7.951429795000024], [25.022246637000137, 7.955703341000117], [25.014293152000107, 7.959976734000122], [25.00633950300005, 7.96424997400004], [24.999079277000078, 7.963716835000071], [24.991819070000076, 7.96318356800009], [24.985408297000163, 7.960401603000037], [24.97899761000008, 7.957619538000131], [24.96811146500005, 7.982052886000076], [24.966134499000077, 7.990838325000027], [24.964157449000083, 7.999623751000058], [24.962180314000022, 8.008409163000067], [24.957717173000106, 8.014392121000014], [24.95325390200003, 8.02037502900015], [24.94879050000003, 8.026357887000131], [24.94432696800004, 8.03234069400014], [24.939863305000074, 8.0383234520001], [24.932503445000066, 8.038560933000099], [24.925143576000153, 8.03879828200013], [24.90121546800009, 8.051029279000034], [24.89964402800007, 8.059613059000071], [24.898072523000167, 8.068196829000101], [24.896500951000178, 8.07678058900018], [24.894929312000045, 8.085364340000126], [24.893357607000155, 8.093948081000065], [24.891785836000054, 8.102531812000166], [24.890213998000036, 8.111115534000021], [24.888642093000044, 8.119699246000039], [24.884546742000055, 8.126405945000101], [24.880451255000025, 8.133112601000107], [24.876355632000184, 8.13981921400017], [24.872259873000132, 8.146525783000072], [24.868163977000165, 8.1532323080001], [24.864995909000072, 8.160431118000133], [24.861827727000104, 8.167629901000055], [24.85865943200008, 8.174828656000159], [24.850589891000027, 8.172853164000117], [24.84252042999998, 8.170877512000061], [24.834451048000062, 8.168901698000013], [24.80358709899997, 8.172700338000084], [24.797176974000138, 8.177686104000145], [24.79076669000017, 8.182671767000102], [24.783845073000066, 8.183501522000086], [24.776923427000042, 8.18433115800002], [24.77000175300003, 8.185160676000066], [24.762276891, 8.180772447000152], [24.758319880999977, 8.176024187000053], [24.75436296400005, 8.171275887000093], [24.750406141000155, 8.166527548000033], [24.75016873100003, 8.174837074000152], [24.749931311000125, 8.183146597000132], [24.744708436999986, 8.189675614000066], [24.73948539200012, 8.196204561000172], [24.734262177000062, 8.20273343800011], [24.729038792000154, 8.209262246000094], [24.72146553100015, 8.209004372000095], [24.713892281000028, 8.20874635500013], [24.706319039000107, 8.20848819600019], [24.698745808000126, 8.208229895000045], [24.691172587000096, 8.207971451000162], [24.68359937500003, 8.207712865000076], [24.675878492000095, 8.210492154000065], [24.66815750100011, 8.213271295000084], [24.660436403, 8.216050287000144], [24.652715197000134, 8.218829131000064], [24.644993884000144, 8.221607826000024], [24.63631597800014, 8.220942203999982], [24.627638100000127, 8.220276395000042], [24.618800418000035, 8.218828932000122], [24.60996280000012, 8.217381274000047], [24.601125246000038, 8.215933421999978], [24.59228775600019, 8.214485376000084], [24.5840967420001, 8.21128052400013], [24.57590585900016, 8.20807550600017], [24.56771510700014, 8.204870320000168], [24.559524487000147, 8.201664967000056], [24.553826527000126, 8.205463606000023], [24.550502717000086, 8.212111226000104], [24.544567314000062, 8.210211949999973], [24.538631968000118, 8.208312586000034], [24.534121137000056, 8.213060912000174], [24.529610198000114, 8.217809186000125], [24.5247037150001, 8.221607887000118], [24.519797139000048, 8.225406527000132], [24.514890469000136, 8.229205106000109], [24.508401188000107, 8.231104530999971], [24.501911844000176, 8.233003851000092], [24.49542243900015, 8.234903066000129], [24.48592583900006, 8.256745245], [24.484976228000107, 8.263511579000124], [24.48402658400005, 8.270277909000072], [24.483076908000157, 8.277044234000073], [24.482127200000093, 8.283810554000013], [24.47418510300014, 8.283003540000038], [24.466243039000062, 8.282196367000154], [24.458301007000046, 8.281389037000167], [24.450359008000078, 8.280581548000043], [24.442417041000112, 8.279773901999988], [24.43447510600015, 8.278966097000023], [24.426533204000123, 8.278158135000183], [24.418591334000098, 8.277350015000081], [24.411438363, 8.275388463000127], [24.40428546200019, 8.273426783], [24.397132632000023, 8.271464975000072], [24.390722335000135, 8.26576706700007], [24.38431222300005, 8.26006905500003], [24.360095893000107, 8.251047285000027], [24.354081490000112, 8.254687739000133], [24.348066977000087, 8.258328103000053], [24.34205235400009, 8.261968375000151], [24.33386161800007, 8.263274409000019], [24.325670827000124, 8.264580276000174], [24.317479983000112, 8.265885974000014], [24.309289085000046, 8.267191505000142], [24.286972076000154, 8.270990144000109], [24.28002504300008, 8.273809853000103], [24.27466930700018, 8.275983550000092], [24.273901, 8.273433], [24.291385, 8.236940000000118], [24.338052, 8.199716], [24.361663000000192, 8.178607000000113], [24.373325, 8.174164], [24.382778, 8.172220000000152], [24.391941, 8.170550000000162], [24.399718, 8.168608], [24.406943000000126, 8.167216000000167], [24.414718, 8.162212], [24.41916600000019, 8.152492000000109], [24.418882000000167, 8.13666], [24.418052, 8.128055], [24.417498, 8.118604], [24.42027, 8.113048], [24.4255500000001, 8.108604], [24.431939000000114, 8.106383000000164], [24.437497, 8.103888], [24.444998, 8.098329], [24.448603000000105, 8.092772], [24.453053, 8.0858300000001], [24.45944400000019, 8.08110100000016], [24.466663, 8.078049], [24.473887, 8.074444], [24.478327, 8.071662], [24.484166, 8.058323], [24.479999, 8.019991000000118], [24.473328, 7.98583200000013], [24.468882, 7.960547], [24.464720000000113, 7.952492], [24.46027700000019, 7.94972], [24.453051, 7.943887], [24.449165, 7.934165000000178], [24.450556, 7.926937], [24.45527600000014, 7.919991000000152], [24.460549000000128, 7.914157000000102], [24.462214, 7.910272], [24.46221500000013, 7.88416], [24.463605, 7.862775], [24.46721700000012, 7.837493], [24.47388800000016, 7.819158], [24.488325, 7.796381000000167], [24.489162, 7.790275000000122], [24.488325, 7.784161], [24.486667, 7.779718000000116], [24.484716, 7.774995000000104], [24.482497000000137, 7.770270000000153], [24.481387000000154, 7.764716000000135], [24.48054800000017, 7.758888], [24.48083, 7.751937000000112], [24.481943000000115, 7.746940000000166], [24.484166, 7.741936], [24.486942, 7.738053], [24.490273000000116, 7.734997], [24.49361, 7.731387], [24.49638300000015, 7.727773], [24.49832800000013, 7.722775], [24.500277, 7.718331], [24.5019410000001, 7.712768], [24.501666000000114, 7.706107], [24.502494, 7.699992], [24.501666000000114, 7.694164000000114], [24.49999400000013, 7.689435000000174], [24.498054, 7.684712000000161], [24.496385000000146, 7.679715000000101], [24.495276, 7.674161], [24.493881, 7.668605], [24.493330000000128, 7.662770000000137], [24.493052, 7.657492], [24.494165000000123, 7.651666], [24.494443, 7.645269000000155], [24.495547, 7.639442000000145], [24.496109, 7.633324000000187], [24.498327, 7.628884], [24.49943800000011, 7.623325000000136], [24.500832000000173, 7.618055], [24.502498000000173, 7.612493], [24.503603000000112, 7.607497], [24.506382, 7.60333], [24.508880000000147, 7.599436], [24.511943, 7.595549000000176], [24.51527, 7.591941], [24.518602, 7.588886], [24.52555500000011, 7.582217], [24.527492000000166, 7.577221000000179], [24.52999700000015, 7.573604], [24.531385, 7.568049000000144], [24.533606000000134, 7.563332000000116], [24.535546, 7.558881], [24.536935, 7.553325], [24.53832700000015, 7.548324], [24.539715, 7.542769000000135], [24.539720000000102, 7.536102], [24.54194100000018, 7.531385], [24.54666400000019, 7.529443000000128], [24.55221300000011, 7.528054000000111], [24.563095300999976, 7.517997372000082], [24.562773, 7.517496000000165], [24.555551, 7.512773], [24.55527700000016, 7.507219], [24.55944200000016, 7.504718], [24.56361, 7.501941000000102], [24.568330000000117, 7.500275000000101], [24.573052, 7.498324], [24.577220000000125, 7.495547], [24.58055300000018, 7.492216000000155], [24.584992000000113, 7.489995], [24.590556, 7.48888200000016], [24.596104, 7.487493], [24.595277, 7.481658], [24.589162, 7.480828], [24.584438, 7.480272], [24.582493000000113, 7.475549000000115], [24.581387, 7.469996], [24.580552000000125, 7.464160000000106], [24.578607, 7.459438], [24.57638500000013, 7.454712], [24.574717000000135, 7.449992], [24.572492, 7.445552], [24.570556000000124, 7.440829], [24.56805100000014, 7.436663000000181], [24.56666600000011, 7.431383], [24.566664000000117, 7.424717000000101], [24.565824, 7.418604], [24.560546, 7.4172200000001], [24.55444000000017, 7.41638], [24.550551, 7.413885], [24.548329, 7.409158000000104], [24.54860500000018, 7.402495], [24.548603, 7.395828000000108], [24.54777, 7.389992], [24.545275000000174, 7.385825], [24.539164, 7.386385], [24.535269, 7.383604000000162], [24.53360800000013, 7.37833], [24.53333, 7.372499], [24.532769000000144, 7.366379000000109], [24.531103000000144, 7.360828], [24.528609, 7.35666], [24.525826000000166, 7.352775000000179], [24.523331000000155, 7.348607000000129], [24.520271, 7.344719000000111], [24.517774, 7.340828], [24.514443000000142, 7.337222000000111], [24.512497, 7.332774000000143], [24.511383, 7.327496], [24.50971800000019, 7.321935], [24.50916400000017, 7.316101000000117], [24.509162000000174, 7.31055], [24.511382, 7.306102], [24.51194, 7.299994], [24.512772, 7.294157], [24.514721, 7.289163], [24.51749800000016, 7.285275], [24.519435, 7.280548000000124], [24.521111000000133, 7.275273000000141], [24.520268, 7.270552000000123], [24.516944000000137, 7.267213], [24.513602, 7.263883], [24.510279, 7.260553], [24.509443, 7.254439000000104], [24.51111, 7.249165000000175], [24.514435, 7.245828], [24.519437, 7.244437000000119], [24.524439000000143, 7.246384], [24.52833100000015, 7.249158000000136], [24.532495, 7.251658], [24.538325000000157, 7.251383], [24.542213000000118, 7.248052], [24.542494, 7.241942000000108], [24.541385, 7.236387], [24.538603, 7.232493], [24.5375, 7.227215000000172], [24.53582400000016, 7.221940000000131], [24.538608000000124, 7.21749], [24.542493, 7.215275], [24.548048000000108, 7.213882], [24.55360300000018, 7.212498000000153], [24.557777, 7.209161000000108], [24.56027100000017, 7.204995], [24.562214, 7.200554], [24.562499000000116, 7.194997], [24.55749900000012, 7.19305], [24.554435000000126, 7.189715000000149], [24.551664000000187, 7.185828], [24.551661, 7.178886000000148], [24.551109, 7.173052], [24.55027500000017, 7.16693800000013], [24.551385, 7.161106], [24.552492, 7.155549000000121], [24.553602000000126, 7.150546], [24.554719000000148, 7.14416000000017], [24.554719000000148, 7.137771], [24.55388, 7.131381], [24.552769000000126, 7.126103], [24.55055, 7.121660000000134], [24.548611000000164, 7.116935000000183], [24.546663, 7.112219], [24.544716000000108, 7.107494], [24.542217000000107, 7.103325], [24.539993000000152, 7.098605], [24.53944200000018, 7.092771], [24.540828, 7.087218], [24.543326, 7.083606000000145], [24.545553, 7.078607], [24.548331, 7.074721], [24.551103000000126, 7.070549], [24.552218, 7.065270000000169], [24.553047, 7.059158], [24.553048000000103, 7.052768000000128], [24.554434, 7.047216000000105], [24.555826, 7.04194], [24.556944, 7.036384], [24.555274, 7.031662000000154], [24.551936000000126, 7.028330000000153], [24.548331, 7.024995000000104], [24.547216, 7.019441], [24.545827, 7.014436], [24.544436, 7.008887], [24.541658, 7.00499], [24.536384000000112, 7.003885000000139], [24.532491, 7.006106], [24.528329000000156, 7.009163], [24.524164000000155, 7.011658], [24.520276000000138, 7.014165000000162], [24.516387, 7.011380000000145], [24.514165, 7.00666], [24.512216, 7.002219000000139], [24.509439, 6.998331000000121], [24.505554, 6.995268000000181], [24.50194, 6.991942000000165], [24.500000000000114, 6.987492], [24.49861, 6.981942000000174], [24.4961100000001, 6.978047000000117], [24.492221, 6.97527], [24.486105, 6.975832], [24.47971600000011, 6.975274000000184], [24.475276, 6.973052], [24.471108000000186, 6.970548000000122], [24.465274, 6.97138], [24.458882, 6.970268], [24.453607, 6.969161], [24.448324, 6.970276000000183], [24.44333, 6.9724930000001], [24.439997000000176, 6.975550000000112], [24.434442000000104, 6.976939000000129], [24.428606, 6.976387000000102], [24.423048, 6.974991], [24.418049000000167, 6.976109000000179], [24.41249900000014, 6.977774], [24.406389000000104, 6.976942000000179], [24.402491, 6.974163], [24.398054, 6.971663], [24.39305300000018, 6.969996], [24.38805500000018, 6.968052], [24.384718000000134, 6.964717000000121], [24.381381, 6.961382], [24.376104, 6.961104000000148], [24.371387, 6.963332], [24.36666700000012, 6.964998], [24.361107000000175, 6.966662], [24.354442, 6.965831], [24.349721000000102, 6.963881], [24.34777700000018, 6.95916], [24.346665, 6.953602000000103], [24.345834, 6.94777], [24.34444200000013, 6.942493000000184], [24.34027700000013, 6.939719], [24.334444000000133, 6.93888800000019], [24.328330000000165, 6.938331], [24.323053000000186, 6.937221], [24.318882, 6.934160000000134], [24.31999400000018, 6.930272000000116], [24.322492000000125, 6.925552], [24.32361100000014, 6.920270000000187], [24.32499300000012, 6.914715], [24.32582500000018, 6.908886], [24.327778000000137, 6.904159000000107], [24.329443, 6.898884000000123], [24.331386, 6.894158], [24.335272, 6.891385000000128], [24.341946000000178, 6.891387000000122], [24.346660000000156, 6.889437], [24.349437, 6.885275000000149], [24.34943600000014, 6.880274], [24.345272, 6.877499000000114], [24.34027300000014, 6.878607000000159], [24.333331, 6.878609000000154], [24.328334000000154, 6.876663], [24.325831000000164, 6.87249700000018], [24.324718, 6.867215000000101], [24.323328000000174, 6.861938000000123], [24.325272, 6.85722], [24.32805500000012, 6.853326], [24.329993, 6.848323000000164], [24.331388, 6.843331000000148], [24.328053000000125, 6.839994], [24.321943000000147, 6.839158000000168], [24.319441, 6.834992000000113], [24.31582900000018, 6.831661000000167], [24.3119420000001, 6.828888], [24.306382000000156, 6.827773], [24.30054900000016, 6.82694], [24.294437000000187, 6.82638], [24.288327, 6.825552], [24.284164, 6.822775], [24.28249, 6.818047000000149], [24.282215, 6.811658], [24.284993, 6.807497000000126], [24.289717, 6.805547000000104], [24.295829, 6.804714000000104], [24.297219000000155, 6.799437], [24.298047, 6.79333], [24.298604000000182, 6.787497], [24.303332, 6.786664], [24.308885, 6.78694], [24.31082400000014, 6.781938000000139], [24.310277, 6.775831], [24.306658, 6.772499], [24.303054, 6.769997000000103], [24.297498000000132, 6.768604000000153], [24.29110300000019, 6.767771000000153], [24.286106, 6.76944], [24.281941, 6.771663000000103], [24.27777500000019, 6.774717], [24.274439, 6.777773000000138], [24.268326000000116, 6.777221000000111], [24.26583, 6.773331], [24.263604, 6.768604000000153], [24.263053000000127, 6.76222], [24.262777746999973, 6.756027787000107], [24.260706, 6.752611000000115], [24.279089, 6.733414000000153], [24.348605000000134, 6.660824], [24.459716000000128, 6.526941], [24.59694400000012, 6.383328], [24.603610000000117, 6.383051], [24.609997000000135, 6.390274000000147], [24.619444000000158, 6.397492000000113], [24.634161000000177, 6.403325000000109], [24.649999, 6.401936000000148], [24.665556, 6.399437000000148], [24.681938000000173, 6.394443], [24.69222000000019, 6.393605], [24.700556000000176, 6.396381], [24.74333300000012, 6.443885], [24.781108000000188, 6.485827], [24.799719, 6.491108000000168], [24.811938, 6.489157], [24.823056000000122, 6.488325], [24.835829, 6.490553], [24.849994, 6.494715], [24.86388200000016, 6.496109], [24.879161000000124, 6.496664000000123], [24.891944, 6.493604], [24.901385, 6.486108000000172], [24.910831, 6.476107000000127], [24.92194400000011, 6.461661000000163], [24.924441000000115, 6.45860800000014], [24.935269, 6.449160000000177], [24.948332000000107, 6.446941], [24.96305100000012, 6.443327], [24.97527600000012, 6.437497000000121], [24.988882, 6.427220000000148], [25.010277000000144, 6.405829], [25.031939000000136, 6.386385], [25.04360600000018, 6.377771000000166], [25.0588800000001, 6.370546000000104], [25.063328, 6.366663000000187], [25.065272000000164, 6.359996000000137], [25.07166500000011, 6.349998000000141], [25.075277, 6.340269], [25.075548, 6.316385], [25.073604000000103, 6.298880000000111], [25.06833300000011, 6.2938860000001], [25.055827, 6.289995], [25.026109, 6.29305], [25.019165000000157, 6.292213], [25.012222000000122, 6.289157000000159], [25.00416500000017, 6.272221], [25.00222, 6.248883], [25.000547000000154, 6.240547000000163], [24.993327000000136, 6.235552], [24.980828000000145, 6.232494000000145], [24.971387, 6.231944000000112], [24.961107, 6.228049], [24.947769, 6.215548000000126], [24.942777, 6.207773], [24.92721300000011, 6.204716], [24.908332, 6.208051000000125], [24.888325, 6.213608], [24.8736090000001, 6.219717000000117], [24.861937000000182, 6.225268], [24.85471600000011, 6.228329000000144], [24.85, 6.22527], [24.84638600000011, 6.223047000000122], [24.844717, 6.217221000000166], [24.848607000000186, 6.208054000000175], [24.866379, 6.195274], [24.90082500000011, 6.171662], [24.933052, 6.142497000000105], [24.97, 6.111384000000101], [24.98249600000014, 6.099716000000114], [24.99388, 6.087213000000133], [25.001664000000176, 6.071659000000182], [25.005555, 6.059717], [25.013333, 6.057219], [25.025555, 6.061108000000104], [25.031666, 6.062775], [25.0388880000001, 6.062498000000176], [25.046108, 6.059716], [25.052498000000128, 6.053047000000163], [25.053608000000168, 6.045275000000117], [25.05221900000015, 6.03999], [25.050549, 6.034435], [25.049158, 6.029997], [25.048605, 6.026104], [25.053886, 6.018602000000158], [25.061388000000136, 6.01333], [25.06888700000013, 6.008887000000129], [25.07472, 6.005268000000171], [25.083052, 5.997771000000171], [25.08499600000016, 5.99222], [25.08694, 5.985271000000125], [25.088330000000155, 5.975276], [25.091108000000133, 5.965273000000138], [25.097773, 5.958049000000187], [25.109161000000142, 5.956110000000137], [25.11805, 5.958608], [25.127221000000134, 5.961387000000116], [25.134444, 5.964718], [25.146944, 5.969990000000166], [25.154443, 5.966661], [25.17249500000014, 5.938054], [25.18332400000014, 5.92388700000015], [25.189722000000188, 5.916385000000105], [25.18971500000015, 5.906383000000119], [25.184935, 5.899427000000117], [25.18361, 5.897492], [25.172219, 5.885554000000127], [25.16055000000017, 5.86999400000019], [25.156938, 5.851934], [25.154159, 5.839996], [25.153333, 5.834720000000175], [25.152219000000116, 5.82721400000014], [25.153884, 5.815551], [25.155269, 5.80610200000018], [25.152771000000143, 5.802219], [25.149992, 5.798047], [25.14804800000013, 5.793326], [25.147493, 5.787216], [25.147498, 5.780554], [25.146104, 5.77527], [25.144715, 5.769719], [25.140276000000142, 5.769158000000175], [25.137216, 5.773052000000121], [25.13665900000018, 5.779164000000151], [25.13499300000018, 5.78444], [25.132497, 5.788601], [25.13055, 5.793054], [25.128603000000112, 5.798051], [25.126389, 5.802492], [25.122223000000133, 5.805275000000165], [25.117500000000177, 5.807214], [25.111664, 5.80666], [25.108055, 5.803331], [25.105552000000102, 5.799162], [25.103332000000137, 5.794436], [25.101389, 5.789714000000117], [25.099445, 5.784992], [25.096663, 5.781104], [25.092495000000156, 5.778328], [25.087502, 5.776663000000156], [25.0825, 5.774997000000155], [25.07666300000011, 5.773881000000188], [25.070554000000186, 5.774998], [25.06416400000012, 5.775272000000143], [25.059717, 5.77332900000016], [25.0569440000001, 5.769441000000143], [25.053610000000162, 5.765553000000182], [25.048048, 5.764441], [25.041938000000187, 5.76499500000017], [25.03749100000016, 5.763052000000187], [25.033883, 5.759712], [25.03277000000014, 5.754163000000119], [25.036104000000137, 5.750548000000151], [25.041386, 5.748886], [25.046386000000155, 5.746935000000178], [25.049716, 5.743606], [25.05054600000011, 5.737773], [25.048883, 5.732216000000165], [25.046386000000155, 5.728331], [25.043608000000177, 5.724166], [25.041106000000127, 5.719995], [25.039439000000186, 5.714714000000129], [25.039163, 5.708607], [25.039165, 5.701657000000182], [25.041106000000127, 5.697221000000127], [25.042494, 5.691663000000176], [25.04110700000018, 5.68611], [25.039442, 5.681942000000163], [25.03638500000011, 5.67749600000019], [25.033884000000114, 5.673325], [25.031663, 5.668882000000167], [25.03138700000011, 5.662775], [25.032491000000164, 5.657213], [25.034165, 5.652221], [25.03610600000013, 5.647215000000131], [25.03944100000018, 5.644163], [25.041658, 5.639161], [25.04027400000018, 5.635274], [25.03526900000014, 5.633329000000117], [25.030832, 5.630831], [25.027217, 5.62749], [25.026666, 5.621387], [25.026938, 5.614994], [25.0275, 5.608880000000113], [25.028885, 5.603608000000179], [25.030832, 5.598887], [25.034995, 5.596383000000117], [25.040551, 5.594718], [25.045275, 5.592775], [25.04305, 5.588046], [25.038601000000142, 5.585824], [25.033051000000114, 5.584717000000126], [25.028331, 5.582776000000138], [25.023606, 5.580549], [25.019717000000128, 5.577774000000147], [25.018054, 5.573606], [25.021665, 5.570549], [25.026941000000136, 5.56915800000013], [25.033887, 5.569163000000174], [25.0397210000001, 5.569713], [25.044436000000132, 5.56777], [25.047776, 5.564442], [25.045277, 5.560271], [25.041108, 5.557776], [25.037219, 5.554992], [25.032491000000164, 5.553050000000155], [25.027775, 5.550832000000128], [25.023606, 5.548329000000138], [25.02110800000014, 5.544166000000132], [25.01972, 5.538887000000159], [25.019717000000128, 5.531937], [25.020551, 5.526104000000146], [25.019719000000123, 5.519997], [25.016663, 5.513883], [25.013605, 5.50972], [25.011102, 5.505824], [25.005552, 5.504162], [25.001109, 5.502215], [24.994439000000114, 5.496936000000119], [24.993047, 5.491381], [24.990270000000123, 5.487498], [24.986106, 5.484717], [24.98166300000014, 5.483883000000105], [24.976106, 5.485545000000172], [24.969996, 5.484436], [24.965548000000126, 5.482773000000122], [24.961389, 5.479715], [24.958331, 5.47555100000011], [24.95721600000013, 5.470552], [24.95916, 5.465546], [24.962777000000187, 5.462215000000185], [24.967778, 5.460268], [24.972775000000183, 5.45916], [24.97444300000012, 5.453606], [24.973608000000183, 5.448879], [24.970271, 5.445548000000144], [24.96555300000017, 5.443604], [24.960278000000187, 5.441384], [24.95472, 5.441388000000188], [24.949157000000184, 5.439992000000132], [24.946105, 5.436665], [24.942492, 5.433329], [24.93999600000018, 5.429164], [24.933886, 5.42972], [24.929717, 5.43249], [24.925552, 5.434993], [24.92083, 5.437219], [24.916104, 5.439161000000126], [24.911387, 5.441102000000171], [24.906939, 5.438885], [24.90749200000016, 5.433046000000104], [24.909442, 5.428325], [24.913051, 5.424994], [24.914992, 5.420274], [24.913887000000102, 5.414721000000156], [24.908328, 5.413609000000179], [24.902769, 5.411936000000139], [24.897494000000165, 5.410829], [24.89333100000016, 5.408054000000106], [24.88999900000016, 5.404436], [24.890552, 5.398606000000143], [24.891386000000182, 5.392495], [24.891945, 5.38638], [24.888048, 5.383609], [24.884163000000115, 5.386383], [24.881104000000107, 5.390275], [24.87916300000012, 5.394996], [24.874997, 5.397498], [24.87082900000013, 5.394999], [24.870275000000106, 5.388884], [24.87166600000012, 5.383601000000112], [24.873884000000146, 5.378885], [24.876666000000114, 5.374997000000178], [24.87916, 5.370829000000128], [24.879438000000107, 5.363880000000165], [24.878325, 5.358879], [24.876661, 5.353326], [24.875553, 5.348049000000174], [24.874716, 5.341938], [24.873603000000173, 5.336385000000178], [24.870548000000156, 5.332218], [24.867497000000128, 5.32888], [24.864163000000133, 5.332214], [24.860828, 5.335549000000128], [24.854438000000187, 5.334716000000128], [24.849715, 5.336941], [24.844993000000102, 5.343606], [24.841387, 5.347213000000124], [24.836389, 5.348328], [24.832217000000128, 5.345552000000168], [24.829717, 5.34166], [24.827498000000162, 5.336935], [24.824994, 5.332776], [24.821938, 5.328047], [24.819439, 5.32416400000011], [24.816659000000186, 5.319991000000186], [24.812777000000153, 5.316942000000154], [24.807773, 5.314999000000114], [24.802499000000125, 5.313879], [24.796384, 5.31305], [24.790273000000127, 5.312497], [24.786942, 5.308886], [24.78555000000017, 5.303602], [24.78638700000016, 5.297499], [24.78637900000018, 5.290829000000144], [24.783885, 5.286660000000154], [24.779438, 5.283887], [24.774158000000114, 5.285272], [24.769995000000108, 5.28805], [24.766663000000108, 5.291108000000122], [24.762499, 5.293885], [24.75777100000016, 5.295824], [24.752495, 5.297495], [24.74722, 5.295831], [24.742217, 5.2938860000001], [24.737774000000115, 5.291941000000122], [24.732223, 5.290273000000127], [24.728603000000135, 5.286941000000127], [24.726104000000134, 5.283048], [24.723886000000107, 5.278329], [24.721382, 5.274159000000168], [24.718047000000183, 5.270832], [24.71472100000011, 5.267495000000167], [24.709998000000155, 5.265268000000106], [24.706111, 5.262493], [24.701112000000137, 5.260824000000127], [24.69555200000019, 5.259163], [24.691940000000102, 5.259157], [24.68721900000014, 5.261104], [24.682218, 5.263324], [24.67694200000011, 5.264441], [24.670833, 5.265268000000106], [24.664435, 5.265823], [24.65944, 5.264439], [24.65304700000013, 5.263602000000105], [24.646938, 5.264438], [24.641385000000128, 5.265551], [24.63499600000017, 5.265553], [24.630824000000132, 5.262772], [24.626104, 5.260829], [24.621388, 5.261385000000189], [24.618053, 5.264996000000167], [24.614439000000118, 5.268327000000113], [24.611109000000113, 5.271662000000163], [24.606942000000117, 5.274439], [24.603050000000167, 5.271386], [24.603049, 5.264998000000162], [24.602492000000154, 5.258887], [24.599437, 5.254714000000149], [24.596387, 5.251380000000154], [24.591387, 5.249165], [24.586943, 5.247217000000148], [24.584716000000185, 5.242496000000131], [24.584439, 5.237772], [24.586942000000192, 5.233888], [24.587218, 5.226942000000179], [24.584992000000113, 5.222221000000161], [24.582499, 5.218048], [24.578331, 5.215552000000116], [24.574721000000125, 5.212217], [24.57222300000018, 5.207776000000138], [24.57055400000013, 5.202769000000103], [24.571662000000117, 5.196658000000184], [24.57222300000018, 5.190270000000112], [24.573607, 5.185270000000116], [24.573051000000135, 5.179158000000143], [24.568889000000183, 5.176384], [24.564993, 5.17888], [24.563333, 5.184437000000116], [24.56083, 5.188330000000178], [24.557214, 5.191660000000184], [24.553327, 5.194164], [24.547217000000103, 5.194998000000169], [24.543325000000152, 5.192496], [24.54110900000012, 5.187774], [24.539159, 5.183048], [24.536934000000144, 5.178325000000143], [24.53527000000014, 5.173603], [24.53860600000013, 5.169992], [24.543329, 5.168047], [24.545829, 5.163886], [24.54416500000019, 5.159164000000146], [24.539992, 5.158050000000173], [24.53444, 5.156385], [24.53249600000015, 5.151944000000128], [24.53444500000012, 5.147221000000172], [24.53527000000014, 5.141105], [24.537219000000107, 5.136382], [24.542213000000118, 5.13416500000011], [24.547774000000175, 5.13583], [24.553602000000126, 5.136384], [24.557497000000126, 5.133880000000147], [24.560549, 5.129721000000131], [24.559719000000143, 5.123603000000173], [24.557771, 5.118886000000145], [24.55443700000012, 5.115546], [24.550551, 5.112775], [24.546385, 5.110268000000133], [24.542777, 5.106387], [24.536935, 5.106109000000117], [24.531381, 5.1072190000001], [24.528049, 5.110552], [24.524712, 5.11416300000019], [24.520549000000187, 5.11666200000019], [24.516937, 5.120276], [24.513609, 5.123325], [24.508054000000186, 5.124996000000124], [24.502217, 5.123879000000102], [24.49805, 5.121380000000102], [24.496387, 5.116658], [24.49332600000014, 5.112491], [24.485684, 5.099406], [24.483957767000106, 5.099260381000022], [24.488475586000106, 5.097822921999978], [24.495412822000162, 5.095615575000068], [24.502350010000043, 5.093408153000041], [24.506909322000126, 5.089162428000179], [24.511468574000048, 5.084916670000098], [24.517740497000034, 5.083682547000024], [24.528567399000053, 5.081552072000022], [24.533122388000095, 5.08065574800014], [24.538081483000155, 5.077638627000169], [24.54304053200002, 5.0746214670001], [24.546029720000092, 5.06761766000011], [24.54901884400016, 5.060613837000176], [24.54990400100013, 5.05265836500007], [24.55784808300018, 5.042955360000065], [24.565003633000174, 5.036872386000027], [24.57461249, 5.031381610999972], [24.581813160000024, 5.031603481000047], [24.588960639000106, 5.031603559000075], [24.596108118000075, 5.031603559000075], [24.603255597000043, 5.031603481000047], [24.609982721999984, 5.0273991520001], [24.616709761000152, 5.023194752000052], [24.62343671400015, 5.018990283000051], [24.62469804600005, 5.012683685000127], [24.625959354000145, 5.006377084000121], [24.62680025300017, 4.998809168000093], [24.62764113300011, 4.991241249000041], [24.62848199400014, 4.98367332700019], [24.631579284000054, 4.97647385800002], [24.636726883000108, 4.976817052000172], [24.641874487000052, 4.977160205000075], [24.648280396000075, 4.976931485000136], [24.65468630100014, 4.976702703000058], [24.661092201000088, 4.97647385800002], [24.666926204000106, 4.970296761999975], [24.672760099000072, 4.96411961400014], [24.67262818800009, 4.949617691000071], [24.670978265000088, 4.94520075700018], [24.66932836400008, 4.940783819000103], [24.66962603600018, 4.936135455000112], [24.66726932300014, 4.932547656000168], [24.662252272000103, 4.93072802800009], [24.658811182000136, 4.926303770000118], [24.658565390000035, 4.92163371900017], [24.663151242000026, 4.916075330000069], [24.672073752000017, 4.910584554000138], [24.67724559200002, 4.908360944000037], [24.68166109100008, 4.908921527000132], [24.685848317000136, 4.910818865000067], [24.68978099200018, 4.912293618000149], [24.695680003, 4.911556240999971], [24.69659624100018, 4.911681183000042], [24.701087430000086, 4.912293618000149], [24.709213497000178, 4.911803936000126], [24.714360206000094, 4.912539410000079], [24.718538671999966, 4.910081489000163], [24.722185032000084, 4.905786111000054], [24.719767633000174, 4.903445101000159], [24.719767633000174, 4.899020842000084], [24.722471346000134, 4.894842376000042], [24.729845111000145, 4.894350791000136], [24.734269356000027, 4.89644003899997], [24.738693628000135, 4.89852925800011], [24.74347594500017, 4.89837980100009], [24.748258259000067, 4.898230310000088], [24.75098323500015, 4.896808713000098], [24.753195364000078, 4.897791881000103], [24.75368694800011, 4.901478764000103], [24.75480179800013, 4.904090324000151], [24.756882246000146, 4.908115151], [24.760569128000043, 4.910573072999966], [24.76376442600008, 4.910818865000067], [24.766959724000174, 4.911064657000168], [24.76892606100006, 4.908115151], [24.767988133000074, 4.904480015000161], [24.766222347000166, 4.901478764000103], [24.76425601000011, 4.897791881000103], [24.767697100000078, 4.894596584000169], [24.77138398200009, 4.893613415000061], [24.775316657000133, 4.894104999000035], [24.781461460000116, 4.896071336000148], [24.783427797000172, 4.897791881000103], [24.784656758000153, 4.902707724000152], [24.785762815000112, 4.907131984000102], [24.78686888700014, 4.911556240999971], [24.78909496300014, 4.914389447000076], [24.792276314000162, 4.91622629200009], [24.794980028000055, 4.919913174000158], [24.796208989000036, 4.924583225000106], [24.798912702, 4.926303770000118], [24.804811714000152, 4.926795354000092], [24.81243127000016, 4.929007483000078], [24.82005082600017, 4.927778523000029], [24.828407759000186, 4.927778523000029], [24.83406097800014, 4.926795354000092], [24.839714197999967, 4.926549562], [24.846842170000173, 4.923354264000125], [24.85028326000014, 4.925566393000111], [24.863087484000175, 4.938265813000157], [24.861343906000116, 4.943263428000023], [24.858885985000086, 4.946950310000091], [24.85913177700013, 4.950637192000158], [24.862327075000053, 4.953832490000025], [24.86584204000019, 4.955061534000095], [24.86945504700003, 4.954569866000099], [24.87240455200009, 4.949162439000077], [24.87879514800005, 4.950637192000158], [24.884202575000074, 4.951374568000062], [24.889610002000154, 4.951620360000106], [24.894771637000076, 4.950145607000081], [24.90282701000018, 4.951788553000085], [24.907061244000033, 4.951866152000036], [24.910502334, 4.951374568000062], [24.91443500800017, 4.954324074], [24.917384514000105, 4.96194363], [24.919105059000117, 4.967596849000131], [24.919105059000117, 4.971283732000131], [24.920088228, 4.974970613999972], [24.92475827800007, 4.976936951000084], [24.92942832900019, 4.978657496000039], [24.937193551000178, 4.98096131900013], [24.942701105000083, 4.984064923000062], [24.946387987000094, 4.985785468000074], [24.955728088000114, 4.987506013000029], [24.959906499000056, 4.987490717000014], [24.964576605000104, 4.986768636000079], [24.97103779000014, 4.983465630000126], [24.9780951730001, 4.980869625000025], [24.989155819000075, 4.973741653], [24.99087636400003, 4.971283732000131], [24.991367949000107, 4.968580018000068], [24.995054831000175, 4.959731501000078], [24.99751275200009, 4.957519372000093], [25.002674387000013, 4.957273580000162], [25.00660706100018, 4.959239917000048], [25.010293943000022, 4.960714670000129], [25.015947163000078, 4.960468877000153], [25.020863005000024, 4.958994125000174], [25.025778848000073, 4.956044619000181], [25.032586294000055, 4.951901416000112], [25.03413578100009, 4.947933478000095], [25.037331079000126, 4.946950310000091], [25.042492714000105, 4.943509220000124], [25.044694746, 4.941531640000107], [25.04568801200014, 4.938347584999974], [25.046179596000115, 4.934906495], [25.046671180000146, 4.93146540500004], [25.049620686000083, 4.929990652000185], [25.052815984000176, 4.929990652000185], [25.057240242000148, 4.929007483000078], [25.060681332000115, 4.927286938000123], [25.062376019000055, 4.925652614000057], [25.065105591000133, 4.928761690999977], [25.065351383000063, 4.932448573000045], [25.06714517500012, 4.937183985000161], [25.070021434000182, 4.940068130000157], [25.071987771000067, 4.943755012000054], [25.073061707000136, 4.946468816000049], [25.07346252400015, 4.949899815000151], [25.07247935500004, 4.955061450000073], [25.07346252400015, 4.958010956000066], [25.07739519800009, 4.962189422000108], [25.080098911000107, 4.962681007000015], [25.08231104100014, 4.965630512000075], [25.084883106000063, 4.972561546000179], [25.085506339, 4.976936951000084], [25.085997923000036, 4.980132249000121], [25.0889767270001, 4.980229935000011], [25.093371687000115, 4.979394872000114], [25.09582960800003, 4.978411704000166], [25.10307088000019, 4.981851081000059], [25.107136046999983, 4.984556507000093], [25.116230356000074, 4.988980766000111], [25.118934069999966, 4.987014429000055], [25.122375160000104, 4.987260221000156], [25.12507887300012, 4.990209726000046], [25.12434149699999, 4.999058244000139], [25.12434149699999, 5.003236710000181], [25.12489267700016, 5.00573569900007], [25.12335832800011, 5.008889929000134], [25.120408823000048, 5.010364681999988], [25.121146199000123, 5.012576810999974], [25.123376784000016, 5.013747388000127], [25.12606204200017, 5.014051564000056], [25.128028379000057, 5.012822603000075], [25.13122367700015, 5.013805772000183], [25.13386557600012, 5.016338737000012], [25.138105857000085, 5.017492654000023], [25.14130115500012, 5.017001070000049], [25.144496452000112, 5.01823003100003], [25.146216997000067, 5.021916913000098], [25.147418330999983, 5.025211898000123], [25.146708582000144, 5.028799093000032], [25.149903879000135, 5.030273845000181], [25.153099177000172, 5.030519637999987], [25.159735565, 5.024374834000128], [25.161947694, 5.021179536000091], [25.161210318000087, 5.01823003100003], [25.160718734000113, 5.015526317000138], [25.162193486000092, 5.010610474000089], [25.16415982400008, 5.007169384000122], [25.167846706000148, 5.002499333000173], [25.170796211000038, 5.001516165], [25.174237301000176, 5.002007749000029], [25.178907352000124, 5.002499333000173], [25.184068987000046, 5.000778789000094], [25.188739038, 4.999549828000113], [25.19144275100018, 4.999058244000139], [25.19119695900008, 5.001761957000099], [25.190705375000107, 5.005203047000066], [25.19144275100018, 5.007660968000152], [25.199553892000097, 5.015034733000164], [25.20545290300015, 5.015772109000068], [25.20987716200017, 5.014788941000063], [25.21651357100012, 5.012699741000063], [25.22314993700013, 5.010610474000089], [25.225607859000093, 5.012331019000101], [25.22954053300009, 5.013314188000152], [25.23445637600014, 5.013314188000152], [25.23863484200018, 5.015526317000138], [25.240846972000043, 5.018721615], [25.245394095000165, 5.023268786000131], [25.249941281000133, 5.027815924000095], [25.253628086000106, 5.027816499000096], [25.257315045000098, 5.025358003000065], [25.261985096000046, 5.024866418000158], [25.26714673099997, 5.025112210000032], [25.272799950000092, 5.026832755000044], [25.277898486000083, 5.027536010000063], [25.284443523999983, 5.027798896000149], [25.290988568000103, 5.028061716000025], [25.2965188820001, 5.029167804000053], [25.30204921500018, 5.030273845000181], [25.30942297900009, 5.031502806000162], [25.31360144500013, 5.031257014000062], [25.31753412, 5.034943896000129], [25.320483625000065, 5.03887657000007], [25.32269575400005, 5.041580284000133], [25.326628429000095, 5.043055037000045], [25.32613684400002, 5.046250335000138], [25.324170507000133, 5.049445632000072], [25.322204170000077, 5.053624099000046], [25.321221002000073, 5.058294149000062], [25.321466794000173, 5.064684745000022], [25.320483625000065, 5.069846380000172], [25.319689582000024, 5.075526040000057], [25.322204170000077, 5.080907026000148], [25.32466209200004, 5.083856532000084], [25.334739569000135, 5.097129308000149], [25.337689075000128, 5.10130777400002], [25.33910502000009, 5.105108144000042], [25.34309650200015, 5.108927331000132], [25.343588086000125, 5.111876836000022], [25.343606095000098, 5.124412210000173], [25.34186754100017, 5.129082286000028], [25.342085675000078, 5.132279471000174], [25.345062839000036, 5.14358402199997], [25.346783384, 5.149237242000027], [25.348258137000073, 5.151940955000157], [25.3477665530001, 5.154153084000143], [25.34186754100017, 5.153415708000068], [25.335476946000142, 5.150711994000176], [25.33228164800005, 5.149974618000101], [25.327365805, 5.149237242000027], [25.32515367600007, 5.151449371000183], [25.32466209200004, 5.154644669000049], [25.322204170000077, 5.15759417400011], [25.31605936700015, 5.162510017000159], [25.313349260000166, 5.171848263000072], [25.31384723700006, 5.175537001000123], [25.310856028000103, 5.180439222000075], [25.309177187000046, 5.183893933000036], [25.30819401800011, 5.18782660800008], [25.307948226, 5.192005074000122], [25.312864069000057, 5.194462996000141], [25.315321990000143, 5.198149877999981], [25.31753412, 5.201099383000042], [25.320714168000052, 5.202626235000082], [25.32515367600007, 5.205523642000117], [25.32884055800008, 5.207981562999976], [25.328594766000037, 5.213143198000125], [25.329577933999985, 5.2173216650001], [25.331544271999974, 5.22100854700011], [25.330797147000055, 5.228381323000178], [25.331544271999974, 5.235756075000154], [25.332292460000076, 5.238822872000185], [25.330561103000093, 5.241163502], [25.33282934900018, 5.248435198000038], [25.33509764700011, 5.255706884000062], [25.334739569000135, 5.259843705000094], [25.335476946000142, 5.263039003000188], [25.33867224400018, 5.266725885000028], [25.341743889000043, 5.269158682000182], [25.344571255000062, 5.273362273000089], [25.345062839000036, 5.27729494700003], [25.349487098000054, 5.282702374000053], [25.353419772000052, 5.284422919000065], [25.357352446, 5.284668711000165], [25.35931878300005, 5.281719206000105], [25.36079353600013, 5.279998661000093], [25.363743042000124, 5.279261284000086], [25.36546358700008, 5.282702374000053], [25.369425788000115, 5.287076729000091], [25.3748036880001, 5.289584553999987], [25.376770024999985, 5.291796682999973], [25.3748036880001, 5.299170447999984], [25.374066312000025, 5.301874161000171], [25.37160839100011, 5.304086290000157], [25.367921508000165, 5.305069459000038], [25.364234626000098, 5.305069459000038], [25.362022497000112, 5.300890993000166], [25.35931878300005, 5.298187279000103], [25.35710665400012, 5.300153616000159], [25.356130896000025, 5.303842459000123], [25.355877694000185, 5.308756341000105], [25.359564576000082, 5.314163768000128], [25.362646991000133, 5.315048593000085], [25.366200962999983, 5.315146937], [25.370133638000084, 5.313917976000027], [25.375049481000076, 5.314409560000058], [25.379473739000048, 5.316375897000114], [25.38414379, 5.316375897000114], [25.38779653800009, 5.317923085000018], [25.38813447200016, 5.32400588600018], [25.3910259700001, 5.326699167000186], [25.392254930000036, 5.332106594000038], [25.392009138000105, 5.334564516], [25.39028859300015, 5.336530853000113], [25.388076464000164, 5.335547684000176], [25.386847503000183, 5.338497190000169], [25.39028859300015, 5.339234567000176], [25.394046098000103, 5.337685306000139], [25.39889131800004, 5.334318724000127], [25.39912328400004, 5.331813996000164], [25.397170773000084, 5.327682336000066], [25.39618760500008, 5.324241246000099], [25.39938290200007, 5.31932540300005], [25.40134924, 5.313672184000154], [25.404544537000163, 5.310231094000187], [25.40773983500003, 5.309739510000156], [25.421258403000024, 5.310968470000091], [25.423716324000054, 5.312197431000072], [25.42347053200018, 5.315884313000083], [25.421012611000094, 5.31932540300005], [25.418306349000034, 5.322819965], [25.423962117000087, 5.32547020700008], [25.428632167000103, 5.328665504000071], [25.43231904900017, 5.331369218000134], [25.431581673000096, 5.334318724000127], [25.430352712000115, 5.337022437000087], [25.43453117900009, 5.341692488000035], [25.4371538420001, 5.342153538000161], [25.4382180610001, 5.338988774000143], [25.439938606000112, 5.336776644999986], [25.44239652699997, 5.337759814000094], [25.444608656000128, 5.33972615100015], [25.445591825000065, 5.343904617000021], [25.447066578000147, 5.345133578000173], [25.452965589000144, 5.344150409000122], [25.457881432000192, 5.343167241000117], [25.459601976999977, 5.340463527000054], [25.461747261000028, 5.342263731000116], [25.4652551960001, 5.344396201], [25.4691878700001, 5.344150409000122], [25.472628960000065, 5.350049421000051], [25.47140000000013, 5.353490511000189], [25.47066262300018, 5.355948432000105], [25.474103713000147, 5.361355859000128], [25.478611567000087, 5.36459191900002], [25.481723270000032, 5.363567988000113], [25.487868073000186, 5.358160561000034], [25.491309163000153, 5.355948432000105], [25.49425866900009, 5.352261550000037], [25.496470798000075, 5.345379370000103], [25.499174511999968, 5.343167241000117], [25.50567463200008, 5.348019824000062], [25.510726742000145, 5.352015758000107], [25.516134169000168, 5.354473679000023], [25.524736894000114, 5.356685809000055], [25.529284051, 5.356440033000183], [25.53383120400008, 5.356194223999978], [25.540467591000038, 5.358652146000168], [25.543662889000075, 5.361601651], [25.54293887900002, 5.36459191900002], [25.539484423000033, 5.368238039000062], [25.53407699600018, 5.373153882000111], [25.529652737000106, 5.377086556000052], [25.52817798400008, 5.383722944000056], [25.52817798400008, 5.387655618000053], [25.52906436100011, 5.391079636000029], [25.531619074000048, 5.392325669000172], [25.53530595600006, 5.391588293000098], [25.538923260000047, 5.389425028000062], [25.54169655200019, 5.384460320000187], [25.54587501800006, 5.380773438000119], [25.549807693000105, 5.379052893000107], [25.554723536000154, 5.378807101000064], [25.559393586, 5.380036062000045], [25.570454233000078, 5.381510815000127], [25.575861660000157, 5.380036062000045], [25.5797943340001, 5.377332348000152], [25.58126908700018, 5.374628634999965], [25.58126908700018, 5.369467], [25.579302750000124, 5.367254871000057], [25.576844828000105, 5.361847444000034], [25.579302750000124, 5.358160561000034], [25.581463753000094, 5.356438511000022], [25.585693345000152, 5.355456848000074], [25.58888864300019, 5.352998926000112], [25.590854980000074, 5.349066252000171], [25.59503344700005, 5.347591499000089], [25.598474537000186, 5.350541005000025], [25.601669834000177, 5.352753134000011], [25.61445102600004, 5.353736303000119], [25.618137908000108, 5.352753134000011], [25.62231637400015, 5.351032589000056], [25.622562166000023, 5.348328876000039], [25.616171571, 5.341938280000136], [25.611747312000148, 5.340709319000155], [25.607323054000176, 5.33972615100015], [25.603390379000132, 5.338742982000042], [25.602898795000158, 5.335301892000075], [25.598474537000186, 5.331860802000108], [25.59527923900015, 5.32841971199997], [25.59429607000004, 5.325224415000037], [25.597491368000078, 5.322766493000017], [25.60560250900005, 5.322274909000043], [25.609535183000162, 5.322766493000017], [25.613467857000103, 5.323503870000025], [25.61633042000011, 5.324140559000057], [25.619612661000133, 5.322766493000017], [25.622175897000147, 5.316433438000161], [25.6230537510001, 5.312443223000116], [25.62354533500013, 5.308756341000105], [25.63141068300007, 5.304086290000157], [25.634851773000037, 5.304332083000133], [25.6375554870001, 5.308756341000105], [25.636906639000017, 5.310751469000138], [25.635343358000114, 5.312689015000046], [25.631902268000147, 5.316867482000021], [25.63141068300007, 5.31932540300005], [25.63280389200014, 5.321587749000059], [25.634360189, 5.323995454000055], [25.634360189, 5.327190752000092], [25.635589149999987, 5.329894465000052], [25.638292863000174, 5.33087763400016], [25.64175140800006, 5.33062509500013], [25.64517504300011, 5.331369218000134], [25.64787875700017, 5.332106594000038], [25.650481615000047, 5.331510427000183], [25.652303015000086, 5.328911297000047], [25.65500672899998, 5.327682336000066], [25.658447819000116, 5.326699167000186], [25.658980304000067, 5.324229684000045], [25.657956235000142, 5.317850650000025], [25.65697306600009, 5.314655352000102], [25.65525252100008, 5.310968470000091], [25.655989898000087, 5.309002132999979], [25.658693611000047, 5.307527380000124], [25.66164311700004, 5.309002132999979], [25.6645926220001, 5.310722678000161], [25.66582158300008, 5.313426392000054], [25.667296336000163, 5.315638521000039], [25.66950846500015, 5.316130105000184], [25.671229010000104, 5.315146937], [25.671229010000104, 5.312443223000116], [25.671474802000034, 5.30949371700018], [25.67223575500003, 5.309195953000028], [25.673147310000047, 5.308839257000045], [25.677128022000034, 5.307281588000023], [25.67983173500005, 5.307035796000093], [25.683027033000087, 5.307773173000101], [25.686468123000054, 5.306544212000119], [25.690155005000122, 5.303594706000126], [25.69359609500009, 5.302119953000044], [25.698524197000154, 5.302366942000162], [25.70244461200008, 5.303103122000152], [25.705639910000116, 5.302365745000145], [25.7078520390001, 5.299662032000185], [25.709572584000114, 5.293763020000029], [25.710309961000064, 5.291059307000069], [25.709081, 5.289092970000183], [25.709572584000114, 5.28614346400002], [25.71102324800006, 5.282113638000055], [25.71276788200015, 5.279507076000186], [25.714734219000036, 5.27729494700003], [25.715717388000144, 5.274591233000137], [25.714478377000034, 5.272515570999985], [25.714980011000137, 5.270412767000096], [25.721633432000033, 5.268478842000036], [25.72554907300014, 5.267463261000103], [25.728990163000105, 5.26820063800011], [25.732677045000116, 5.273116481000159], [25.735134967000135, 5.272133312000108], [25.73646264300004, 5.269588041000077], [25.736118135000083, 5.265988509000124], [25.736118135000083, 5.26230162600018], [25.738330265000172, 5.260335289000125], [25.74054239400016, 5.256648407000057], [25.74078818600009, 5.252715733000116], [25.738821848999976, 5.249520435000022], [25.73808447300007, 5.246570929000086], [25.738821848999976, 5.243375632000095], [25.739805018000084, 5.240426126000102], [25.74324610800005, 5.242146671000114], [25.74594982100018, 5.24411300800017], [25.75061987200013, 5.243867216000069], [25.760697350000157, 5.247308306000036], [25.764065121000158, 5.249720220000142], [25.76757953000009, 5.252469941000186], [25.771020619000126, 5.253698902000167], [25.773478541000088, 5.253944694000097], [25.776182254000105, 5.257139991000031], [25.779623344000072, 5.257631576000108], [25.781835474000104, 5.260581081], [25.78257285, 5.263776379000092], [25.7751990860001, 5.266971677000129], [25.77165233500017, 5.266410426000164], [25.76905428200007, 5.263776379000092], [25.76610477700018, 5.265742716000148], [25.76610477700018, 5.268938014000014], [25.76880849000014, 5.271641728000077], [25.772741164000138, 5.274591233000137], [25.776372118000154, 5.275542162000022], [25.778148592000036, 5.278032323000104], [25.77986913700005, 5.279998661000093], [25.783893621000118, 5.279474155000059], [25.789946614000144, 5.274591233000137], [25.792158744, 5.269183806000115], [25.791421367, 5.265251132000174], [25.790929783000024, 5.26230162600018], [25.792158744, 5.258860536000043], [25.793633495999984, 5.257631576000108], [25.792158744, 5.252961524999989], [25.790683991000094, 5.250749396], [25.78822606900013, 5.248291474000041], [25.782327058000135, 5.246079345000055], [25.780606513000123, 5.24411300800017], [25.781098097000097, 5.240917710000133], [25.784784979000165, 5.239442957000051], [25.78798027700003, 5.239442957000051], [25.790683991000094, 5.240180334000058], [25.79707458600012, 5.244850384000074], [25.803956766000056, 5.250257812000029], [25.80715206400015, 5.251978356999984], [25.81033868500009, 5.252334453000174], [25.814280036000184, 5.251732564000179], [25.81575478900004, 5.250257812000029], [25.814034244000084, 5.247799890000067], [25.810838946, 5.24509617700005], [25.809118401000035, 5.241900879000184], [25.80862681700006, 5.238213997000116], [25.808872609000105, 5.234772906999979], [25.806414688000075, 5.230594440000061], [25.80444835100019, 5.227399141999967], [25.801990429, 5.224203845000034], [25.800024092000115, 5.221745923000014], [25.800024092000115, 5.220025378000059], [25.801744637000127, 5.218550625000148], [25.804694143000063, 5.218304833000047], [25.80813523300003, 5.220025378000059], [25.810593154000117, 5.222974884], [25.812805283000102, 5.223958052], [25.81477162100009, 5.221745923000014], [25.814280036000184, 5.219042210000055], [25.81305107600008, 5.216092704000062], [25.814034244000084, 5.212897406000025], [25.816645285, 5.209449579000136], [25.818683971000098, 5.207225557000129], [25.817966918000025, 5.203557305], [25.818704295000032, 5.200853591000168], [25.821408008, 5.200853591000168], [25.82362013800008, 5.202574136000123], [25.82607805900011, 5.201836760000049], [25.82656964300014, 5.198395670000082], [25.826815435000015, 5.194708788000014], [25.82730702000015, 5.192496658000152], [25.828290188000096, 5.19077611300014], [25.83025652499998, 5.192250866000052], [25.83051980300013, 5.194313741000087], [25.831731278000063, 5.19692091700017], [25.833697615000176, 5.197904086000108], [25.836647121000112, 5.197412500999974], [25.838367666000124, 5.200853591000168], [25.83930881900011, 5.203501193000022], [25.83984241899998, 5.207244187000072], [25.839596627000105, 5.211668445000043], [25.841071380000187, 5.215846912000188], [25.844758262000028, 5.218796418000125], [25.853115195000044, 5.223712260000127], [25.861717919000057, 5.226661766000063], [25.86417584100002, 5.225432805000082], [25.867371139000113, 5.224449637000077], [25.871355418000178, 5.224147912000092], [25.875728071000026, 5.224203845000034], [25.878923369000063, 5.225678597000183], [25.88223391600019, 5.223324097000045], [25.882856044000107, 5.219288002000155], [25.881872875000056, 5.215355327999987], [25.87744861599998, 5.213634783000032], [25.875236487, 5.211668445000043], [25.876465448000033, 5.207981562999976], [25.88457658900012, 5.203803097000105], [25.891063154999983, 5.201881660000026], [25.892441937000058, 5.203311513000131], [25.894162482000183, 5.204540473], [25.894051762000117, 5.201366184], [25.89367089800004, 5.198149877999981], [25.89342510600011, 5.196183541000096], [25.894654065999987, 5.194217203000107], [25.89612881900007, 5.190038737000066], [25.89809515600018, 5.181190220000076], [25.898586741000088, 5.176765961], [25.898340948000055, 5.173816456000111], [25.897369755000113, 5.170348664000073], [25.899569909000036, 5.168900613000119], [25.903010999, 5.170375365999973], [25.908664218000126, 5.174308040000142], [25.913825853000105, 5.180207050999968], [25.913580061000175, 5.183893933000036], [25.912105308000093, 5.186843439000029], [25.907189466000148, 5.191021906000174], [25.904731544000185, 5.192988243000059], [25.903502583000034, 5.195446164000089], [25.90251941500003, 5.198149877999981], [25.90276520700013, 5.204540473], [25.90669788100007, 5.206998394999971], [25.91038476300014, 5.206752603000098], [25.913334269000075, 5.20601522600009], [25.91628955200008, 5.204404299000146], [25.918741696000154, 5.201836760000049], [25.922428578, 5.200853591000168], [25.925869668000132, 5.202574136000123], [25.925869668000132, 5.20601522600009], [25.930164070000046, 5.210710899000048], [25.934226600999978, 5.210439485000165], [25.938159275000146, 5.208964732000084], [25.941813582000066, 5.207168626000112], [25.945299908000038, 5.205665619000058], [25.94872833700009, 5.205032058000086], [25.950694674000033, 5.201836760000049], [25.951923635000185, 5.198641462000182], [25.95511893300005, 5.196183541000096], [25.95811104500018, 5.195906769000089], [25.961509529000182, 5.198149877999981], [25.962984282000093, 5.200853591000168], [25.961509529000182, 5.203065720000097], [25.959051607, 5.204048889000035], [25.95487314100012, 5.206261018000021], [25.95364417999997, 5.207981562999976], [25.955364725000152, 5.208964732000084], [25.957085270000107, 5.210439485000165], [25.95786786500014, 5.212959690000048], [25.956839478000063, 5.216830079999966], [25.95856002300019, 5.221254339000041], [25.961017944000105, 5.223220676000096], [25.96273848900006, 5.22641597400019], [25.963475866000067, 5.232806570000093], [25.967838237000137, 5.237717501000077], [25.971400795000022, 5.24061207900013], [25.973620414000095, 5.242848014000117], [25.973627393000072, 5.246401235000064], [25.975853991000065, 5.247737194000024], [25.980084528000077, 5.247959854000158], [25.982311127, 5.238608141000043], [25.98297910600013, 5.235045582999987], [25.983201766000093, 5.231260366000072], [25.984760385000186, 5.227475149000156], [25.986319004000052, 5.2256938700001], [25.988768262000065, 5.225471209999967], [25.990549541000064, 5.22792046800015], [25.99166284000006, 5.231037706000109], [25.992776139000114, 5.234600263000118], [25.993221458999983, 5.23794016100004], [25.995002737000107, 5.23927612000017], [25.998565295, 5.239053460000036], [26.002350512000135, 5.238608141000043], [26.00479977000009, 5.23660420200008], [26.007917008000106, 5.229701747000149], [26.008139668000013, 5.22658450900019], [26.007249028000047, 5.223244612000144], [26.00479977000009, 5.221685993000051], [26.00435445, 5.218123436000042], [26.003909131, 5.214115559], [26.00613572900005, 5.211888960000067], [26.008624471000076, 5.21062304700007], [26.01348350400002, 5.20988502199998], [26.016600741000104, 5.210998321000034], [26.018604680000124, 5.211666300000104], [26.02328053600013, 5.212334280000164], [26.026118932000145, 5.212733613000069], [26.02929235200014, 5.211220981000167], [26.032409590000157, 5.20988502199998], [26.034858848000113, 5.208994382000014], [26.036640126000066, 5.209439702000111], [26.037976085000025, 5.211888960000067], [26.03863757700003, 5.214494858000023], [26.04153864300008, 5.217010137000045], [26.04287460200004, 5.220350034000091], [26.043987901000037, 5.224135251], [26.045991839000123, 5.225916530000063], [26.048441098000183, 5.225916530000063], [26.049777057000142, 5.223021952000181], [26.049554397, 5.219236735000095], [26.048886417000176, 5.21478353800012], [26.047327798000083, 5.211220981000167], [26.046214499000087, 5.20988502199998], [26.0504450360001, 5.206322464000095], [26.054254366000123, 5.203050188000077], [26.056679512000073, 5.200087989000053], [26.057570151000107, 5.196302772000081], [26.06046472899999, 5.194744153000045], [26.062023348000082, 5.198306710000168], [26.06255152900019, 5.201922218], [26.063038558000073, 5.205256023000061], [26.06536324500013, 5.207213104000061], [26.066699204000088, 5.209439702000111], [26.066428215000144, 5.211178754000116], [26.065140585000165, 5.213670239000123], [26.063804626000035, 5.215674178000086], [26.065140585000165, 5.218791415000169], [26.0709297410001, 5.220127374000128], [26.074269639000192, 5.220795354000188], [26.07716421599997, 5.221240673000125], [26.08184007300008, 5.219459395], [26.084066671000073, 5.217455456000039], [26.086738589, 5.214560877999986], [26.088297208000085, 5.211443641000074], [26.08985582700018, 5.209439702000111], [26.09275040500006, 5.211888960000067], [26.093641044000094, 5.214560877999986], [26.093641044000094, 5.218123436000042], [26.093641044000094, 5.223467272000107], [26.094531683000184, 5.226807169000097], [26.096312962000013, 5.231928345000028], [26.096312962000013, 5.234600263000118], [26.094347326000104, 5.236641093], [26.0914144460001, 5.236826862000044], [26.089187847000176, 5.238385481000137], [26.08718390900009, 5.2399441], [26.087406569000052, 5.243729317000145], [26.090523806000135, 5.245510595000098], [26.100442249000025, 5.247289174000059], [26.10366073700004, 5.246623895000027], [26.10432871600011, 5.243951977000108], [26.10499669600017, 5.240834739000093], [26.106777974000124, 5.23794016100004], [26.108781913000087, 5.235936223000124], [26.11434840900006, 5.237717501000077], [26.11568436800019, 5.239498780000133], [26.115016388000186, 5.242170698000052], [26.114793728000052, 5.246178575000101], [26.117020327000148, 5.246401235000064], [26.120582884000157, 5.246401235000064], [26.123477461999983, 5.247514534000061], [26.125870325, 5.250455005000106], [26.126149380000072, 5.25374900900016], [26.128375978000122, 5.255530287999989], [26.13104789600004, 5.256420927000079], [26.132829175000097, 5.257534226000075], [26.130602577000047, 5.261319444000094], [26.129043958000125, 5.263991362000183], [26.12815331900009, 5.267331259000059], [26.132829175000097, 5.268444558000056], [26.135278433000053, 5.267553918999965], [26.139299947000097, 5.266031316000067], [26.141290249000065, 5.262878063000187], [26.14329418700015, 5.260651464000091], [26.146634085000073, 5.259983485000134], [26.15215636300013, 5.261163691999968], [26.157544417000054, 5.261987423000051], [26.159993675000067, 5.260206145000097], [26.160902819000114, 5.258387856000184], [26.161329634000026, 5.257534226000075], [26.160216334999973, 5.254862308000156], [26.15912197700004, 5.254716394000184], [26.15687643700005, 5.254416989000163]]]}}]}